Person_ID,State,Age,Gender,Education,Occupation,Employment_Status,Annual_Income_INR,Monthly_Income_INR,Household_Size,Urban_Rural,Internet_Access,Bank_Account,Health_Insurance
1,Maharashtra,31,Female,Graduate,Student,Employed,458272,38189,5,Rural,Yes,No,Yes
2,Tamil Nadu,31,Male,Postgraduate,Healthcare,Employed,607286,50607,7,Urban,Yes,Yes,No
3,Uttar Pradesh,52,Female,Graduate,Government,Unemployed,60000,5000,6,Urban,Yes,Yes,No
4,Uttar Pradesh,34,Male,Secondary,Private,Unemployed,872160,72680,5,Urban,No,No,Yes
5,West Bengal,40,Female,Postgraduate,Healthcare,Student,425842,35486,3,Rural,No,Yes,No
6,Uttar Pradesh,34,Female,Postgraduate,Teacher,Unemployed,950900,79241,2,Urban,No,Yes,Yes
7,Tamil Nadu,74,Male,Higher Secondary,Teacher,Employed,312819,26068,7,Urban,Yes,Yes,No
8,Delhi,47,Male,Secondary,Private,Self-employed,164579,13714,4,Urban,No,No,No
9,Maharashtra,51,Male,Primary,Private,Employed,790537,65878,7,Rural,No,Yes,Yes
10,West Bengal,65,Female,Primary,Farmer,Self-employed,361827,30152,7,Urban,Yes,Yes,Yes
11,Haryana,22,Female,Secondary,Farmer,Unemployed,732335,61027,6,Urban,No,No,Yes
12,West Bengal,33,Female,Postgraduate,Farmer,Employed,524877,43739,8,Rural,No,No,Yes
13,Haryana,37,Female,Primary,Student,Self-employed,811484,67623,2,Urban,Yes,Yes,Yes
14,Delhi,47,Female,Higher Secondary,Business,Self-employed,390168,32514,6,Rural,Yes,No,Yes
15,Rajasthan,19,Male,Secondary,Labour,Unemployed,133716,11143,8,Urban,No,Yes,Yes
16,Uttar Pradesh,66,Female,Graduate,Farmer,Unemployed,644682,53723,5,Urban,Yes,Yes,No
17,Karnataka,73,Female,Graduate,Healthcare,Self-employed,404926,33743,5,Urban,Yes,No,No
18,Punjab,27,Female,Higher Secondary,Engineer,Self-employed,757747,63145,8,Rural,No,Yes,No
19,Delhi,27,Male,Postgraduate,Government,Self-employed,468523,39043,3,Urban,No,No,No
20,Delhi,43,Female,Postgraduate,Healthcare,Student,921574,76797,8,Rural,No,No,No
21,West Bengal,56,Male,Postgraduate,Farmer,Unemployed,135839,11319,6,Rural,Yes,Yes,Yes
22,Rajasthan,66,Male,Higher Secondary,Business,Student,314013,26167,1,Rural,Yes,No,Yes
23,West Bengal,18,Male,Higher Secondary,Unemployed,Self-employed,71733,5977,5,Rural,Yes,Yes,Yes
24,Gujarat,62,Female,Postgraduate,Farmer,Self-employed,621076,51756,8,Rural,No,No,No
25,Rajasthan,72,Female,Graduate,Labour,Self-employed,635833,52986,7,Urban,Yes,Yes,Yes
26,Uttar Pradesh,25,Male,Secondary,Farmer,Unemployed,301223,25101,5,Urban,Yes,Yes,No
27,West Bengal,66,Male,Secondary,Student,Self-employed,395631,32969,6,Rural,Yes,No,No
28,Delhi,40,Female,Primary,Unemployed,Student,247380,20615,2,Urban,Yes,Yes,Yes
29,Tamil Nadu,68,Male,Higher Secondary,Government,Employed,254835,21236,5,Urban,Yes,Yes,No
30,Maharashtra,74,Male,Primary,Student,Employed,304793,25399,6,Rural,Yes,Yes,Yes
31,Maharashtra,50,Female,Secondary,Student,Employed,719070,59922,2,Urban,Yes,No,No
32,West Bengal,28,Female,Graduate,Engineer,Unemployed,542298,45191,4,Rural,No,Yes,Yes
33,West Bengal,39,Male,Secondary,Farmer,Self-employed,271278,22606,2,Rural,Yes,No,Yes
34,Punjab,49,Female,Graduate,Unemployed,Employed,60000,5000,3,Rural,Yes,No,No
35,Gujarat,70,Male,Primary,Business,Self-employed,442135,36844,4,Urban,No,Yes,No
36,Punjab,31,Female,Postgraduate,Teacher,Unemployed,362367,30197,1,Urban,Yes,Yes,Yes
37,Haryana,73,Male,Graduate,Business,Student,694591,57882,6,Rural,No,Yes,Yes
38,Haryana,38,Female,Primary,Labour,Student,289010,24084,5,Rural,No,Yes,Yes
39,Delhi,34,Male,Postgraduate,Healthcare,Student,237372,19781,7,Rural,Yes,No,Yes
40,Tamil Nadu,77,Male,Higher Secondary,Private,Student,1013321,84443,8,Urban,No,Yes,Yes
41,Haryana,50,Male,Secondary,Engineer,Self-employed,500235,41686,2,Rural,No,No,No
42,Gujarat,60,Male,Graduate,Student,Employed,523995,43666,2,Rural,No,No,No
43,Karnataka,65,Female,Graduate,Healthcare,Self-employed,723376,60281,1,Urban,No,Yes,Yes
44,Delhi,79,Male,Postgraduate,Business,Employed,360536,30044,8,Urban,No,Yes,Yes
45,Punjab,21,Male,Higher Secondary,Teacher,Employed,397135,33094,4,Urban,Yes,Yes,No
46,Maharashtra,23,Male,Primary,Farmer,Student,858450,71537,3,Rural,No,No,No
47,Tamil Nadu,57,Female,Graduate,Engineer,Student,307187,25598,6,Urban,Yes,No,Yes
48,Rajasthan,25,Male,Postgraduate,Engineer,Employed,386876,32239,5,Urban,Yes,Yes,Yes
49,Gujarat,74,Female,Secondary,Teacher,Self-employed,526846,43903,7,Rural,No,Yes,Yes
50,Delhi,69,Male,Postgraduate,Healthcare,Self-employed,437905,36492,4,Urban,Yes,No,Yes
51,Maharashtra,39,Female,Higher Secondary,Labour,Unemployed,653736,54478,1,Rural,Yes,Yes,No
52,Uttar Pradesh,46,Male,Secondary,Private,Unemployed,475881,39656,1,Rural,No,Yes,Yes
53,Tamil Nadu,24,Male,Graduate,Government,Self-employed,783666,65305,4,Rural,No,Yes,Yes
54,West Bengal,65,Male,Graduate,Government,Unemployed,411958,34329,1,Rural,No,Yes,No
55,Maharashtra,50,Male,Higher Secondary,Farmer,Unemployed,98324,8193,6,Urban,Yes,Yes,Yes
56,Haryana,40,Female,Primary,Student,Employed,821657,68471,4,Urban,Yes,No,Yes
57,Delhi,47,Female,Graduate,Student,Employed,995094,82924,4,Urban,No,No,No
58,Delhi,24,Male,Secondary,Engineer,Unemployed,718250,59854,2,Rural,No,No,Yes
59,Maharashtra,21,Male,Postgraduate,Government,Unemployed,668560,55713,8,Rural,Yes,No,Yes
60,Punjab,42,Female,Secondary,Healthcare,Self-employed,598459,49871,4,Urban,Yes,Yes,Yes
61,Karnataka,75,Female,Secondary,Student,Unemployed,419448,34954,2,Rural,Yes,No,No
62,Karnataka,67,Female,Postgraduate,Business,Self-employed,524287,43690,1,Rural,Yes,Yes,Yes
63,Tamil Nadu,31,Female,Secondary,Government,Unemployed,365325,30443,2,Urban,Yes,No,No
64,Maharashtra,71,Female,Higher Secondary,Government,Employed,273534,22794,1,Urban,Yes,No,No
65,Delhi,35,Male,Secondary,Farmer,Unemployed,272522,22710,3,Rural,No,Yes,No
66,Punjab,57,Female,Primary,Private,Employed,483644,40303,2,Urban,No,Yes,Yes
67,Delhi,49,Male,Higher Secondary,Unemployed,Student,687536,57294,8,Rural,No,Yes,Yes
68,Karnataka,28,Male,Graduate,Unemployed,Unemployed,415056,34588,3,Rural,Yes,Yes,Yes
69,Tamil Nadu,21,Male,Graduate,Healthcare,Self-employed,303208,25267,1,Rural,Yes,Yes,Yes
70,Delhi,25,Male,Higher Secondary,Private,Student,711427,59285,3,Rural,Yes,Yes,No
71,Uttar Pradesh,50,Female,Postgraduate,Farmer,Employed,484077,40339,2,Urban,Yes,Yes,No
72,Rajasthan,56,Female,Graduate,Labour,Student,428910,35742,4,Urban,Yes,No,Yes
73,Uttar Pradesh,66,Male,Postgraduate,Teacher,Student,883534,73627,2,Rural,Yes,Yes,No
74,Maharashtra,65,Male,Postgraduate,Healthcare,Employed,561787,46815,6,Rural,Yes,No,No
75,Tamil Nadu,27,Male,Secondary,Student,Self-employed,114369,9530,1,Rural,Yes,No,No
76,Uttar Pradesh,77,Male,Higher Secondary,Labour,Student,470423,39201,4,Urban,Yes,No,No
77,Karnataka,44,Female,Postgraduate,Business,Unemployed,292681,24390,4,Rural,No,Yes,Yes
78,West Bengal,27,Female,Secondary,Labour,Self-employed,441152,36762,3,Urban,Yes,Yes,Yes
79,West Bengal,72,Male,Graduate,Student,Student,786442,65536,2,Rural,Yes,No,Yes
80,Delhi,77,Male,Primary,Government,Employed,497754,41479,2,Urban,No,Yes,No
81,Haryana,41,Female,Postgraduate,Unemployed,Unemployed,903981,75331,4,Rural,No,No,Yes
82,Gujarat,25,Male,Postgraduate,Student,Unemployed,551377,45948,7,Rural,No,Yes,No
83,West Bengal,53,Female,Graduate,Healthcare,Unemployed,372346,31028,3,Rural,No,Yes,Yes
84,Gujarat,51,Male,Postgraduate,Government,Self-employed,480307,40025,8,Rural,Yes,Yes,Yes
85,Haryana,22,Female,Secondary,Labour,Unemployed,648407,54033,8,Urban,Yes,No,Yes
86,West Bengal,58,Female,Secondary,Labour,Unemployed,359747,29978,1,Urban,Yes,Yes,No
87,Rajasthan,45,Male,Graduate,Government,Unemployed,470538,39211,8,Urban,No,No,Yes
88,Uttar Pradesh,62,Female,Primary,Private,Self-employed,500111,41675,1,Urban,No,No,No
89,Gujarat,41,Female,Higher Secondary,Farmer,Self-employed,446368,37197,1,Urban,No,No,Yes
90,Uttar Pradesh,43,Male,Postgraduate,Teacher,Unemployed,830633,69219,5,Urban,No,Yes,Yes
91,West Bengal,29,Female,Higher Secondary,Business,Unemployed,294328,24527,4,Rural,Yes,No,Yes
92,Karnataka,30,Male,Postgraduate,Teacher,Self-employed,462707,38558,2,Urban,Yes,No,Yes
93,Delhi,43,Male,Postgraduate,Teacher,Unemployed,421719,35143,8,Urban,Yes,No,No
94,Maharashtra,30,Female,Graduate,Unemployed,Employed,356387,29698,5,Rural,Yes,No,Yes
95,Punjab,79,Male,Primary,Student,Employed,299210,24934,1,Rural,Yes,Yes,No
96,Karnataka,27,Male,Postgraduate,Farmer,Self-employed,203532,16961,7,Rural,No,Yes,No
97,Delhi,40,Male,Secondary,Farmer,Employed,452889,37740,3,Rural,Yes,Yes,Yes
98,Gujarat,50,Male,Graduate,Student,Student,60000,5000,1,Rural,Yes,No,No
99,Delhi,70,Male,Secondary,Teacher,Self-employed,671947,55995,6,Urban,Yes,No,No
100,Maharashtra,23,Male,Postgraduate,Labour,Self-employed,157493,13124,7,Rural,No,No,No
101,Gujarat,21,Male,Primary,Student,Student,780078,65006,1,Rural,No,No,No
102,Uttar Pradesh,64,Male,Graduate,Healthcare,Student,600285,50023,2,Urban,No,Yes,No
103,Karnataka,33,Female,Higher Secondary,Labour,Employed,521294,43441,6,Rural,Yes,Yes,No
104,Gujarat,44,Female,Higher Secondary,Teacher,Self-employed,678185,56515,6,Rural,No,No,No
105,Tamil Nadu,79,Male,Graduate,Private,Unemployed,361933,30161,6,Urban,Yes,Yes,No
106,Rajasthan,26,Male,Primary,Private,Student,766677,63889,4,Rural,Yes,Yes,No
107,Haryana,38,Female,Secondary,Government,Self-employed,777289,64774,7,Rural,No,Yes,Yes
108,Delhi,44,Male,Postgraduate,Student,Student,320727,26727,6,Urban,Yes,No,No
109,Haryana,24,Female,Graduate,Business,Self-employed,731471,60955,1,Rural,Yes,Yes,Yes
110,Haryana,57,Male,Primary,Healthcare,Unemployed,479158,39929,1,Urban,Yes,No,No
111,Rajasthan,40,Male,Secondary,Private,Student,694527,57877,2,Urban,No,Yes,No
112,Delhi,29,Female,Postgraduate,Unemployed,Employed,540954,45079,1,Urban,No,Yes,No
113,Uttar Pradesh,40,Male,Postgraduate,Teacher,Employed,514586,42882,2,Rural,No,Yes,Yes
114,Rajasthan,65,Male,Primary,Teacher,Student,233363,19446,3,Urban,Yes,No,No
115,Tamil Nadu,51,Female,Postgraduate,Student,Unemployed,746198,62183,3,Rural,Yes,No,No
116,Rajasthan,55,Female,Secondary,Farmer,Employed,538756,44896,3,Urban,Yes,Yes,No
117,Maharashtra,51,Male,Secondary,Government,Unemployed,192167,16013,4,Rural,No,No,Yes
118,Uttar Pradesh,80,Male,Postgraduate,Engineer,Student,461899,38491,7,Rural,Yes,Yes,No
119,Gujarat,51,Male,Higher Secondary,Labour,Self-employed,740905,61742,6,Rural,Yes,No,No
120,Karnataka,46,Male,Secondary,Government,Unemployed,489427,40785,1,Urban,Yes,Yes,Yes
121,Gujarat,59,Female,Graduate,Healthcare,Self-employed,60000,5000,6,Urban,Yes,Yes,Yes
122,Tamil Nadu,45,Female,Higher Secondary,Private,Self-employed,832581,69381,4,Urban,No,Yes,No
123,Delhi,37,Male,Graduate,Healthcare,Self-employed,343975,28664,1,Rural,No,No,Yes
124,Rajasthan,65,Male,Postgraduate,Labour,Student,813568,67797,5,Rural,No,Yes,No
125,Delhi,50,Female,Higher Secondary,Private,Unemployed,368528,30710,3,Rural,No,Yes,Yes
126,Uttar Pradesh,42,Male,Primary,Government,Unemployed,106410,8867,1,Rural,No,Yes,Yes
127,Delhi,27,Female,Primary,Farmer,Employed,265114,22092,3,Rural,Yes,Yes,Yes
128,Maharashtra,43,Female,Postgraduate,Student,Unemployed,650299,54191,5,Rural,Yes,No,Yes
129,Uttar Pradesh,31,Female,Graduate,Healthcare,Employed,118889,9907,1,Urban,No,Yes,Yes
130,Karnataka,38,Female,Higher Secondary,Labour,Self-employed,581629,48469,8,Rural,No,Yes,Yes
131,Punjab,54,Male,Higher Secondary,Student,Unemployed,434956,36246,4,Rural,No,No,Yes
132,Karnataka,48,Female,Postgraduate,Unemployed,Student,60000,5000,6,Urban,Yes,Yes,Yes
133,Maharashtra,40,Male,Graduate,Engineer,Unemployed,361139,30094,7,Urban,No,Yes,Yes
134,Delhi,72,Male,Postgraduate,Private,Student,370207,30850,5,Rural,No,No,Yes
135,Karnataka,66,Female,Primary,Engineer,Self-employed,938061,78171,2,Rural,No,Yes,Yes
136,Gujarat,35,Male,Primary,Unemployed,Employed,382070,31839,3,Rural,No,Yes,Yes
137,Uttar Pradesh,41,Female,Higher Secondary,Labour,Self-employed,348084,29007,1,Rural,Yes,Yes,Yes
138,Tamil Nadu,53,Male,Graduate,Business,Student,60000,5000,1,Rural,No,No,Yes
139,Haryana,79,Male,Higher Secondary,Labour,Student,638089,53174,2,Rural,No,No,No
140,Maharashtra,65,Male,Graduate,Student,Self-employed,648163,54013,4,Urban,Yes,Yes,Yes
141,Uttar Pradesh,51,Male,Higher Secondary,Private,Self-employed,714001,59500,5,Urban,No,Yes,No
142,Haryana,60,Female,Postgraduate,Farmer,Employed,343645,28637,3,Rural,No,Yes,Yes
143,Haryana,34,Female,Postgraduate,Healthcare,Employed,605356,50446,8,Rural,No,Yes,Yes
144,West Bengal,77,Female,Postgraduate,Business,Student,320982,26748,5,Rural,No,No,No
145,Karnataka,52,Female,Higher Secondary,Government,Student,317606,26467,7,Rural,Yes,No,Yes
146,Karnataka,76,Female,Secondary,Private,Employed,406314,33859,5,Urban,Yes,Yes,Yes
147,Gujarat,79,Female,Secondary,Unemployed,Self-employed,60000,5000,3,Rural,Yes,Yes,Yes
148,Tamil Nadu,22,Male,Primary,Labour,Student,278919,23243,5,Rural,Yes,Yes,Yes
149,Karnataka,22,Male,Secondary,Healthcare,Self-employed,409092,34091,3,Rural,No,No,No
150,Haryana,33,Male,Postgraduate,Unemployed,Student,434633,36219,2,Rural,Yes,No,No
151,Haryana,53,Male,Secondary,Engineer,Student,375967,31330,6,Rural,No,No,Yes
152,Tamil Nadu,70,Male,Secondary,Teacher,Student,117921,9826,4,Rural,No,No,No
153,Delhi,51,Female,Secondary,Healthcare,Student,355094,29591,7,Urban,No,Yes,No
154,Uttar Pradesh,70,Male,Postgraduate,Healthcare,Employed,241540,20128,6,Rural,Yes,Yes,No
155,Uttar Pradesh,70,Male,Higher Secondary,Healthcare,Self-employed,463303,38608,3,Urban,Yes,No,No
156,Karnataka,51,Female,Primary,Government,Self-employed,407991,33999,8,Urban,Yes,No,Yes
157,Karnataka,18,Male,Graduate,Farmer,Unemployed,149823,12485,4,Urban,No,Yes,No
158,Karnataka,30,Female,Postgraduate,Student,Self-employed,769390,64115,6,Rural,No,Yes,No
159,Haryana,69,Male,Higher Secondary,Engineer,Student,104527,8710,4,Rural,Yes,No,Yes
160,Tamil Nadu,62,Male,Higher Secondary,Government,Student,635363,52946,1,Urban,Yes,Yes,No
161,Karnataka,40,Female,Primary,Healthcare,Student,512414,42701,6,Rural,Yes,No,No
162,Haryana,77,Male,Postgraduate,Labour,Unemployed,564034,47002,4,Urban,Yes,Yes,Yes
163,Rajasthan,18,Male,Secondary,Private,Employed,464100,38675,4,Rural,Yes,Yes,No
164,Karnataka,38,Male,Postgraduate,Healthcare,Employed,593390,49449,1,Urban,No,No,Yes
165,Haryana,58,Female,Graduate,Unemployed,Employed,654022,54501,1,Rural,Yes,Yes,Yes
166,Gujarat,42,Male,Primary,Private,Self-employed,874639,72886,4,Rural,Yes,No,Yes
167,Tamil Nadu,29,Male,Higher Secondary,Business,Self-employed,726746,60562,5,Rural,No,Yes,No
168,Gujarat,70,Female,Graduate,Engineer,Unemployed,403497,33624,8,Rural,No,No,Yes
169,West Bengal,71,Male,Higher Secondary,Business,Self-employed,733712,61142,3,Urban,No,No,No
170,Tamil Nadu,34,Male,Graduate,Labour,Unemployed,885443,73786,6,Urban,Yes,Yes,Yes
171,Rajasthan,73,Female,Higher Secondary,Unemployed,Self-employed,435216,36268,4,Rural,Yes,No,Yes
172,Delhi,51,Male,Primary,Teacher,Student,398029,33169,4,Urban,No,Yes,Yes
173,Punjab,38,Female,Postgraduate,Private,Student,148113,12342,5,Urban,No,No,No
174,West Bengal,40,Male,Higher Secondary,Healthcare,Employed,127320,10610,2,Urban,No,No,No
175,Karnataka,40,Male,Primary,Unemployed,Employed,679359,56613,8,Urban,Yes,No,Yes
176,West Bengal,68,Male,Secondary,Business,Unemployed,535214,44601,6,Urban,Yes,Yes,No
177,Rajasthan,77,Female,Graduate,Student,Employed,274511,22875,5,Rural,No,No,No
178,Gujarat,44,Male,Higher Secondary,Teacher,Self-employed,469847,39153,1,Urban,No,Yes,No
179,Delhi,78,Male,Higher Secondary,Private,Employed,464577,38714,3,Rural,No,No,No
180,Gujarat,31,Female,Postgraduate,Labour,Unemployed,385065,32088,4,Urban,No,Yes,Yes
181,Punjab,33,Male,Secondary,Private,Unemployed,206463,17205,8,Rural,Yes,No,No
182,Uttar Pradesh,70,Male,Postgraduate,Business,Unemployed,304142,25345,4,Urban,No,No,No
183,Delhi,35,Female,Postgraduate,Engineer,Student,744689,62057,3,Urban,No,Yes,Yes
184,Uttar Pradesh,67,Female,Higher Secondary,Teacher,Self-employed,592684,49390,4,Rural,Yes,No,No
185,Delhi,77,Male,Higher Secondary,Private,Unemployed,751216,62601,4,Urban,No,Yes,Yes
186,Tamil Nadu,39,Female,Postgraduate,Government,Self-employed,509231,42435,1,Rural,No,No,No
187,Punjab,25,Female,Higher Secondary,Business,Unemployed,836683,69723,8,Rural,No,Yes,Yes
188,Rajasthan,28,Male,Postgraduate,Government,Employed,469851,39154,8,Urban,No,Yes,Yes
189,Punjab,31,Female,Primary,Private,Unemployed,781537,65128,3,Rural,Yes,Yes,No
190,Maharashtra,69,Female,Higher Secondary,Private,Student,159602,13300,8,Urban,Yes,Yes,No
191,Maharashtra,75,Female,Graduate,Private,Self-employed,1143484,95290,3,Urban,No,No,No
192,Haryana,64,Female,Higher Secondary,Government,Self-employed,441957,36829,8,Urban,Yes,No,No
193,Haryana,47,Female,Postgraduate,Private,Student,773814,64484,2,Urban,Yes,Yes,No
194,Uttar Pradesh,18,Male,Higher Secondary,Teacher,Unemployed,538984,44915,7,Urban,No,No,No
195,Tamil Nadu,54,Female,Higher Secondary,Labour,Employed,223124,18593,3,Urban,Yes,Yes,No
196,Punjab,27,Male,Graduate,Unemployed,Self-employed,596759,49729,4,Urban,No,No,No
197,Maharashtra,40,Female,Primary,Teacher,Unemployed,450591,37549,1,Urban,Yes,Yes,Yes
198,Tamil Nadu,21,Female,Higher Secondary,Student,Unemployed,762650,63554,8,Rural,No,No,No
199,Uttar Pradesh,44,Male,Postgraduate,Government,Self-employed,61542,5128,1,Urban,Yes,No,No
200,Tamil Nadu,58,Female,Graduate,Teacher,Self-employed,913265,76105,4,Rural,No,Yes,Yes
201,Gujarat,51,Male,Graduate,Teacher,Unemployed,202324,16860,3,Rural,Yes,Yes,No
202,Punjab,39,Male,Postgraduate,Government,Student,156769,13064,5,Rural,Yes,Yes,No
203,Gujarat,23,Male,Primary,Healthcare,Employed,432442,36036,7,Urban,No,No,Yes
204,Uttar Pradesh,63,Male,Postgraduate,Teacher,Student,971113,80926,7,Urban,Yes,Yes,No
205,Uttar Pradesh,30,Male,Graduate,Government,Unemployed,591225,49268,2,Urban,No,Yes,Yes
206,Tamil Nadu,66,Male,Graduate,Business,Student,359392,29949,7,Urban,No,No,No
207,Tamil Nadu,63,Male,Primary,Private,Unemployed,691385,57615,2,Rural,No,No,No
208,Maharashtra,74,Female,Higher Secondary,Student,Unemployed,547132,45594,7,Urban,No,No,Yes
209,Tamil Nadu,69,Male,Postgraduate,Unemployed,Unemployed,524685,43723,2,Urban,Yes,Yes,No
210,Karnataka,31,Male,Postgraduate,Healthcare,Student,865257,72104,8,Urban,No,No,Yes
211,Delhi,75,Female,Higher Secondary,Private,Employed,276350,23029,4,Urban,Yes,Yes,Yes
212,Maharashtra,36,Female,Higher Secondary,Teacher,Unemployed,420040,35003,4,Urban,No,Yes,No
213,Uttar Pradesh,65,Male,Graduate,Labour,Employed,549585,45798,7,Rural,Yes,No,No
214,Tamil Nadu,75,Male,Postgraduate,Private,Employed,171717,14309,5,Rural,Yes,No,Yes
215,Uttar Pradesh,69,Female,Postgraduate,Private,Student,98412,8201,6,Urban,Yes,No,Yes
216,Delhi,33,Male,Graduate,Farmer,Student,163652,13637,8,Rural,Yes,Yes,Yes
217,West Bengal,79,Male,Higher Secondary,Labour,Self-employed,209052,17421,3,Rural,Yes,No,No
218,Punjab,79,Female,Secondary,Engineer,Employed,60000,5000,5,Rural,No,Yes,Yes
219,Haryana,60,Male,Graduate,Government,Student,916749,76395,2,Rural,Yes,Yes,No
220,Uttar Pradesh,79,Female,Graduate,Government,Student,308595,25716,6,Rural,Yes,Yes,Yes
221,Karnataka,22,Male,Postgraduate,Business,Unemployed,130057,10838,7,Urban,Yes,No,No
222,Tamil Nadu,42,Male,Graduate,Student,Self-employed,656831,54735,7,Rural,No,Yes,No
223,Gujarat,77,Female,Postgraduate,Unemployed,Unemployed,313643,26136,3,Urban,Yes,Yes,Yes
224,West Bengal,31,Female,Higher Secondary,Healthcare,Employed,146325,12193,6,Urban,Yes,No,Yes
225,Karnataka,38,Female,Secondary,Farmer,Self-employed,566787,47232,6,Rural,Yes,Yes,Yes
226,West Bengal,48,Male,Primary,Teacher,Self-employed,450502,37541,7,Urban,No,Yes,No
227,Gujarat,42,Male,Higher Secondary,Business,Employed,630541,52545,5,Urban,No,Yes,Yes
228,Punjab,49,Female,Primary,Farmer,Unemployed,464581,38715,7,Rural,Yes,Yes,Yes
229,Karnataka,52,Male,Higher Secondary,Student,Unemployed,253156,21096,8,Urban,Yes,Yes,No
230,West Bengal,56,Female,Postgraduate,Private,Self-employed,521272,43439,8,Urban,Yes,Yes,Yes
231,Karnataka,30,Male,Secondary,Farmer,Student,855604,71300,4,Urban,No,No,Yes
232,Gujarat,49,Male,Secondary,Engineer,Student,481180,40098,6,Rural,Yes,Yes,No
233,Punjab,49,Female,Higher Secondary,Government,Self-employed,909031,75752,2,Urban,Yes,Yes,No
234,Maharashtra,63,Male,Secondary,Unemployed,Self-employed,113700,9475,4,Rural,Yes,No,Yes
235,Tamil Nadu,77,Female,Graduate,Government,Self-employed,783191,65265,8,Rural,Yes,Yes,No
236,Tamil Nadu,63,Female,Primary,Government,Self-employed,60000,5000,5,Urban,No,Yes,Yes
237,Delhi,31,Female,Secondary,Unemployed,Unemployed,546885,45573,4,Rural,No,No,Yes
238,Gujarat,63,Female,Postgraduate,Private,Self-employed,472490,39374,7,Rural,No,No,Yes
239,Haryana,35,Female,Higher Secondary,Unemployed,Employed,782688,65224,7,Urban,Yes,No,No
240,Gujarat,29,Female,Higher Secondary,Healthcare,Employed,131518,10959,4,Rural,No,No,No
241,Rajasthan,50,Female,Higher Secondary,Healthcare,Unemployed,816676,68056,4,Rural,Yes,Yes,No
242,Karnataka,23,Female,Graduate,Teacher,Unemployed,690940,57578,7,Rural,No,Yes,No
243,Karnataka,53,Male,Higher Secondary,Healthcare,Self-employed,825882,68823,1,Rural,No,No,Yes
244,Tamil Nadu,59,Male,Postgraduate,Labour,Employed,842512,70209,3,Urban,Yes,Yes,No
245,Delhi,30,Male,Primary,Engineer,Student,677851,56487,3,Urban,No,No,Yes
246,Haryana,34,Female,Graduate,Unemployed,Student,349988,29165,3,Rural,No,No,No
247,Maharashtra,48,Male,Higher Secondary,Business,Student,438047,36503,8,Rural,Yes,No,No
248,Delhi,47,Male,Secondary,Farmer,Unemployed,898445,74870,6,Rural,Yes,No,No
249,Gujarat,33,Female,Graduate,Student,Student,60000,5000,6,Urban,Yes,Yes,No
250,Delhi,63,Female,Secondary,Student,Self-employed,397937,33161,3,Urban,Yes,No,Yes
251,Rajasthan,55,Female,Primary,Healthcare,Self-employed,1111834,92652,7,Rural,Yes,Yes,Yes
252,West Bengal,23,Male,Primary,Teacher,Self-employed,390677,32556,3,Urban,No,No,No
253,Punjab,22,Female,Graduate,Teacher,Student,214311,17859,5,Urban,Yes,Yes,No
254,Uttar Pradesh,27,Male,Postgraduate,Student,Employed,663591,55299,2,Rural,No,Yes,Yes
255,Rajasthan,44,Male,Primary,Teacher,Employed,406436,33869,2,Urban,Yes,Yes,No
256,Rajasthan,52,Female,Primary,Labour,Student,729145,60762,7,Urban,Yes,No,Yes
257,Tamil Nadu,70,Male,Primary,Student,Self-employed,831936,69328,8,Urban,Yes,Yes,No
258,Uttar Pradesh,67,Male,Higher Secondary,Labour,Student,308759,25729,4,Urban,No,Yes,Yes
259,Gujarat,79,Male,Primary,Government,Unemployed,87208,7267,7,Rural,Yes,No,No
260,Uttar Pradesh,79,Male,Postgraduate,Student,Self-employed,60000,5000,4,Urban,No,Yes,No
261,Haryana,64,Female,Postgraduate,Labour,Self-employed,635322,52943,8,Urban,Yes,No,No
262,Haryana,74,Male,Higher Secondary,Business,Unemployed,777737,64811,5,Rural,No,No,Yes
263,Uttar Pradesh,59,Male,Graduate,Engineer,Employed,185321,15443,5,Urban,Yes,Yes,No
264,Haryana,27,Female,Secondary,Student,Student,462232,38519,8,Rural,No,No,No
265,Gujarat,40,Male,Higher Secondary,Unemployed,Unemployed,565140,47095,3,Urban,Yes,Yes,Yes
266,Maharashtra,45,Female,Higher Secondary,Government,Self-employed,1020503,85041,2,Urban,Yes,Yes,Yes
267,Punjab,60,Male,Primary,Labour,Unemployed,252227,21018,8,Urban,Yes,No,No
268,West Bengal,63,Female,Postgraduate,Farmer,Employed,364308,30359,8,Urban,Yes,Yes,Yes
269,Karnataka,40,Female,Primary,Unemployed,Unemployed,369504,30792,2,Rural,No,No,No
270,West Bengal,76,Female,Postgraduate,Labour,Student,516318,43026,2,Rural,Yes,Yes,Yes
271,West Bengal,59,Female,Secondary,Private,Student,138853,11571,5,Urban,Yes,Yes,Yes
272,Delhi,72,Female,Postgraduate,Business,Self-employed,785243,65436,8,Rural,No,Yes,Yes
273,Haryana,66,Female,Graduate,Labour,Employed,260533,21711,4,Urban,No,Yes,Yes
274,Maharashtra,75,Male,Higher Secondary,Government,Self-employed,60000,5000,5,Rural,Yes,Yes,Yes
275,Punjab,45,Male,Primary,Student,Self-employed,60000,5000,2,Rural,No,No,Yes
276,West Bengal,38,Male,Postgraduate,Student,Unemployed,125817,10484,5,Urban,Yes,No,No
277,Punjab,70,Female,Primary,Engineer,Student,998625,83218,2,Urban,Yes,Yes,Yes
278,Uttar Pradesh,64,Male,Postgraduate,Healthcare,Self-employed,503394,41949,6,Urban,Yes,Yes,No
279,Haryana,37,Male,Secondary,Farmer,Unemployed,681934,56827,1,Rural,Yes,No,No
280,Maharashtra,60,Female,Secondary,Student,Self-employed,779161,64930,1,Urban,No,No,No
281,Tamil Nadu,18,Female,Higher Secondary,Engineer,Unemployed,695011,57917,3,Urban,Yes,Yes,Yes
282,Gujarat,53,Male,Higher Secondary,Business,Employed,224455,18704,8,Urban,No,No,No
283,Gujarat,39,Female,Secondary,Teacher,Employed,480929,40077,8,Rural,No,Yes,Yes
284,Maharashtra,35,Female,Higher Secondary,Farmer,Self-employed,435277,36273,3,Rural,No,No,Yes
285,Rajasthan,67,Male,Primary,Farmer,Student,338842,28236,7,Urban,No,Yes,Yes
286,Delhi,58,Female,Graduate,Teacher,Self-employed,196490,16374,5,Rural,No,No,Yes
287,Tamil Nadu,30,Male,Primary,Government,Unemployed,410203,34183,6,Urban,Yes,Yes,No
288,Haryana,22,Male,Graduate,Healthcare,Unemployed,588555,49046,4,Urban,Yes,No,Yes
289,Gujarat,59,Male,Postgraduate,Business,Employed,170673,14222,6,Urban,No,No,No
290,Haryana,31,Male,Primary,Student,Unemployed,518069,43172,6,Rural,Yes,Yes,No
291,Maharashtra,35,Female,Postgraduate,Private,Self-employed,527384,43948,8,Rural,No,Yes,No
292,Maharashtra,52,Male,Postgraduate,Business,Student,329289,27440,7,Urban,Yes,No,Yes
293,Haryana,57,Male,Primary,Labour,Unemployed,60000,5000,1,Urban,No,No,Yes
294,West Bengal,35,Female,Higher Secondary,Private,Self-employed,352254,29354,3,Urban,Yes,No,No
295,Delhi,74,Female,Primary,Private,Employed,606062,50505,3,Urban,Yes,No,No
296,Rajasthan,38,Male,Primary,Government,Unemployed,276327,23027,7,Urban,Yes,Yes,Yes
297,Delhi,51,Male,Postgraduate,Healthcare,Employed,158906,13242,2,Rural,Yes,No,Yes
298,Rajasthan,38,Male,Secondary,Teacher,Student,515350,42945,3,Urban,No,Yes,Yes
299,Rajasthan,31,Male,Higher Secondary,Teacher,Unemployed,320145,26678,5,Rural,Yes,No,No
300,Gujarat,77,Male,Higher Secondary,Healthcare,Student,1102764,91897,4,Urban,No,Yes,No
301,Karnataka,63,Female,Graduate,Farmer,Self-employed,524222,43685,7,Urban,No,Yes,Yes
302,Delhi,73,Female,Higher Secondary,Student,Unemployed,200142,16678,1,Urban,No,Yes,Yes
303,Karnataka,34,Male,Postgraduate,Government,Student,689989,57499,1,Urban,No,Yes,No
304,Delhi,53,Female,Secondary,Government,Employed,513001,42750,6,Urban,No,Yes,No
305,Karnataka,50,Male,Graduate,Healthcare,Student,340181,28348,5,Urban,No,No,No
306,Maharashtra,71,Male,Postgraduate,Labour,Employed,613743,51145,2,Rural,No,No,No
307,Uttar Pradesh,35,Female,Postgraduate,Teacher,Unemployed,553583,46131,6,Urban,Yes,Yes,No
308,West Bengal,45,Male,Higher Secondary,Engineer,Unemployed,574543,47878,1,Urban,Yes,Yes,No
309,Tamil Nadu,19,Male,Postgraduate,Healthcare,Self-employed,394007,32833,8,Urban,No,Yes,Yes
310,Punjab,22,Female,Postgraduate,Teacher,Student,308347,25695,1,Urban,Yes,Yes,Yes
311,Delhi,76,Female,Postgraduate,Student,Self-employed,780280,65023,4,Urban,No,No,No
312,West Bengal,49,Male,Postgraduate,Teacher,Student,971448,80954,8,Rural,No,No,No
313,Haryana,29,Female,Higher Secondary,Farmer,Student,361888,30157,1,Rural,No,Yes,No
314,Tamil Nadu,18,Female,Higher Secondary,Government,Student,738881,61573,7,Urban,Yes,No,Yes
315,Gujarat,79,Female,Higher Secondary,Unemployed,Unemployed,487204,40600,7,Urban,No,Yes,No
316,West Bengal,80,Female,Graduate,Labour,Employed,660332,55027,7,Rural,No,Yes,No
317,Uttar Pradesh,28,Male,Secondary,Healthcare,Self-employed,376270,31355,1,Urban,Yes,Yes,No
318,Tamil Nadu,65,Male,Graduate,Unemployed,Employed,345612,28801,5,Rural,Yes,No,No
319,Haryana,61,Female,Secondary,Unemployed,Student,476586,39715,2,Urban,No,No,Yes
320,Punjab,49,Male,Postgraduate,Business,Self-employed,250225,20852,5,Urban,No,No,No
321,Maharashtra,63,Female,Primary,Student,Student,311521,25960,7,Rural,No,Yes,Yes
322,Uttar Pradesh,20,Female,Graduate,Government,Student,352702,29391,1,Urban,Yes,No,Yes
323,Uttar Pradesh,76,Male,Postgraduate,Business,Self-employed,626208,52184,8,Rural,No,No,Yes
324,West Bengal,58,Female,Primary,Farmer,Employed,312515,26042,1,Rural,Yes,Yes,Yes
325,Karnataka,72,Female,Graduate,Farmer,Self-employed,77983,6498,4,Rural,No,No,No
326,Maharashtra,79,Male,Primary,Labour,Student,788591,65715,5,Rural,No,Yes,No
327,West Bengal,67,Female,Postgraduate,Unemployed,Self-employed,827373,68947,3,Rural,No,Yes,No
328,Rajasthan,36,Male,Primary,Unemployed,Unemployed,172199,14349,7,Rural,Yes,No,No
329,Delhi,68,Female,Graduate,Farmer,Unemployed,251059,20921,7,Rural,No,Yes,No
330,Gujarat,46,Female,Higher Secondary,Farmer,Unemployed,62555,5212,1,Urban,No,No,Yes
331,Punjab,67,Female,Primary,Unemployed,Self-employed,507777,42314,6,Rural,Yes,Yes,Yes
332,Delhi,59,Female,Primary,Student,Unemployed,842833,70236,5,Rural,Yes,Yes,No
333,Gujarat,35,Female,Higher Secondary,Engineer,Unemployed,589050,49087,4,Rural,Yes,No,No
334,Maharashtra,48,Female,Secondary,Healthcare,Student,798277,66523,3,Urban,No,Yes,Yes
335,Punjab,75,Male,Postgraduate,Farmer,Employed,86940,7245,4,Urban,No,Yes,Yes
336,Haryana,18,Female,Postgraduate,Engineer,Employed,459125,38260,4,Urban,No,Yes,Yes
337,Delhi,55,Female,Secondary,Government,Self-employed,734752,61229,1,Rural,No,No,Yes
338,Karnataka,65,Female,Postgraduate,Farmer,Self-employed,621989,51832,7,Urban,No,No,No
339,Tamil Nadu,78,Female,Secondary,Unemployed,Self-employed,513050,42754,2,Urban,Yes,Yes,No
340,Karnataka,73,Male,Secondary,Engineer,Self-employed,285964,23830,1,Rural,Yes,Yes,Yes
341,Uttar Pradesh,51,Male,Primary,Unemployed,Student,427287,35607,4,Rural,Yes,No,No
342,Gujarat,37,Male,Graduate,Engineer,Employed,293314,24442,8,Urban,Yes,No,No
343,Rajasthan,60,Female,Secondary,Student,Employed,598479,49873,5,Rural,Yes,Yes,No
344,Punjab,38,Female,Postgraduate,Engineer,Unemployed,475238,39603,8,Urban,Yes,Yes,No
345,Maharashtra,52,Female,Secondary,Unemployed,Employed,415474,34622,3,Urban,No,Yes,Yes
346,Delhi,25,Male,Higher Secondary,Private,Employed,435666,36305,4,Urban,Yes,No,No
347,Tamil Nadu,39,Male,Primary,Healthcare,Self-employed,674219,56184,8,Urban,No,Yes,Yes
348,West Bengal,79,Male,Secondary,Farmer,Employed,566439,47203,4,Rural,No,No,Yes
349,Tamil Nadu,75,Female,Primary,Farmer,Unemployed,438222,36518,8,Rural,Yes,Yes,No
350,Delhi,40,Male,Graduate,Teacher,Employed,307833,25652,7,Rural,No,Yes,No
351,Uttar Pradesh,37,Male,Primary,Healthcare,Self-employed,404853,33737,8,Rural,Yes,Yes,No
352,Delhi,78,Female,Graduate,Engineer,Unemployed,98684,8223,3,Rural,No,Yes,Yes
353,Rajasthan,56,Male,Secondary,Unemployed,Self-employed,493125,41093,3,Urban,Yes,No,Yes
354,Haryana,55,Male,Secondary,Farmer,Employed,641116,53426,3,Rural,Yes,Yes,No
355,Delhi,60,Male,Secondary,Healthcare,Unemployed,540712,45059,6,Urban,Yes,No,Yes
356,Punjab,80,Female,Higher Secondary,Unemployed,Self-employed,220960,18413,2,Rural,No,No,Yes
357,Haryana,44,Male,Postgraduate,Private,Student,836342,69695,4,Rural,No,No,Yes
358,Rajasthan,25,Male,Postgraduate,Government,Student,542834,45236,7,Rural,No,Yes,Yes
359,Maharashtra,63,Female,Postgraduate,Engineer,Unemployed,254560,21213,1,Rural,Yes,No,No
360,Uttar Pradesh,19,Male,Postgraduate,Student,Student,60000,5000,5,Urban,Yes,Yes,Yes
361,Maharashtra,22,Male,Primary,Government,Self-employed,659010,54917,8,Urban,Yes,No,Yes
362,Uttar Pradesh,49,Female,Postgraduate,Government,Unemployed,901530,75127,4,Rural,Yes,Yes,Yes
363,Tamil Nadu,59,Female,Primary,Labour,Employed,60000,5000,3,Rural,No,Yes,No
364,Tamil Nadu,44,Male,Graduate,Labour,Unemployed,1099634,91636,7,Rural,No,No,No
365,Karnataka,55,Male,Secondary,Business,Unemployed,356390,29699,4,Urban,No,No,No
366,West Bengal,29,Female,Higher Secondary,Student,Self-employed,365495,30457,3,Rural,Yes,No,No
367,Delhi,69,Male,Higher Secondary,Labour,Self-employed,261224,21768,6,Rural,No,Yes,No
368,Tamil Nadu,46,Male,Primary,Labour,Student,766588,63882,6,Urban,Yes,Yes,Yes
369,Delhi,39,Female,Postgraduate,Teacher,Self-employed,661219,55101,8,Rural,Yes,Yes,No
370,Karnataka,39,Female,Higher Secondary,Private,Self-employed,302544,25212,5,Rural,Yes,No,No
371,Karnataka,27,Male,Higher Secondary,Student,Unemployed,769645,64137,4,Urban,No,Yes,No
372,Tamil Nadu,38,Female,Secondary,Engineer,Unemployed,512207,42683,6,Rural,Yes,Yes,Yes
373,Uttar Pradesh,63,Female,Postgraduate,Engineer,Self-employed,60000,5000,8,Urban,Yes,No,No
374,Haryana,75,Male,Secondary,Engineer,Student,348771,29064,7,Urban,No,No,No
375,Haryana,29,Male,Postgraduate,Student,Self-employed,532823,44401,2,Rural,Yes,Yes,Yes
376,West Bengal,65,Male,Graduate,Government,Unemployed,736635,61386,2,Urban,Yes,Yes,No
377,Uttar Pradesh,38,Male,Postgraduate,Engineer,Employed,439513,36626,8,Urban,No,Yes,Yes
378,Delhi,39,Male,Postgraduate,Business,Student,790426,65868,3,Urban,Yes,Yes,Yes
379,Punjab,68,Female,Higher Secondary,Healthcare,Unemployed,560906,46742,1,Rural,Yes,Yes,Yes
380,Rajasthan,22,Male,Graduate,Engineer,Unemployed,338613,28217,6,Urban,Yes,No,No
381,Rajasthan,69,Female,Postgraduate,Farmer,Student,775557,64629,1,Urban,No,Yes,Yes
382,Punjab,24,Male,Higher Secondary,Labour,Student,752000,62666,7,Rural,No,Yes,Yes
383,Rajasthan,56,Male,Secondary,Student,Employed,861204,71767,4,Urban,No,Yes,Yes
384,Tamil Nadu,27,Male,Postgraduate,Teacher,Self-employed,328712,27392,7,Rural,No,No,Yes
385,Tamil Nadu,23,Male,Postgraduate,Government,Self-employed,849550,70795,4,Urban,No,Yes,Yes
386,Haryana,56,Male,Postgraduate,Teacher,Self-employed,399453,33287,7,Urban,No,Yes,Yes
387,Tamil Nadu,72,Male,Secondary,Student,Employed,204044,17003,6,Urban,Yes,No,Yes
388,Rajasthan,36,Male,Primary,Engineer,Employed,556721,46393,8,Rural,Yes,Yes,No
389,Rajasthan,38,Female,Secondary,Unemployed,Unemployed,894674,74556,1,Rural,Yes,No,No
390,Haryana,31,Female,Graduate,Business,Employed,347589,28965,1,Urban,Yes,No,Yes
391,Karnataka,50,Male,Primary,Unemployed,Student,405223,33768,6,Urban,Yes,No,Yes
392,Haryana,32,Female,Primary,Government,Employed,337744,28145,3,Urban,No,Yes,Yes
393,Karnataka,26,Male,Higher Secondary,Business,Employed,339601,28300,7,Rural,Yes,Yes,Yes
394,Karnataka,38,Female,Primary,Private,Employed,685220,57101,6,Urban,Yes,No,Yes
395,Rajasthan,36,Male,Graduate,Labour,Self-employed,518522,43210,4,Rural,Yes,No,Yes
396,Karnataka,48,Female,Higher Secondary,Teacher,Self-employed,325057,27088,6,Rural,Yes,Yes,No
397,Punjab,45,Female,Secondary,Government,Unemployed,321639,26803,5,Rural,No,Yes,Yes
398,Maharashtra,37,Male,Primary,Unemployed,Employed,896619,74718,3,Rural,Yes,No,No
399,Delhi,21,Male,Postgraduate,Labour,Self-employed,571998,47666,4,Rural,Yes,Yes,Yes
400,Gujarat,62,Female,Postgraduate,Healthcare,Employed,466467,38872,4,Rural,No,No,Yes
401,Punjab,65,Female,Graduate,Farmer,Employed,603535,50294,1,Rural,No,No,No
402,Punjab,35,Female,Primary,Government,Unemployed,372993,31082,4,Rural,No,Yes,No
403,Rajasthan,45,Male,Graduate,Healthcare,Unemployed,668427,55702,1,Urban,Yes,No,Yes
404,Karnataka,47,Female,Higher Secondary,Student,Self-employed,681495,56791,6,Urban,Yes,Yes,Yes
405,Tamil Nadu,61,Male,Higher Secondary,Engineer,Employed,946334,78861,6,Rural,No,No,No
406,Haryana,53,Male,Higher Secondary,Unemployed,Unemployed,465496,38791,6,Rural,No,No,No
407,Karnataka,39,Female,Secondary,Private,Employed,479780,39981,1,Urban,Yes,Yes,No
408,West Bengal,34,Male,Secondary,Government,Self-employed,640355,53362,1,Urban,Yes,Yes,Yes
409,Punjab,76,Female,Secondary,Healthcare,Employed,549338,45778,4,Urban,No,Yes,Yes
410,Punjab,68,Male,Higher Secondary,Healthcare,Student,281664,23472,1,Rural,Yes,Yes,No
411,Karnataka,61,Male,Secondary,Private,Employed,520244,43353,4,Rural,No,Yes,No
412,Gujarat,55,Female,Secondary,Teacher,Self-employed,615799,51316,8,Urban,Yes,No,No
413,Karnataka,24,Male,Graduate,Business,Employed,169979,14164,7,Urban,Yes,Yes,Yes
414,Rajasthan,42,Female,Postgraduate,Healthcare,Employed,485409,40450,1,Rural,Yes,Yes,No
415,West Bengal,80,Female,Primary,Private,Self-employed,970842,80903,7,Rural,No,Yes,Yes
416,Maharashtra,30,Male,Secondary,Unemployed,Unemployed,502532,41877,7,Rural,Yes,No,No
417,Gujarat,44,Male,Postgraduate,Government,Self-employed,486511,40542,5,Urban,No,Yes,No
418,Gujarat,59,Male,Graduate,Student,Self-employed,734917,61243,4,Urban,Yes,Yes,Yes
419,Maharashtra,45,Male,Higher Secondary,Government,Self-employed,389733,32477,7,Rural,Yes,Yes,No
420,Tamil Nadu,54,Male,Postgraduate,Unemployed,Employed,454771,37897,6,Urban,Yes,Yes,Yes
421,Haryana,40,Male,Higher Secondary,Labour,Employed,619692,51641,7,Urban,No,Yes,Yes
422,Tamil Nadu,33,Female,Higher Secondary,Farmer,Student,927841,77320,4,Urban,No,No,Yes
423,Punjab,42,Female,Higher Secondary,Student,Unemployed,421605,35133,1,Urban,Yes,Yes,Yes
424,Delhi,21,Female,Graduate,Healthcare,Student,633005,52750,3,Rural,Yes,Yes,No
425,Delhi,39,Female,Secondary,Private,Student,320235,26686,1,Rural,Yes,No,Yes
426,Gujarat,25,Female,Postgraduate,Teacher,Unemployed,240589,20049,2,Urban,Yes,No,No
427,Maharashtra,30,Male,Primary,Teacher,Employed,207688,17307,7,Rural,No,No,No
428,Delhi,53,Male,Graduate,Government,Unemployed,244398,20366,1,Rural,Yes,No,Yes
429,Delhi,80,Male,Postgraduate,Healthcare,Self-employed,482119,40176,2,Urban,Yes,Yes,No
430,Delhi,66,Female,Primary,Labour,Self-employed,322991,26915,7,Urban,No,No,Yes
431,Haryana,52,Female,Postgraduate,Healthcare,Student,60000,5000,8,Urban,No,Yes,Yes
432,Haryana,45,Female,Primary,Healthcare,Self-employed,750217,62518,6,Urban,Yes,No,Yes
433,Rajasthan,60,Male,Secondary,Student,Employed,103604,8633,5,Urban,Yes,Yes,Yes
434,Karnataka,19,Female,Graduate,Business,Student,715453,59621,4,Rural,Yes,No,Yes
435,West Bengal,52,Female,Secondary,Engineer,Self-employed,482005,40167,8,Rural,Yes,No,No
436,Delhi,69,Female,Higher Secondary,Unemployed,Student,425382,35448,6,Urban,No,Yes,No
437,Delhi,55,Female,Higher Secondary,Teacher,Self-employed,268142,22345,2,Rural,Yes,No,No
438,Maharashtra,48,Female,Primary,Engineer,Employed,580331,48360,7,Urban,No,Yes,No
439,Tamil Nadu,29,Male,Secondary,Business,Self-employed,197007,16417,2,Urban,Yes,No,Yes
440,Punjab,35,Male,Graduate,Unemployed,Unemployed,60000,5000,8,Rural,Yes,Yes,Yes
441,Uttar Pradesh,22,Male,Graduate,Private,Self-employed,332938,27744,1,Urban,No,No,Yes
442,Maharashtra,46,Female,Secondary,Farmer,Employed,414161,34513,7,Rural,Yes,No,No
443,Uttar Pradesh,24,Male,Graduate,Government,Unemployed,557426,46452,7,Rural,Yes,No,No
444,Maharashtra,36,Male,Primary,Private,Self-employed,402457,33538,7,Urban,Yes,No,No
445,Haryana,27,Female,Postgraduate,Unemployed,Employed,444990,37082,7,Urban,No,No,No
446,West Bengal,65,Male,Secondary,Farmer,Self-employed,398627,33218,3,Rural,Yes,No,No
447,Karnataka,41,Female,Postgraduate,Farmer,Self-employed,192323,16026,5,Urban,Yes,Yes,No
448,Delhi,40,Female,Higher Secondary,Farmer,Self-employed,442803,36900,2,Rural,No,Yes,Yes
449,Rajasthan,39,Male,Primary,Engineer,Employed,331328,27610,2,Urban,Yes,Yes,No
450,Gujarat,61,Male,Primary,Labour,Self-employed,509875,42489,2,Rural,Yes,No,Yes
451,Rajasthan,63,Male,Secondary,Private,Self-employed,775737,64644,6,Urban,Yes,Yes,Yes
452,Delhi,38,Male,Secondary,Engineer,Student,471005,39250,7,Rural,Yes,Yes,Yes
453,Delhi,55,Female,Postgraduate,Private,Self-employed,563659,46971,5,Rural,Yes,Yes,No
454,Karnataka,22,Male,Secondary,Private,Employed,60000,5000,8,Rural,Yes,Yes,No
455,Karnataka,20,Male,Postgraduate,Student,Employed,436299,36358,2,Urban,No,No,No
456,West Bengal,38,Male,Postgraduate,Healthcare,Employed,725937,60494,2,Rural,No,No,Yes
457,Maharashtra,26,Female,Postgraduate,Healthcare,Self-employed,414449,34537,2,Urban,No,No,Yes
458,Haryana,43,Male,Higher Secondary,Farmer,Student,1010093,84174,4,Rural,Yes,No,Yes
459,Haryana,61,Male,Secondary,Private,Student,952710,79392,2,Urban,Yes,No,Yes
460,Uttar Pradesh,25,Male,Secondary,Business,Student,682231,56852,8,Rural,No,No,No
461,Gujarat,58,Female,Graduate,Healthcare,Student,660813,55067,8,Rural,Yes,Yes,Yes
462,Tamil Nadu,35,Female,Primary,Business,Employed,509381,42448,8,Urban,No,Yes,Yes
463,Haryana,76,Female,Postgraduate,Government,Self-employed,958777,79898,8,Rural,Yes,No,No
464,West Bengal,24,Female,Graduate,Teacher,Employed,384855,32071,6,Urban,No,Yes,No
465,Uttar Pradesh,68,Female,Secondary,Farmer,Unemployed,635479,52956,3,Rural,No,Yes,No
466,Gujarat,60,Male,Postgraduate,Student,Employed,202200,16850,7,Rural,Yes,No,No
467,Punjab,70,Male,Higher Secondary,Healthcare,Student,840316,70026,6,Urban,No,Yes,Yes
468,Karnataka,65,Male,Postgraduate,Government,Student,538678,44889,8,Urban,No,No,No
469,Maharashtra,69,Male,Primary,Student,Self-employed,529017,44084,8,Urban,Yes,Yes,Yes
470,Rajasthan,34,Male,Postgraduate,Government,Student,426378,35531,7,Urban,Yes,Yes,No
471,Gujarat,41,Male,Higher Secondary,Unemployed,Employed,430146,35845,1,Rural,Yes,No,Yes
472,Delhi,26,Female,Graduate,Business,Self-employed,487181,40598,3,Rural,No,Yes,Yes
473,Gujarat,25,Female,Graduate,Private,Unemployed,294117,24509,1,Rural,Yes,No,Yes
474,Maharashtra,66,Male,Postgraduate,Government,Employed,196753,16396,7,Urban,Yes,No,No
475,Uttar Pradesh,28,Female,Secondary,Teacher,Unemployed,341613,28467,6,Urban,No,No,Yes
476,Rajasthan,21,Male,Higher Secondary,Government,Employed,233322,19443,1,Rural,No,No,Yes
477,Delhi,24,Male,Secondary,Business,Employed,60000,5000,8,Rural,Yes,No,Yes
478,Haryana,80,Female,Graduate,Student,Unemployed,60000,5000,7,Rural,No,No,Yes
479,Maharashtra,19,Male,Graduate,Farmer,Employed,294274,24522,7,Urban,No,No,No
480,Gujarat,76,Male,Graduate,Labour,Unemployed,481519,40126,1,Urban,Yes,Yes,No
481,Uttar Pradesh,53,Female,Primary,Engineer,Student,424761,35396,6,Urban,No,No,Yes
482,Delhi,63,Male,Graduate,Business,Unemployed,425657,35471,4,Urban,No,No,No
483,Punjab,80,Female,Graduate,Farmer,Employed,389061,32421,1,Rural,No,No,Yes
484,Uttar Pradesh,79,Male,Graduate,Engineer,Self-employed,919159,76596,5,Urban,Yes,Yes,Yes
485,Haryana,79,Female,Higher Secondary,Student,Self-employed,205503,17125,3,Rural,No,No,No
486,Haryana,38,Male,Secondary,Labour,Self-employed,730511,60875,3,Rural,Yes,Yes,No
487,Rajasthan,47,Female,Higher Secondary,Government,Self-employed,614512,51209,3,Urban,Yes,No,No
488,Karnataka,30,Female,Primary,Student,Student,666405,55533,8,Rural,Yes,No,No
489,Delhi,65,Female,Postgraduate,Labour,Student,60000,5000,1,Rural,No,Yes,No
490,Delhi,70,Male,Secondary,Healthcare,Self-employed,466642,38886,8,Urban,Yes,Yes,Yes
491,Punjab,76,Female,Higher Secondary,Business,Self-employed,231963,19330,7,Urban,Yes,No,No
492,Haryana,43,Female,Secondary,Unemployed,Employed,230450,19204,2,Urban,Yes,No,No
493,Maharashtra,48,Female,Higher Secondary,Student,Self-employed,327988,27332,8,Urban,Yes,No,Yes
494,Tamil Nadu,69,Male,Graduate,Private,Student,71307,5942,3,Rural,No,No,Yes
495,Delhi,63,Female,Secondary,Private,Employed,504136,42011,7,Urban,Yes,No,No
496,Punjab,80,Male,Graduate,Labour,Self-employed,278786,23232,7,Urban,No,Yes,Yes
497,Rajasthan,42,Female,Graduate,Teacher,Unemployed,624574,52047,7,Rural,Yes,Yes,Yes
498,Uttar Pradesh,60,Female,Higher Secondary,Government,Employed,690897,57574,3,Rural,Yes,Yes,Yes
499,Punjab,39,Female,Higher Secondary,Labour,Unemployed,105579,8798,2,Rural,No,Yes,No
500,Punjab,49,Male,Secondary,Labour,Self-employed,243390,20282,7,Rural,Yes,No,Yes
501,West Bengal,18,Female,Higher Secondary,Engineer,Employed,748092,62341,5,Rural,No,Yes,No
502,Delhi,35,Male,Secondary,Government,Unemployed,720900,60075,4,Rural,Yes,Yes,No
503,Karnataka,32,Female,Postgraduate,Farmer,Self-employed,540891,45074,4,Urban,No,No,No
504,Tamil Nadu,59,Male,Higher Secondary,Unemployed,Unemployed,818065,68172,7,Urban,No,No,No
505,Maharashtra,29,Female,Graduate,Student,Self-employed,550838,45903,8,Urban,No,No,Yes
506,Maharashtra,47,Male,Postgraduate,Engineer,Unemployed,461339,38444,1,Urban,Yes,No,No
507,West Bengal,61,Female,Secondary,Private,Unemployed,471223,39268,8,Urban,No,Yes,Yes
508,Gujarat,43,Female,Higher Secondary,Unemployed,Employed,304773,25397,1,Rural,Yes,No,Yes
509,Karnataka,31,Female,Postgraduate,Business,Unemployed,506117,42176,2,Urban,Yes,No,Yes
510,Rajasthan,20,Male,Secondary,Healthcare,Employed,92985,7748,4,Rural,Yes,No,Yes
511,Tamil Nadu,19,Male,Graduate,Unemployed,Student,86785,7232,6,Urban,No,Yes,No
512,Rajasthan,76,Male,Primary,Business,Employed,556499,46374,7,Rural,No,Yes,Yes
513,Delhi,27,Male,Graduate,Government,Self-employed,645618,53801,2,Urban,Yes,No,Yes
514,Gujarat,73,Male,Higher Secondary,Healthcare,Student,1107731,92310,1,Urban,No,Yes,No
515,Karnataka,22,Female,Higher Secondary,Teacher,Employed,268752,22396,2,Urban,No,Yes,Yes
516,West Bengal,76,Male,Higher Secondary,Government,Student,60000,5000,2,Urban,Yes,No,No
517,Punjab,59,Female,Secondary,Teacher,Student,424278,35356,6,Rural,No,No,Yes
518,Delhi,33,Male,Postgraduate,Unemployed,Self-employed,376929,31410,3,Rural,No,Yes,No
519,Delhi,80,Male,Graduate,Student,Unemployed,532698,44391,5,Rural,Yes,Yes,Yes
520,Maharashtra,59,Male,Postgraduate,Labour,Employed,229060,19088,6,Rural,No,No,Yes
521,Rajasthan,49,Female,Secondary,Student,Unemployed,428716,35726,2,Urban,No,No,No
522,Delhi,52,Female,Higher Secondary,Healthcare,Employed,887132,73927,1,Rural,No,No,No
523,Maharashtra,29,Female,Postgraduate,Unemployed,Unemployed,585370,48780,8,Urban,No,Yes,Yes
524,Uttar Pradesh,51,Female,Higher Secondary,Student,Student,628212,52351,1,Urban,No,Yes,Yes
525,Haryana,26,Female,Postgraduate,Farmer,Unemployed,886833,73902,8,Urban,Yes,No,No
526,Karnataka,45,Female,Postgraduate,Government,Student,853351,71112,1,Urban,No,No,No
527,Delhi,49,Male,Graduate,Engineer,Employed,60000,5000,6,Rural,Yes,No,Yes
528,Delhi,59,Female,Postgraduate,Teacher,Unemployed,858276,71523,7,Rural,Yes,No,No
529,Punjab,55,Male,Postgraduate,Business,Self-employed,768281,64023,6,Rural,Yes,No,No
530,Rajasthan,54,Male,Secondary,Farmer,Employed,408404,34033,5,Rural,Yes,Yes,No
531,West Bengal,57,Male,Postgraduate,Unemployed,Student,555817,46318,5,Urban,No,No,Yes
532,West Bengal,22,Male,Graduate,Student,Unemployed,897234,74769,5,Rural,No,Yes,No
533,Rajasthan,29,Male,Primary,Labour,Student,791046,65920,6,Rural,No,Yes,Yes
534,Uttar Pradesh,58,Female,Primary,Private,Student,829822,69151,2,Rural,No,No,Yes
535,Karnataka,66,Male,Secondary,Teacher,Unemployed,563357,46946,4,Rural,Yes,Yes,Yes
536,Gujarat,23,Male,Postgraduate,Business,Student,796856,66404,4,Rural,Yes,No,No
537,Uttar Pradesh,76,Male,Graduate,Labour,Unemployed,460301,38358,6,Urban,No,Yes,Yes
538,Maharashtra,72,Female,Primary,Engineer,Student,658466,54872,5,Rural,Yes,Yes,No
539,Maharashtra,42,Male,Postgraduate,Farmer,Employed,308149,25679,5,Urban,Yes,Yes,No
540,Delhi,79,Male,Higher Secondary,Healthcare,Unemployed,547416,45618,4,Rural,No,Yes,No
541,Delhi,31,Male,Primary,Government,Self-employed,489832,40819,3,Rural,No,No,No
542,Maharashtra,55,Female,Postgraduate,Teacher,Employed,367787,30648,2,Urban,Yes,No,No
543,Rajasthan,31,Female,Graduate,Government,Self-employed,540269,45022,8,Rural,No,No,Yes
544,Tamil Nadu,45,Male,Higher Secondary,Healthcare,Self-employed,552641,46053,5,Rural,Yes,No,No
545,Delhi,44,Male,Primary,Business,Employed,170424,14202,4,Urban,No,No,No
546,Karnataka,27,Female,Postgraduate,Private,Self-employed,1052443,87703,5,Urban,No,Yes,Yes
547,Maharashtra,51,Male,Postgraduate,Business,Employed,814770,67897,8,Urban,No,No,Yes
548,Punjab,46,Male,Secondary,Student,Student,482863,40238,1,Rural,No,No,No
549,Haryana,51,Male,Secondary,Private,Self-employed,451163,37596,7,Urban,Yes,No,Yes
550,Maharashtra,27,Male,Postgraduate,Government,Student,771557,64296,2,Rural,No,Yes,Yes
551,Gujarat,23,Female,Graduate,Farmer,Student,434241,36186,3,Rural,Yes,No,No
552,Tamil Nadu,24,Male,Secondary,Teacher,Unemployed,432790,36065,6,Urban,Yes,Yes,No
553,Maharashtra,51,Female,Secondary,Healthcare,Self-employed,361584,30132,6,Urban,No,Yes,Yes
554,Karnataka,65,Female,Postgraduate,Government,Self-employed,256331,21360,4,Urban,No,No,Yes
555,Uttar Pradesh,57,Female,Primary,Labour,Employed,276326,23027,5,Rural,Yes,No,Yes
556,Punjab,77,Female,Postgraduate,Private,Self-employed,585891,48824,1,Rural,Yes,Yes,No
557,Maharashtra,58,Male,Postgraduate,Labour,Employed,1141901,95158,4,Urban,Yes,Yes,Yes
558,Uttar Pradesh,44,Male,Secondary,Private,Unemployed,356645,29720,4,Urban,No,Yes,No
559,Gujarat,51,Male,Higher Secondary,Student,Unemployed,516824,43068,1,Rural,Yes,No,Yes
560,Punjab,18,Female,Primary,Private,Employed,240163,20013,4,Urban,Yes,No,No
561,Gujarat,29,Female,Graduate,Labour,Self-employed,319336,26611,4,Rural,Yes,Yes,No
562,Punjab,67,Male,Graduate,Unemployed,Self-employed,493579,41131,4,Rural,Yes,No,No
563,Haryana,23,Male,Secondary,Engineer,Employed,784603,65383,2,Rural,Yes,No,No
564,Maharashtra,71,Female,Secondary,Engineer,Unemployed,502055,41837,5,Urban,Yes,Yes,No
565,Maharashtra,38,Male,Primary,Private,Employed,493425,41118,5,Urban,No,No,Yes
566,Delhi,54,Female,Postgraduate,Government,Unemployed,685593,57132,6,Rural,No,No,Yes
567,Rajasthan,37,Female,Primary,Teacher,Student,60000,5000,1,Rural,Yes,Yes,No
568,Haryana,40,Female,Secondary,Farmer,Student,766289,63857,3,Urban,Yes,Yes,No
569,Punjab,60,Female,Secondary,Student,Self-employed,931121,77593,5,Rural,Yes,Yes,No
570,Haryana,67,Male,Primary,Healthcare,Self-employed,814930,67910,7,Urban,Yes,No,No
571,Haryana,59,Female,Primary,Business,Self-employed,846114,70509,6,Rural,Yes,No,No
572,Uttar Pradesh,72,Female,Graduate,Unemployed,Employed,364956,30413,4,Urban,No,No,Yes
573,Gujarat,59,Male,Secondary,Government,Unemployed,466002,38833,3,Rural,Yes,Yes,No
574,Tamil Nadu,29,Male,Graduate,Unemployed,Student,377067,31422,1,Urban,Yes,No,No
575,West Bengal,67,Female,Graduate,Healthcare,Unemployed,73671,6139,8,Urban,No,Yes,No
576,Karnataka,50,Male,Higher Secondary,Labour,Student,238584,19882,4,Urban,No,Yes,No
577,West Bengal,22,Male,Higher Secondary,Student,Self-employed,618173,51514,4,Rural,Yes,Yes,No
578,West Bengal,56,Male,Higher Secondary,Teacher,Employed,728909,60742,4,Rural,No,Yes,Yes
579,Delhi,68,Female,Graduate,Private,Self-employed,854956,71246,5,Urban,Yes,Yes,Yes
580,West Bengal,40,Male,Higher Secondary,Teacher,Employed,60000,5000,3,Urban,No,No,No
581,West Bengal,41,Male,Secondary,Business,Student,842319,70193,7,Urban,Yes,Yes,Yes
582,Haryana,72,Male,Secondary,Student,Employed,566998,47249,5,Urban,Yes,No,No
583,Tamil Nadu,25,Female,Primary,Teacher,Self-employed,452948,37745,2,Rural,No,No,No
584,Maharashtra,67,Male,Secondary,Student,Student,1059308,88275,8,Rural,No,No,No
585,Delhi,57,Male,Graduate,Farmer,Unemployed,680703,56725,2,Urban,Yes,Yes,Yes
586,Uttar Pradesh,69,Female,Secondary,Unemployed,Employed,622557,51879,8,Rural,Yes,Yes,Yes
587,Gujarat,24,Male,Primary,Engineer,Unemployed,779476,64956,7,Rural,Yes,Yes,Yes
588,Punjab,38,Female,Higher Secondary,Government,Student,476269,39689,7,Urban,No,No,Yes
589,Maharashtra,51,Female,Postgraduate,Healthcare,Student,414387,34532,1,Rural,Yes,No,No
590,West Bengal,78,Male,Secondary,Healthcare,Unemployed,150174,12514,3,Urban,No,Yes,No
591,Haryana,18,Male,Secondary,Private,Student,382338,31861,6,Urban,No,Yes,No
592,Maharashtra,71,Female,Primary,Healthcare,Employed,624699,52058,8,Urban,No,Yes,No
593,Haryana,65,Female,Higher Secondary,Business,Employed,688247,57353,5,Urban,No,No,No
594,Delhi,38,Male,Higher Secondary,Business,Unemployed,495356,41279,3,Rural,Yes,Yes,No
595,Haryana,59,Female,Postgraduate,Farmer,Unemployed,337273,28106,5,Urban,No,No,No
596,Delhi,46,Female,Postgraduate,Labour,Unemployed,792815,66067,7,Urban,No,Yes,Yes
597,Haryana,55,Female,Secondary,Student,Employed,1128838,94069,3,Urban,Yes,Yes,No
598,Rajasthan,77,Male,Higher Secondary,Private,Unemployed,524068,43672,1,Rural,Yes,Yes,No
599,Uttar Pradesh,29,Female,Higher Secondary,Student,Self-employed,747425,62285,1,Urban,No,No,Yes
600,West Bengal,52,Female,Secondary,Healthcare,Unemployed,466628,38885,5,Urban,No,No,No
601,Rajasthan,61,Male,Primary,Unemployed,Employed,649253,54104,4,Rural,No,Yes,Yes
602,Rajasthan,22,Male,Higher Secondary,Teacher,Unemployed,916304,76358,4,Urban,No,No,Yes
603,Haryana,56,Male,Primary,Student,Student,249272,20772,7,Rural,No,Yes,Yes
604,West Bengal,46,Male,Graduate,Business,Student,60000,5000,5,Rural,No,No,Yes
605,Tamil Nadu,63,Female,Graduate,Business,Unemployed,297520,24793,4,Rural,Yes,No,No
606,Karnataka,51,Male,Secondary,Unemployed,Unemployed,552591,46049,8,Rural,No,Yes,Yes
607,Gujarat,63,Male,Secondary,Labour,Employed,390859,32571,2,Rural,No,Yes,Yes
608,Punjab,65,Male,Secondary,Engineer,Unemployed,778219,64851,8,Rural,No,No,No
609,Delhi,50,Female,Higher Secondary,Farmer,Self-employed,178722,14893,6,Rural,Yes,Yes,No
610,Haryana,33,Female,Higher Secondary,Engineer,Student,682822,56901,4,Urban,No,No,No
611,Delhi,21,Male,Primary,Healthcare,Employed,715270,59605,1,Urban,No,Yes,Yes
612,Tamil Nadu,65,Female,Graduate,Private,Student,279992,23332,4,Rural,No,No,Yes
613,Haryana,78,Female,Postgraduate,Business,Unemployed,296847,24737,4,Urban,No,No,Yes
614,Rajasthan,78,Male,Graduate,Labour,Self-employed,261305,21775,7,Rural,No,No,Yes
615,Karnataka,40,Male,Primary,Private,Employed,837323,69776,7,Rural,No,Yes,No
616,Gujarat,19,Male,Primary,Private,Self-employed,208024,17335,2,Rural,Yes,Yes,Yes
617,Punjab,63,Female,Secondary,Farmer,Employed,427481,35623,7,Rural,No,Yes,Yes
618,Gujarat,70,Female,Secondary,Unemployed,Student,115844,9653,5,Rural,No,No,No
619,Maharashtra,30,Male,Postgraduate,Engineer,Unemployed,127207,10600,1,Rural,No,Yes,Yes
620,Rajasthan,61,Female,Primary,Engineer,Unemployed,410659,34221,2,Rural,No,No,Yes
621,Rajasthan,73,Female,Primary,Healthcare,Unemployed,180450,15037,8,Rural,Yes,Yes,No
622,West Bengal,25,Female,Secondary,Engineer,Self-employed,825605,68800,6,Rural,No,No,Yes
623,Haryana,56,Male,Higher Secondary,Healthcare,Self-employed,645711,53809,1,Urban,No,No,No
624,Gujarat,52,Male,Higher Secondary,Government,Unemployed,334393,27866,4,Rural,No,Yes,Yes
625,West Bengal,53,Female,Secondary,Business,Self-employed,426776,35564,8,Urban,Yes,Yes,No
626,Gujarat,37,Male,Postgraduate,Healthcare,Self-employed,182073,15172,8,Urban,No,No,Yes
627,Maharashtra,80,Female,Secondary,Teacher,Student,357499,29791,5,Urban,No,No,No
628,Haryana,71,Female,Higher Secondary,Unemployed,Unemployed,803713,66976,1,Urban,Yes,Yes,Yes
629,Punjab,43,Male,Graduate,Engineer,Unemployed,719422,59951,2,Rural,No,No,No
630,Gujarat,26,Male,Secondary,Private,Employed,1123408,93617,7,Urban,Yes,No,No
631,Punjab,76,Female,Secondary,Teacher,Student,446716,37226,6,Urban,No,No,No
632,Uttar Pradesh,34,Female,Higher Secondary,Private,Employed,255782,21315,3,Urban,Yes,No,No
633,Rajasthan,28,Male,Higher Secondary,Teacher,Student,339118,28259,3,Urban,No,No,Yes
634,Haryana,26,Female,Secondary,Healthcare,Employed,434114,36176,7,Rural,No,No,Yes
635,Rajasthan,18,Female,Primary,Teacher,Employed,365805,30483,5,Rural,No,Yes,No
636,Punjab,52,Female,Primary,Healthcare,Student,877028,73085,8,Rural,No,Yes,Yes
637,Uttar Pradesh,40,Female,Postgraduate,Healthcare,Student,515345,42945,3,Urban,Yes,No,No
638,Tamil Nadu,76,Female,Postgraduate,Farmer,Self-employed,622790,51899,5,Rural,Yes,No,No
639,Delhi,36,Female,Primary,Government,Self-employed,783091,65257,3,Urban,Yes,No,No
640,West Bengal,56,Female,Secondary,Engineer,Student,247466,20622,3,Urban,No,No,Yes
641,Karnataka,28,Male,Graduate,Student,Student,669696,55808,5,Rural,Yes,Yes,Yes
642,Uttar Pradesh,52,Female,Graduate,Business,Employed,654945,54578,8,Rural,Yes,Yes,No
643,Delhi,28,Female,Graduate,Private,Student,60000,5000,4,Rural,Yes,Yes,No
644,Gujarat,77,Male,Secondary,Student,Self-employed,395261,32938,5,Rural,No,No,No
645,Tamil Nadu,38,Male,Higher Secondary,Government,Self-employed,533566,44463,5,Urban,No,Yes,Yes
646,Uttar Pradesh,80,Male,Postgraduate,Private,Student,943635,78636,5,Urban,No,Yes,No
647,Haryana,49,Male,Postgraduate,Engineer,Student,808615,67384,1,Urban,No,No,No
648,Karnataka,78,Female,Postgraduate,Healthcare,Employed,246147,20512,3,Rural,No,Yes,Yes
649,Karnataka,74,Female,Primary,Labour,Unemployed,294747,24562,2,Rural,No,No,Yes
650,Punjab,79,Female,Higher Secondary,Healthcare,Student,177646,14803,7,Urban,Yes,Yes,No
651,Tamil Nadu,68,Female,Primary,Private,Student,128473,10706,8,Urban,No,Yes,No
652,Delhi,35,Female,Postgraduate,Engineer,Self-employed,231765,19313,3,Rural,Yes,No,Yes
653,Haryana,33,Male,Postgraduate,Private,Employed,148592,12382,6,Urban,No,No,Yes
654,Punjab,49,Male,Graduate,Teacher,Employed,939238,78269,1,Rural,Yes,No,Yes
655,Tamil Nadu,32,Male,Primary,Engineer,Self-employed,218447,18203,3,Urban,Yes,No,Yes
656,Delhi,33,Male,Postgraduate,Farmer,Student,843106,70258,5,Urban,No,No,No
657,Karnataka,73,Male,Graduate,Teacher,Unemployed,466624,38885,3,Rural,No,No,Yes
658,Tamil Nadu,26,Male,Graduate,Business,Student,452356,37696,4,Urban,Yes,No,Yes
659,Punjab,80,Male,Postgraduate,Government,Student,485550,40462,8,Urban,No,Yes,Yes
660,Gujarat,33,Male,Higher Secondary,Private,Self-employed,308234,25686,2,Urban,Yes,Yes,No
661,West Bengal,40,Female,Higher Secondary,Private,Unemployed,581379,48448,1,Urban,Yes,No,No
662,Delhi,36,Male,Primary,Engineer,Employed,632365,52697,4,Rural,No,Yes,No
663,Delhi,28,Female,Secondary,Labour,Student,152650,12720,6,Urban,No,Yes,Yes
664,Delhi,45,Female,Higher Secondary,Teacher,Unemployed,587631,48969,1,Rural,No,No,No
665,Rajasthan,65,Male,Secondary,Private,Self-employed,60000,5000,5,Rural,No,No,No
666,Haryana,66,Male,Higher Secondary,Unemployed,Student,324319,27026,1,Urban,Yes,Yes,No
667,Haryana,39,Female,Secondary,Unemployed,Student,316319,26359,1,Rural,Yes,No,Yes
668,Karnataka,68,Male,Higher Secondary,Healthcare,Self-employed,350145,29178,2,Rural,Yes,Yes,Yes
669,Maharashtra,36,Male,Secondary,Government,Unemployed,498377,41531,2,Urban,No,Yes,No
670,Maharashtra,58,Male,Graduate,Private,Unemployed,954950,79579,7,Rural,No,Yes,Yes
671,Rajasthan,49,Male,Primary,Engineer,Student,459466,38288,5,Urban,No,Yes,No
672,Rajasthan,25,Female,Secondary,Government,Employed,182174,15181,6,Rural,Yes,Yes,No
673,Karnataka,44,Female,Graduate,Private,Employed,598300,49858,4,Urban,Yes,No,Yes
674,Punjab,52,Male,Higher Secondary,Private,Employed,685165,57097,8,Rural,No,Yes,No
675,Uttar Pradesh,77,Male,Primary,Unemployed,Unemployed,417979,34831,6,Urban,No,Yes,Yes
676,Maharashtra,61,Female,Graduate,Healthcare,Unemployed,475447,39620,3,Urban,No,No,No
677,Haryana,44,Male,Secondary,Government,Student,760673,63389,8,Rural,Yes,Yes,No
678,Karnataka,47,Female,Secondary,Business,Employed,587024,48918,7,Rural,No,No,No
679,Uttar Pradesh,46,Female,Higher Secondary,Farmer,Student,250226,20852,2,Urban,No,Yes,No
680,Punjab,43,Female,Graduate,Government,Employed,1128229,94019,8,Urban,Yes,Yes,Yes
681,Tamil Nadu,26,Female,Secondary,Student,Self-employed,368795,30732,2,Urban,No,Yes,Yes
682,Tamil Nadu,67,Male,Primary,Business,Self-employed,549661,45805,6,Rural,Yes,Yes,Yes
683,Rajasthan,58,Female,Postgraduate,Business,Unemployed,539424,44952,5,Urban,No,Yes,No
684,Karnataka,71,Male,Primary,Business,Employed,807772,67314,1,Urban,No,Yes,No
685,Gujarat,76,Male,Postgraduate,Government,Unemployed,60000,5000,7,Rural,Yes,Yes,No
686,Karnataka,46,Male,Secondary,Private,Self-employed,624948,52079,8,Rural,Yes,No,No
687,Maharashtra,34,Female,Primary,Engineer,Employed,266698,22224,5,Rural,Yes,Yes,Yes
688,Uttar Pradesh,59,Female,Primary,Farmer,Unemployed,882542,73545,3,Rural,Yes,No,Yes
689,Karnataka,47,Female,Primary,Healthcare,Student,438312,36526,8,Rural,No,No,No
690,Tamil Nadu,33,Male,Higher Secondary,Business,Unemployed,410385,34198,5,Rural,Yes,Yes,Yes
691,Punjab,73,Male,Primary,Labour,Employed,438091,36507,6,Urban,Yes,Yes,Yes
692,Gujarat,41,Female,Primary,Business,Self-employed,348059,29004,8,Rural,No,Yes,No
693,Maharashtra,52,Female,Primary,Teacher,Self-employed,634791,52899,6,Rural,No,No,No
694,Haryana,62,Female,Secondary,Government,Employed,375304,31275,3,Rural,No,No,Yes
695,Karnataka,41,Female,Higher Secondary,Teacher,Unemployed,594531,49544,1,Rural,No,No,No
696,Tamil Nadu,49,Male,Postgraduate,Unemployed,Self-employed,662007,55167,8,Rural,No,Yes,Yes
697,Tamil Nadu,53,Male,Secondary,Business,Unemployed,547485,45623,2,Rural,Yes,Yes,Yes
698,Maharashtra,54,Female,Primary,Labour,Unemployed,395156,32929,8,Rural,Yes,No,No
699,Uttar Pradesh,64,Male,Secondary,Teacher,Student,985902,82158,4,Urban,No,Yes,No
700,West Bengal,60,Female,Primary,Engineer,Self-employed,576418,48034,1,Urban,Yes,Yes,Yes
701,Uttar Pradesh,67,Female,Secondary,Private,Employed,140301,11691,8,Rural,Yes,Yes,Yes
702,Maharashtra,72,Female,Primary,Business,Student,847132,70594,5,Rural,Yes,Yes,No
703,Haryana,33,Male,Primary,Teacher,Student,675901,56325,5,Urban,No,Yes,No
704,Punjab,69,Male,Higher Secondary,Government,Employed,604786,50398,2,Urban,No,No,No
705,Delhi,75,Female,Higher Secondary,Unemployed,Self-employed,382530,31877,4,Urban,Yes,No,Yes
706,Gujarat,21,Male,Primary,Healthcare,Self-employed,822933,68577,5,Urban,No,No,Yes
707,Haryana,45,Male,Secondary,Unemployed,Student,542045,45170,3,Urban,Yes,No,Yes
708,Haryana,72,Female,Higher Secondary,Government,Unemployed,390553,32546,6,Rural,No,Yes,No
709,Delhi,56,Female,Postgraduate,Student,Unemployed,749275,62439,4,Urban,Yes,No,Yes
710,Tamil Nadu,56,Female,Secondary,Private,Unemployed,494163,41180,2,Rural,No,Yes,Yes
711,Uttar Pradesh,20,Female,Postgraduate,Healthcare,Unemployed,590074,49172,4,Rural,No,Yes,Yes
712,Delhi,48,Male,Secondary,Business,Self-employed,718279,59856,1,Urban,No,Yes,Yes
713,Punjab,29,Male,Primary,Business,Employed,577721,48143,4,Rural,Yes,Yes,No
714,Karnataka,57,Female,Primary,Healthcare,Student,519323,43276,3,Rural,No,No,Yes
715,Uttar Pradesh,68,Male,Primary,Labour,Unemployed,357406,29783,2,Urban,Yes,No,No
716,Tamil Nadu,48,Female,Graduate,Labour,Student,205528,17127,4,Urban,No,Yes,No
717,Delhi,44,Female,Secondary,Farmer,Unemployed,603151,50262,2,Rural,Yes,No,Yes
718,Maharashtra,40,Male,Higher Secondary,Student,Employed,135020,11251,5,Urban,No,No,Yes
719,West Bengal,32,Female,Graduate,Business,Student,263418,21951,6,Urban,Yes,No,No
720,Punjab,68,Female,Secondary,Business,Self-employed,228084,19007,2,Rural,No,Yes,No
721,Rajasthan,75,Female,Higher Secondary,Student,Student,572654,47721,7,Rural,Yes,No,Yes
722,Punjab,30,Female,Primary,Private,Student,70695,5891,2,Rural,No,Yes,Yes
723,Gujarat,59,Female,Primary,Private,Student,647547,53962,5,Urban,Yes,Yes,No
724,Uttar Pradesh,67,Female,Higher Secondary,Teacher,Employed,1060980,88415,1,Urban,No,Yes,Yes
725,Punjab,26,Female,Graduate,Unemployed,Unemployed,470490,39207,5,Urban,No,Yes,Yes
726,Haryana,33,Male,Postgraduate,Unemployed,Unemployed,196623,16385,7,Urban,No,Yes,No
727,Gujarat,39,Female,Higher Secondary,Farmer,Unemployed,749536,62461,1,Rural,No,No,Yes
728,Punjab,60,Male,Secondary,Engineer,Self-employed,574361,47863,7,Rural,Yes,Yes,No
729,Delhi,73,Female,Primary,Labour,Employed,644935,53744,3,Urban,No,Yes,Yes
730,Maharashtra,52,Female,Postgraduate,Student,Employed,695399,57949,5,Rural,Yes,Yes,Yes
731,Karnataka,57,Female,Postgraduate,Student,Student,200348,16695,4,Rural,Yes,No,Yes
732,Delhi,71,Male,Primary,Teacher,Self-employed,277854,23154,6,Rural,No,No,No
733,Uttar Pradesh,70,Male,Higher Secondary,Healthcare,Student,699355,58279,2,Urban,Yes,Yes,Yes
734,Tamil Nadu,28,Male,Postgraduate,Teacher,Student,808922,67410,5,Rural,No,No,Yes
735,Punjab,68,Female,Higher Secondary,Labour,Unemployed,776812,64734,6,Rural,No,Yes,No
736,Maharashtra,31,Male,Primary,Business,Student,494859,41238,4,Urban,No,Yes,Yes
737,West Bengal,27,Male,Higher Secondary,Farmer,Unemployed,966043,80503,8,Rural,Yes,Yes,Yes
738,Haryana,63,Female,Secondary,Engineer,Unemployed,180319,15026,8,Rural,Yes,No,No
739,Delhi,32,Female,Postgraduate,Unemployed,Unemployed,569875,47489,6,Rural,Yes,No,No
740,Delhi,48,Male,Graduate,Business,Employed,715585,59632,1,Urban,Yes,Yes,No
741,Uttar Pradesh,26,Male,Higher Secondary,Farmer,Unemployed,394814,32901,4,Urban,Yes,No,Yes
742,West Bengal,44,Male,Primary,Engineer,Student,1124078,93673,5,Urban,No,Yes,No
743,West Bengal,53,Female,Secondary,Teacher,Employed,648320,54026,3,Urban,No,Yes,Yes
744,Maharashtra,23,Male,Graduate,Teacher,Self-employed,828488,69040,4,Rural,Yes,Yes,Yes
745,Tamil Nadu,79,Female,Secondary,Healthcare,Employed,574893,47907,3,Urban,Yes,No,Yes
746,Delhi,37,Female,Higher Secondary,Farmer,Employed,76365,6363,6,Rural,Yes,Yes,No
747,West Bengal,61,Female,Secondary,Teacher,Self-employed,906890,75574,6,Urban,Yes,No,No
748,Punjab,71,Female,Secondary,Teacher,Unemployed,1080043,90003,2,Urban,No,No,No
749,Karnataka,45,Male,Secondary,Teacher,Student,438772,36564,2,Rural,No,Yes,No
750,Delhi,31,Male,Higher Secondary,Teacher,Unemployed,354855,29571,3,Rural,No,Yes,Yes
751,Rajasthan,75,Female,Higher Secondary,Student,Employed,402360,33530,4,Rural,No,No,Yes
752,Punjab,68,Male,Primary,Engineer,Employed,421699,35141,2,Rural,Yes,Yes,No
753,Rajasthan,63,Female,Secondary,Private,Unemployed,463107,38592,5,Rural,No,Yes,Yes
754,Rajasthan,70,Female,Secondary,Healthcare,Unemployed,582645,48553,5,Rural,No,Yes,No
755,Rajasthan,23,Female,Primary,Labour,Self-employed,339096,28258,4,Urban,Yes,Yes,No
756,Haryana,64,Female,Primary,Healthcare,Unemployed,275516,22959,5,Urban,Yes,No,No
757,Rajasthan,75,Male,Postgraduate,Private,Student,998709,83225,6,Urban,No,Yes,No
758,Tamil Nadu,42,Male,Secondary,Farmer,Student,266672,22222,4,Rural,No,No,No
759,Maharashtra,51,Female,Postgraduate,Business,Employed,464100,38675,1,Rural,No,No,No
760,Delhi,31,Male,Secondary,Healthcare,Student,374265,31188,1,Urban,No,Yes,Yes
761,Tamil Nadu,24,Male,Primary,Farmer,Self-employed,467194,38932,7,Rural,Yes,No,No
762,Tamil Nadu,19,Male,Graduate,Engineer,Unemployed,762661,63555,2,Urban,No,No,Yes
763,Gujarat,42,Male,Graduate,Business,Student,686329,57194,1,Urban,Yes,Yes,Yes
764,Karnataka,42,Female,Graduate,Unemployed,Self-employed,759794,63316,8,Rural,No,Yes,Yes
765,Rajasthan,36,Female,Secondary,Labour,Student,670058,55838,8,Rural,No,No,Yes
766,Gujarat,32,Male,Postgraduate,Teacher,Self-employed,371250,30937,5,Rural,Yes,No,Yes
767,Punjab,76,Female,Graduate,Teacher,Student,511358,42613,2,Urban,Yes,No,No
768,Maharashtra,31,Male,Higher Secondary,Unemployed,Self-employed,469155,39096,5,Rural,No,No,No
769,West Bengal,62,Female,Postgraduate,Farmer,Self-employed,370077,30839,6,Rural,Yes,No,No
770,Maharashtra,78,Male,Higher Secondary,Student,Student,555853,46321,5,Urban,Yes,No,No
771,Rajasthan,45,Male,Primary,Private,Employed,978892,81574,3,Urban,No,No,No
772,Punjab,22,Female,Graduate,Business,Employed,711404,59283,4,Rural,Yes,Yes,Yes
773,Karnataka,42,Male,Graduate,Teacher,Student,514245,42853,8,Rural,Yes,Yes,Yes
774,Gujarat,46,Female,Postgraduate,Business,Employed,408778,34064,2,Rural,No,Yes,No
775,Delhi,73,Female,Graduate,Business,Self-employed,549135,45761,4,Urban,No,No,No
776,West Bengal,66,Male,Primary,Private,Employed,732118,61009,4,Rural,No,Yes,Yes
777,Punjab,24,Female,Graduate,Business,Self-employed,386378,32198,7,Rural,Yes,Yes,Yes
778,West Bengal,26,Male,Secondary,Student,Student,331747,27645,1,Urban,Yes,No,No
779,Punjab,73,Female,Postgraduate,Healthcare,Self-employed,223802,18650,3,Rural,Yes,Yes,Yes
780,Haryana,74,Male,Postgraduate,Unemployed,Unemployed,339744,28312,8,Rural,No,No,Yes
781,Delhi,72,Male,Higher Secondary,Private,Student,98799,8233,4,Rural,Yes,Yes,No
782,Rajasthan,24,Male,Postgraduate,Farmer,Employed,850613,70884,3,Urban,Yes,Yes,Yes
783,West Bengal,28,Male,Secondary,Student,Student,228145,19012,1,Rural,Yes,Yes,Yes
784,Rajasthan,55,Male,Primary,Engineer,Student,60000,5000,3,Rural,No,Yes,Yes
785,Karnataka,57,Female,Graduate,Unemployed,Unemployed,589235,49102,8,Urban,No,No,Yes
786,Rajasthan,44,Male,Postgraduate,Student,Self-employed,505064,42088,7,Urban,Yes,No,No
787,Uttar Pradesh,62,Male,Graduate,Student,Self-employed,382703,31891,2,Urban,No,Yes,Yes
788,Tamil Nadu,35,Male,Postgraduate,Farmer,Unemployed,362445,30203,3,Urban,No,No,Yes
789,Delhi,43,Female,Secondary,Teacher,Student,435691,36307,6,Urban,No,Yes,Yes
790,Karnataka,24,Male,Higher Secondary,Labour,Employed,425561,35463,5,Rural,Yes,No,No
791,Delhi,51,Female,Primary,Labour,Unemployed,504536,42044,7,Urban,No,Yes,No
792,Karnataka,25,Male,Primary,Teacher,Student,384673,32056,1,Rural,No,No,No
793,Maharashtra,18,Female,Primary,Teacher,Employed,485740,40478,1,Urban,No,No,Yes
794,Haryana,39,Male,Secondary,Government,Student,438293,36524,5,Urban,Yes,No,No
795,Tamil Nadu,52,Female,Higher Secondary,Business,Student,349878,29156,8,Urban,Yes,No,Yes
796,Karnataka,55,Female,Higher Secondary,Private,Self-employed,393220,32768,1,Rural,No,Yes,Yes
797,Karnataka,35,Male,Postgraduate,Farmer,Student,966756,80563,3,Rural,Yes,Yes,Yes
798,Gujarat,38,Male,Graduate,Healthcare,Student,60000,5000,5,Rural,Yes,No,No
799,Rajasthan,37,Male,Postgraduate,Business,Student,765380,63781,4,Rural,No,No,Yes
800,Haryana,38,Female,Postgraduate,Unemployed,Unemployed,206270,17189,8,Rural,No,Yes,No
801,Haryana,23,Male,Primary,Healthcare,Unemployed,591809,49317,7,Rural,No,No,Yes
802,West Bengal,59,Female,Higher Secondary,Government,Self-employed,928469,77372,7,Urban,No,No,Yes
803,Rajasthan,40,Female,Secondary,Private,Student,609621,50801,1,Rural,No,No,Yes
804,West Bengal,65,Female,Primary,Unemployed,Self-employed,453861,37821,6,Rural,No,Yes,No
805,Uttar Pradesh,50,Female,Postgraduate,Farmer,Employed,201668,16805,5,Urban,Yes,Yes,Yes
806,Tamil Nadu,75,Female,Secondary,Farmer,Unemployed,588876,49073,5,Urban,Yes,No,Yes
807,Gujarat,44,Male,Secondary,Unemployed,Student,970078,80839,1,Urban,No,Yes,Yes
808,Haryana,61,Male,Higher Secondary,Government,Student,898060,74838,5,Rural,Yes,Yes,Yes
809,Punjab,78,Female,Graduate,Engineer,Student,753968,62830,1,Urban,No,No,No
810,Punjab,46,Female,Higher Secondary,Private,Self-employed,283104,23592,5,Urban,Yes,Yes,Yes
811,West Bengal,45,Male,Secondary,Student,Self-employed,631118,52593,1,Urban,No,Yes,Yes
812,Uttar Pradesh,67,Male,Higher Secondary,Unemployed,Unemployed,613447,51120,5,Urban,No,No,No
813,Karnataka,65,Male,Graduate,Healthcare,Self-employed,443761,36980,6,Urban,Yes,No,Yes
814,Maharashtra,44,Male,Primary,Business,Student,61325,5110,5,Urban,No,No,No
815,Delhi,68,Female,Primary,Unemployed,Unemployed,1003351,83612,6,Rural,Yes,Yes,No
816,Karnataka,32,Male,Primary,Government,Unemployed,328515,27376,7,Urban,No,Yes,Yes
817,Uttar Pradesh,53,Male,Primary,Business,Employed,419803,34983,4,Rural,Yes,No,No
818,Tamil Nadu,31,Female,Graduate,Healthcare,Student,477184,39765,2,Urban,Yes,No,Yes
819,Punjab,62,Male,Primary,Business,Employed,518005,43167,1,Rural,Yes,No,Yes
820,Haryana,68,Female,Primary,Government,Unemployed,705513,58792,4,Urban,Yes,Yes,No
821,Rajasthan,74,Female,Primary,Government,Employed,303643,25303,4,Rural,Yes,Yes,No
822,Tamil Nadu,64,Male,Higher Secondary,Teacher,Self-employed,839316,69943,3,Rural,No,Yes,No
823,Tamil Nadu,31,Female,Secondary,Unemployed,Unemployed,320557,26713,6,Urban,No,No,No
824,Delhi,56,Female,Primary,Farmer,Unemployed,701785,58482,3,Rural,Yes,No,Yes
825,Maharashtra,21,Female,Higher Secondary,Labour,Self-employed,774472,64539,2,Rural,Yes,Yes,No
826,Maharashtra,58,Female,Graduate,Student,Employed,594128,49510,5,Urban,Yes,Yes,No
827,Gujarat,38,Male,Higher Secondary,Labour,Student,60000,5000,7,Urban,No,No,Yes
828,Tamil Nadu,79,Female,Higher Secondary,Engineer,Student,708148,59012,6,Rural,Yes,Yes,No
829,Rajasthan,29,Male,Primary,Student,Employed,371141,30928,6,Rural,No,Yes,Yes
830,Punjab,51,Male,Postgraduate,Labour,Self-employed,152845,12737,3,Urban,Yes,Yes,Yes
831,Rajasthan,56,Female,Postgraduate,Business,Student,411440,34286,5,Urban,No,No,No
832,Tamil Nadu,45,Female,Primary,Business,Self-employed,446146,37178,8,Rural,No,No,Yes
833,Haryana,54,Male,Postgraduate,Farmer,Employed,695156,57929,1,Rural,No,No,Yes
834,Tamil Nadu,60,Female,Graduate,Labour,Self-employed,320177,26681,4,Urban,Yes,Yes,No
835,Punjab,60,Male,Primary,Unemployed,Employed,419360,34946,7,Urban,Yes,Yes,No
836,West Bengal,30,Male,Graduate,Government,Unemployed,323763,26980,1,Rural,Yes,No,No
837,Haryana,22,Female,Postgraduate,Healthcare,Unemployed,102579,8548,4,Rural,Yes,No,No
838,Delhi,35,Female,Primary,Private,Employed,876786,73065,6,Rural,No,No,No
839,Haryana,55,Male,Higher Secondary,Business,Self-employed,773069,64422,4,Rural,No,Yes,Yes
840,Haryana,66,Female,Graduate,Student,Unemployed,656440,54703,6,Rural,No,Yes,No
841,Rajasthan,22,Male,Graduate,Engineer,Student,60000,5000,7,Urban,Yes,Yes,Yes
842,Delhi,33,Male,Graduate,Student,Student,516885,43073,2,Rural,Yes,Yes,Yes
843,Punjab,28,Female,Primary,Government,Employed,699201,58266,7,Rural,Yes,No,No
844,Haryana,65,Male,Primary,Government,Unemployed,399134,33261,4,Urban,Yes,No,No
845,Gujarat,65,Female,Primary,Farmer,Student,758206,63183,3,Urban,Yes,Yes,No
846,Tamil Nadu,74,Female,Higher Secondary,Unemployed,Student,467628,38969,3,Rural,Yes,No,No
847,Haryana,74,Male,Higher Secondary,Government,Self-employed,736444,61370,1,Rural,No,No,No
848,Gujarat,77,Male,Primary,Unemployed,Employed,719399,59949,5,Urban,No,No,No
849,Haryana,19,Female,Graduate,Teacher,Self-employed,292172,24347,7,Rural,Yes,No,Yes
850,Delhi,79,Female,Postgraduate,Farmer,Self-employed,439741,36645,5,Urban,Yes,No,No
851,Maharashtra,52,Female,Secondary,Unemployed,Student,676986,56415,5,Urban,No,Yes,No
852,Delhi,29,Female,Primary,Healthcare,Self-employed,726115,60509,4,Rural,Yes,Yes,No
853,Tamil Nadu,26,Female,Graduate,Student,Unemployed,729468,60789,8,Rural,No,No,No
854,Maharashtra,42,Male,Graduate,Teacher,Employed,592642,49386,5,Rural,Yes,Yes,No
855,Delhi,26,Male,Higher Secondary,Business,Employed,215064,17922,6,Rural,Yes,Yes,No
856,Rajasthan,49,Male,Higher Secondary,Labour,Unemployed,290995,24249,7,Rural,Yes,Yes,Yes
857,Gujarat,24,Female,Graduate,Student,Student,831435,69286,1,Rural,Yes,No,No
858,Maharashtra,61,Female,Secondary,Unemployed,Self-employed,300983,25081,5,Rural,Yes,Yes,No
859,Uttar Pradesh,60,Male,Higher Secondary,Student,Employed,391892,32657,6,Urban,No,Yes,Yes
860,Gujarat,57,Male,Graduate,Unemployed,Employed,195148,16262,5,Urban,Yes,Yes,No
861,Uttar Pradesh,31,Male,Graduate,Labour,Student,550588,45882,1,Rural,No,No,No
862,Uttar Pradesh,32,Male,Primary,Student,Employed,669796,55816,5,Urban,No,No,Yes
863,Karnataka,80,Male,Postgraduate,Private,Unemployed,179411,14950,2,Rural,No,No,No
864,Uttar Pradesh,40,Female,Secondary,Student,Student,556859,46404,5,Rural,No,No,Yes
865,Haryana,32,Male,Graduate,Labour,Self-employed,291395,24282,5,Urban,Yes,Yes,No
866,Delhi,41,Female,Graduate,Engineer,Self-employed,658586,54882,1,Urban,Yes,Yes,Yes
867,Gujarat,61,Female,Secondary,Government,Student,458040,38170,6,Urban,No,No,Yes
868,West Bengal,63,Male,Higher Secondary,Farmer,Student,746053,62171,6,Urban,Yes,No,No
869,Uttar Pradesh,49,Female,Postgraduate,Healthcare,Employed,309240,25770,2,Urban,No,No,Yes
870,West Bengal,27,Female,Primary,Healthcare,Unemployed,496852,41404,5,Urban,No,No,Yes
871,Gujarat,67,Male,Secondary,Healthcare,Employed,605584,50465,6,Rural,Yes,Yes,Yes
872,West Bengal,67,Female,Higher Secondary,Engineer,Unemployed,798083,66506,5,Rural,Yes,Yes,Yes
873,Gujarat,63,Female,Higher Secondary,Teacher,Self-employed,388610,32384,1,Rural,Yes,Yes,No
874,Uttar Pradesh,31,Female,Secondary,Unemployed,Unemployed,210655,17554,5,Rural,Yes,No,No
875,Karnataka,49,Male,Higher Secondary,Teacher,Self-employed,217011,18084,5,Urban,No,No,No
876,Karnataka,27,Female,Graduate,Healthcare,Self-employed,549838,45819,2,Rural,No,Yes,Yes
877,Punjab,77,Male,Postgraduate,Private,Student,140624,11718,3,Rural,Yes,Yes,No
878,Rajasthan,66,Male,Secondary,Private,Self-employed,238455,19871,3,Urban,Yes,Yes,No
879,West Bengal,26,Female,Secondary,Government,Self-employed,611176,50931,3,Urban,Yes,No,No
880,Rajasthan,58,Female,Primary,Engineer,Self-employed,60000,5000,7,Urban,Yes,Yes,No
881,Uttar Pradesh,23,Female,Graduate,Farmer,Student,1309456,109121,5,Urban,Yes,Yes,No
882,Haryana,67,Female,Secondary,Private,Self-employed,423271,35272,3,Urban,No,No,Yes
883,Karnataka,63,Male,Postgraduate,Healthcare,Student,366115,30509,1,Urban,Yes,Yes,No
884,Punjab,28,Male,Primary,Business,Student,361528,30127,7,Rural,No,No,No
885,Haryana,40,Female,Postgraduate,Student,Unemployed,1229932,102494,2,Rural,No,No,No
886,Delhi,54,Male,Postgraduate,Student,Student,254655,21221,6,Urban,No,No,Yes
887,Tamil Nadu,42,Female,Graduate,Labour,Unemployed,1223470,101955,3,Urban,No,No,No
888,Rajasthan,76,Female,Secondary,Farmer,Self-employed,1085399,90449,5,Urban,No,Yes,No
889,Uttar Pradesh,70,Female,Graduate,Labour,Employed,240925,20077,2,Rural,No,No,No
890,Rajasthan,39,Male,Higher Secondary,Unemployed,Self-employed,160257,13354,5,Rural,No,Yes,No
891,West Bengal,52,Female,Higher Secondary,Government,Student,504724,42060,3,Rural,Yes,Yes,Yes
892,Karnataka,80,Female,Graduate,Student,Unemployed,62071,5172,3,Urban,No,No,No
893,Punjab,44,Male,Secondary,Healthcare,Student,338285,28190,6,Rural,No,Yes,No
894,Rajasthan,74,Female,Secondary,Private,Unemployed,560849,46737,2,Rural,No,Yes,No
895,Delhi,51,Female,Secondary,Student,Employed,248247,20687,6,Urban,Yes,No,No
896,Gujarat,61,Male,Graduate,Business,Student,962133,80177,1,Rural,No,No,Yes
897,Punjab,69,Female,Postgraduate,Healthcare,Employed,341705,28475,2,Rural,Yes,Yes,No
898,Delhi,37,Female,Higher Secondary,Teacher,Employed,474975,39581,6,Urban,Yes,Yes,Yes
899,Tamil Nadu,76,Female,Graduate,Labour,Unemployed,316681,26390,5,Urban,No,No,Yes
900,Punjab,21,Female,Graduate,Business,Unemployed,624914,52076,2,Urban,No,Yes,Yes
901,Haryana,75,Female,Secondary,Student,Unemployed,423732,35311,3,Urban,Yes,Yes,Yes
902,Rajasthan,50,Male,Postgraduate,Business,Unemployed,695364,57947,1,Urban,Yes,Yes,Yes
903,Uttar Pradesh,67,Male,Graduate,Government,Unemployed,619035,51586,2,Urban,Yes,No,Yes
904,Punjab,24,Female,Secondary,Private,Unemployed,340831,28402,6,Urban,No,Yes,No
905,Punjab,62,Male,Secondary,Healthcare,Employed,453883,37823,8,Urban,No,Yes,Yes
906,Haryana,80,Male,Higher Secondary,Teacher,Unemployed,621632,51802,8,Urban,No,Yes,Yes
907,Uttar Pradesh,29,Male,Graduate,Business,Unemployed,407459,33954,4,Urban,No,Yes,No
908,West Bengal,68,Female,Primary,Unemployed,Employed,762318,63526,2,Urban,Yes,No,Yes
909,Gujarat,39,Male,Graduate,Private,Employed,226938,18911,7,Urban,No,No,Yes
910,Delhi,21,Male,Graduate,Government,Self-employed,221537,18461,8,Urban,Yes,Yes,No
911,Maharashtra,43,Male,Graduate,Unemployed,Employed,117677,9806,2,Urban,No,No,No
912,Maharashtra,24,Male,Primary,Government,Self-employed,668585,55715,1,Rural,Yes,Yes,No
913,Tamil Nadu,53,Male,Postgraduate,Private,Self-employed,753757,62813,3,Urban,No,No,No
914,Punjab,64,Male,Graduate,Healthcare,Self-employed,506251,42187,4,Rural,No,Yes,Yes
915,Punjab,54,Male,Graduate,Government,Student,138541,11545,3,Rural,Yes,No,Yes
916,Rajasthan,42,Male,Higher Secondary,Private,Employed,555326,46277,5,Rural,No,Yes,Yes
917,West Bengal,68,Male,Secondary,Student,Self-employed,299602,24966,6,Rural,Yes,Yes,Yes
918,Haryana,67,Female,Higher Secondary,Farmer,Self-employed,796241,66353,8,Rural,Yes,No,Yes
919,Maharashtra,79,Female,Higher Secondary,Business,Student,253758,21146,5,Rural,Yes,Yes,Yes
920,Haryana,28,Female,Graduate,Private,Employed,213177,17764,1,Rural,Yes,Yes,No
921,Uttar Pradesh,47,Male,Higher Secondary,Unemployed,Student,60000,5000,5,Urban,No,Yes,No
922,Karnataka,55,Male,Primary,Student,Employed,624587,52048,8,Rural,Yes,Yes,Yes
923,Punjab,43,Male,Higher Secondary,Government,Employed,660992,55082,6,Rural,Yes,Yes,No
924,West Bengal,57,Female,Primary,Engineer,Student,610549,50879,5,Urban,Yes,No,No
925,Maharashtra,28,Female,Secondary,Government,Employed,588205,49017,8,Urban,No,Yes,No
926,Punjab,35,Female,Higher Secondary,Engineer,Unemployed,432427,36035,7,Rural,Yes,No,Yes
927,Karnataka,43,Male,Graduate,Labour,Self-employed,365085,30423,5,Rural,No,Yes,No
928,West Bengal,52,Female,Primary,Engineer,Unemployed,386846,32237,2,Rural,No,No,No
929,Gujarat,47,Female,Higher Secondary,Healthcare,Self-employed,147680,12306,8,Rural,No,No,Yes
930,West Bengal,22,Male,Higher Secondary,Private,Unemployed,603678,50306,1,Urban,No,No,Yes
931,Maharashtra,49,Female,Graduate,Student,Employed,554465,46205,1,Rural,Yes,No,No
932,Haryana,63,Female,Higher Secondary,Government,Unemployed,381844,31820,3,Rural,No,No,No
933,Punjab,66,Female,Postgraduate,Government,Unemployed,734136,61178,5,Rural,No,No,Yes
934,Karnataka,69,Female,Graduate,Private,Self-employed,406923,33910,5,Rural,No,No,Yes
935,Maharashtra,28,Female,Primary,Business,Self-employed,210421,17535,8,Rural,No,No,No
936,Karnataka,38,Female,Higher Secondary,Farmer,Unemployed,560234,46686,3,Rural,Yes,Yes,Yes
937,Tamil Nadu,65,Male,Graduate,Unemployed,Student,557802,46483,3,Urban,Yes,No,Yes
938,Punjab,30,Male,Primary,Farmer,Employed,60000,5000,1,Rural,No,Yes,No
939,Haryana,69,Male,Higher Secondary,Healthcare,Student,794051,66170,1,Urban,No,Yes,No
940,Gujarat,51,Female,Graduate,Student,Unemployed,575062,47921,1,Rural,No,Yes,Yes
941,Haryana,71,Female,Primary,Student,Self-employed,353183,29431,4,Rural,Yes,No,No
942,Tamil Nadu,18,Male,Postgraduate,Engineer,Student,117091,9757,8,Rural,No,Yes,Yes
943,West Bengal,25,Male,Graduate,Unemployed,Unemployed,1013029,84419,3,Rural,Yes,No,Yes
944,Gujarat,44,Female,Graduate,Government,Self-employed,449278,37439,4,Urban,Yes,Yes,Yes
945,Haryana,34,Male,Postgraduate,Business,Unemployed,548994,45749,1,Urban,Yes,No,Yes
946,Tamil Nadu,44,Female,Graduate,Unemployed,Student,694417,57868,7,Rural,Yes,No,No
947,Uttar Pradesh,79,Male,Graduate,Private,Self-employed,806785,67232,7,Urban,Yes,No,Yes
948,Delhi,73,Female,Graduate,Private,Self-employed,574717,47893,6,Urban,No,Yes,Yes
949,Punjab,19,Male,Postgraduate,Unemployed,Employed,365137,30428,8,Rural,No,Yes,No
950,Uttar Pradesh,24,Male,Postgraduate,Unemployed,Unemployed,563916,46993,6,Rural,Yes,No,No
951,Rajasthan,71,Male,Postgraduate,Student,Student,819037,68253,7,Urban,No,Yes,No
952,Uttar Pradesh,64,Female,Primary,Private,Self-employed,536764,44730,4,Urban,No,No,Yes
953,Delhi,80,Female,Secondary,Labour,Self-employed,368941,30745,6,Urban,No,No,Yes
954,Delhi,38,Male,Higher Secondary,Healthcare,Unemployed,729116,60759,4,Urban,No,No,Yes
955,West Bengal,59,Male,Secondary,Farmer,Employed,765718,63809,5,Rural,No,Yes,Yes
956,Punjab,34,Female,Higher Secondary,Government,Student,538486,44873,2,Urban,No,No,Yes
957,West Bengal,52,Female,Graduate,Business,Unemployed,1091344,90945,3,Rural,No,No,No
958,Uttar Pradesh,24,Male,Graduate,Engineer,Student,95999,7999,7,Rural,Yes,Yes,Yes
959,Rajasthan,27,Female,Postgraduate,Student,Self-employed,619074,51589,8,Urban,No,No,No
960,Haryana,56,Male,Higher Secondary,Teacher,Unemployed,522462,43538,2,Rural,Yes,No,Yes
961,West Bengal,24,Female,Higher Secondary,Government,Self-employed,840162,70013,3,Urban,No,No,Yes
962,West Bengal,49,Female,Primary,Farmer,Self-employed,720327,60027,7,Urban,No,No,No
963,Punjab,63,Male,Primary,Private,Student,490425,40868,5,Rural,Yes,No,No
964,Maharashtra,57,Female,Higher Secondary,Student,Employed,381582,31798,2,Rural,No,No,No
965,West Bengal,60,Female,Higher Secondary,Unemployed,Employed,869117,72426,2,Rural,No,No,Yes
966,Delhi,54,Female,Graduate,Farmer,Employed,447618,37301,3,Rural,No,Yes,No
967,Gujarat,44,Male,Primary,Business,Employed,296330,24694,8,Urban,Yes,Yes,Yes
968,Punjab,44,Male,Higher Secondary,Engineer,Student,830704,69225,1,Urban,Yes,Yes,Yes
969,Rajasthan,76,Male,Primary,Teacher,Student,361564,30130,8,Urban,Yes,Yes,Yes
970,Delhi,59,Female,Graduate,Government,Student,60000,5000,4,Rural,Yes,Yes,No
971,West Bengal,57,Male,Postgraduate,Government,Self-employed,476676,39723,7,Urban,Yes,No,No
972,Maharashtra,35,Female,Higher Secondary,Healthcare,Student,674804,56233,6,Rural,No,No,No
973,West Bengal,23,Male,Graduate,Teacher,Student,338549,28212,7,Rural,Yes,No,No
974,Uttar Pradesh,20,Female,Primary,Engineer,Self-employed,457139,38094,7,Rural,Yes,No,No
975,Delhi,31,Male,Postgraduate,Private,Student,700381,58365,4,Rural,Yes,No,Yes
976,Gujarat,21,Female,Graduate,Unemployed,Unemployed,946206,78850,4,Rural,Yes,No,No
977,Uttar Pradesh,69,Male,Higher Secondary,Healthcare,Employed,282167,23513,8,Rural,Yes,No,No
978,Gujarat,67,Female,Graduate,Engineer,Unemployed,306825,25568,5,Urban,No,Yes,Yes
979,Tamil Nadu,25,Female,Higher Secondary,Healthcare,Self-employed,357893,29824,1,Rural,No,Yes,Yes
980,Delhi,21,Male,Postgraduate,Teacher,Unemployed,475714,39642,6,Urban,No,No,No
981,Haryana,40,Female,Secondary,Healthcare,Unemployed,577141,48095,8,Urban,No,No,No
982,Uttar Pradesh,27,Female,Higher Secondary,Student,Unemployed,277075,23089,1,Urban,Yes,Yes,Yes
983,Haryana,35,Male,Higher Secondary,Government,Student,283284,23607,1,Urban,No,No,No
984,Tamil Nadu,74,Male,Secondary,Healthcare,Unemployed,720161,60013,2,Urban,Yes,Yes,Yes
985,Maharashtra,75,Female,Secondary,Student,Student,183212,15267,1,Urban,Yes,Yes,No
986,Uttar Pradesh,26,Female,Primary,Farmer,Self-employed,935225,77935,4,Rural,No,No,No
987,Karnataka,36,Male,Primary,Government,Student,439992,36666,6,Urban,Yes,No,No
988,Punjab,66,Male,Higher Secondary,Engineer,Student,298637,24886,2,Rural,Yes,Yes,Yes
989,Haryana,31,Male,Higher Secondary,Engineer,Unemployed,1128575,94047,8,Urban,No,Yes,No
990,Uttar Pradesh,76,Female,Graduate,Teacher,Self-employed,245383,20448,1,Urban,Yes,No,Yes
991,Uttar Pradesh,23,Male,Primary,Student,Unemployed,579310,48275,3,Rural,No,Yes,No
992,Haryana,48,Male,Primary,Teacher,Self-employed,419951,34995,2,Urban,No,Yes,Yes
993,Haryana,44,Male,Higher Secondary,Government,Unemployed,768630,64052,7,Rural,Yes,No,No
994,Rajasthan,53,Female,Graduate,Healthcare,Student,139004,11583,7,Urban,No,No,Yes
995,Uttar Pradesh,72,Male,Postgraduate,Student,Employed,348661,29055,6,Rural,No,Yes,No
996,Rajasthan,40,Male,Graduate,Student,Employed,446305,37192,6,Rural,No,No,No
997,Maharashtra,42,Male,Graduate,Healthcare,Employed,577083,48090,3,Rural,No,No,No
998,Punjab,35,Male,Secondary,Private,Student,704559,58713,7,Rural,No,Yes,No
999,West Bengal,64,Male,Graduate,Farmer,Student,584335,48694,4,Urban,No,No,Yes
1000,Rajasthan,30,Female,Secondary,Government,Student,191853,15987,5,Urban,Yes,Yes,Yes
1001,Punjab,78,Male,Secondary,Healthcare,Self-employed,375664,31305,2,Urban,Yes,Yes,No
1002,Gujarat,22,Male,Higher Secondary,Business,Unemployed,518421,43201,5,Rural,Yes,No,No
1003,Rajasthan,18,Female,Postgraduate,Teacher,Self-employed,871813,72651,1,Rural,Yes,Yes,No
1004,Delhi,30,Male,Primary,Teacher,Student,778542,64878,7,Rural,Yes,Yes,Yes
1005,West Bengal,69,Male,Primary,Teacher,Student,371496,30958,4,Rural,Yes,No,Yes
1006,West Bengal,75,Female,Secondary,Private,Unemployed,350788,29232,6,Urban,Yes,Yes,No
1007,Delhi,24,Male,Postgraduate,Engineer,Self-employed,696293,58024,6,Rural,No,Yes,No
1008,West Bengal,80,Male,Postgraduate,Government,Unemployed,642239,53519,3,Rural,Yes,Yes,Yes
1009,Karnataka,35,Female,Secondary,Labour,Employed,752548,62712,3,Rural,No,Yes,Yes
1010,Punjab,78,Male,Secondary,Private,Self-employed,686703,57225,8,Urban,No,No,Yes
1011,Haryana,40,Male,Graduate,Student,Unemployed,655328,54610,1,Rural,No,No,Yes
1012,Haryana,45,Male,Secondary,Healthcare,Self-employed,136301,11358,4,Urban,No,No,No
1013,Tamil Nadu,21,Female,Primary,Government,Unemployed,548452,45704,4,Urban,Yes,No,No
1014,West Bengal,18,Female,Primary,Business,Employed,230559,19213,3,Rural,Yes,Yes,No
1015,Maharashtra,34,Male,Higher Secondary,Teacher,Self-employed,625081,52090,5,Urban,Yes,No,No
1016,Karnataka,58,Male,Postgraduate,Engineer,Student,985834,82152,1,Rural,No,Yes,Yes
1017,Haryana,50,Male,Postgraduate,Healthcare,Self-employed,675233,56269,6,Urban,No,No,Yes
1018,Karnataka,69,Female,Postgraduate,Unemployed,Unemployed,121137,10094,2,Urban,No,Yes,Yes
1019,Tamil Nadu,32,Female,Higher Secondary,Business,Self-employed,513853,42821,1,Urban,Yes,Yes,No
1020,Tamil Nadu,67,Female,Postgraduate,Government,Student,399651,33304,1,Rural,No,Yes,Yes
1021,West Bengal,37,Female,Graduate,Engineer,Student,503055,41921,8,Urban,Yes,No,Yes
1022,Uttar Pradesh,79,Male,Graduate,Business,Employed,350271,29189,8,Urban,Yes,Yes,Yes
1023,Punjab,23,Male,Postgraduate,Healthcare,Student,60000,5000,6,Urban,Yes,No,Yes
1024,Haryana,24,Male,Secondary,Business,Self-employed,240800,20066,7,Urban,Yes,No,No
1025,Karnataka,35,Female,Graduate,Healthcare,Unemployed,483538,40294,4,Rural,Yes,No,Yes
1026,Karnataka,28,Female,Higher Secondary,Business,Unemployed,271364,22613,7,Urban,No,No,Yes
1027,West Bengal,72,Female,Graduate,Labour,Unemployed,915136,76261,4,Rural,No,Yes,Yes
1028,Rajasthan,50,Male,Primary,Government,Self-employed,60000,5000,4,Rural,No,No,Yes
1029,Rajasthan,44,Female,Secondary,Student,Employed,214456,17871,3,Urban,No,No,Yes
1030,West Bengal,21,Female,Secondary,Business,Employed,609630,50802,4,Rural,Yes,Yes,Yes
1031,Uttar Pradesh,75,Female,Secondary,Business,Unemployed,446236,37186,3,Rural,Yes,Yes,No
1032,Punjab,46,Female,Primary,Farmer,Self-employed,842905,70242,7,Rural,No,No,Yes
1033,Uttar Pradesh,32,Male,Primary,Government,Student,609620,50801,4,Urban,Yes,No,Yes
1034,Gujarat,62,Male,Secondary,Business,Unemployed,832727,69393,4,Rural,Yes,No,No
1035,Maharashtra,57,Male,Postgraduate,Engineer,Employed,446364,37197,7,Urban,No,Yes,Yes
1036,Karnataka,75,Female,Postgraduate,Private,Employed,574645,47887,6,Rural,No,No,Yes
1037,Uttar Pradesh,48,Female,Postgraduate,Teacher,Unemployed,220811,18400,5,Rural,No,Yes,No
1038,Haryana,30,Female,Secondary,Government,Unemployed,360329,30027,1,Urban,Yes,Yes,Yes
1039,Maharashtra,30,Female,Secondary,Business,Employed,840909,70075,6,Rural,No,Yes,Yes
1040,Delhi,26,Female,Postgraduate,Private,Self-employed,861431,71785,7,Urban,No,No,Yes
1041,Delhi,49,Female,Secondary,Farmer,Unemployed,590340,49195,1,Rural,Yes,Yes,Yes
1042,Karnataka,18,Female,Higher Secondary,Government,Employed,60000,5000,8,Urban,No,Yes,No
1043,West Bengal,40,Male,Secondary,Engineer,Unemployed,1039353,86612,5,Urban,No,No,Yes
1044,Delhi,28,Male,Graduate,Healthcare,Self-employed,467813,38984,8,Urban,No,Yes,No
1045,Maharashtra,47,Male,Graduate,Government,Employed,426148,35512,5,Urban,No,Yes,Yes
1046,West Bengal,64,Male,Primary,Labour,Student,535802,44650,3,Urban,Yes,Yes,Yes
1047,Punjab,75,Male,Higher Secondary,Student,Student,631387,52615,1,Urban,Yes,Yes,No
1048,West Bengal,57,Female,Higher Secondary,Private,Unemployed,747511,62292,8,Rural,No,No,Yes
1049,Maharashtra,31,Male,Postgraduate,Teacher,Employed,789645,65803,6,Urban,No,Yes,No
1050,Uttar Pradesh,22,Male,Higher Secondary,Unemployed,Student,773856,64488,4,Urban,Yes,No,Yes
1051,Maharashtra,32,Male,Secondary,Engineer,Student,597919,49826,5,Rural,No,No,Yes
1052,Haryana,37,Female,Graduate,Unemployed,Self-employed,374150,31179,1,Rural,No,No,Yes
1053,Delhi,63,Male,Postgraduate,Labour,Unemployed,721834,60152,7,Urban,Yes,No,Yes
1054,Haryana,59,Female,Primary,Engineer,Unemployed,209067,17422,6,Rural,No,No,Yes
1055,Uttar Pradesh,50,Female,Graduate,Unemployed,Self-employed,244096,20341,5,Urban,No,No,No
1056,Delhi,66,Male,Postgraduate,Student,Self-employed,879715,73309,5,Rural,Yes,Yes,Yes
1057,Haryana,34,Male,Postgraduate,Business,Unemployed,663269,55272,5,Urban,No,Yes,No
1058,Delhi,20,Female,Higher Secondary,Business,Student,341429,28452,8,Urban,No,No,No
1059,Haryana,61,Male,Primary,Labour,Employed,601295,50107,8,Rural,No,No,No
1060,Uttar Pradesh,28,Male,Graduate,Labour,Unemployed,680959,56746,8,Urban,Yes,Yes,No
1061,Gujarat,79,Female,Graduate,Business,Self-employed,438490,36540,7,Rural,No,Yes,Yes
1062,Delhi,25,Male,Postgraduate,Engineer,Self-employed,726387,60532,4,Rural,No,Yes,Yes
1063,Maharashtra,42,Female,Graduate,Labour,Self-employed,496929,41410,1,Urban,No,No,Yes
1064,Punjab,58,Female,Higher Secondary,Student,Unemployed,429219,35768,3,Urban,Yes,No,Yes
1065,Haryana,27,Male,Postgraduate,Student,Employed,60000,5000,2,Rural,Yes,No,No
1066,Delhi,18,Male,Higher Secondary,Student,Student,573372,47781,5,Rural,No,Yes,Yes
1067,West Bengal,61,Male,Primary,Healthcare,Self-employed,684448,57037,5,Urban,No,Yes,Yes
1068,Maharashtra,74,Female,Secondary,Government,Employed,389387,32448,7,Urban,Yes,No,No
1069,West Bengal,79,Male,Higher Secondary,Teacher,Unemployed,707200,58933,5,Urban,No,Yes,No
1070,Tamil Nadu,48,Female,Higher Secondary,Farmer,Student,624468,52039,3,Urban,No,Yes,Yes
1071,Karnataka,48,Male,Postgraduate,Unemployed,Student,826384,68865,2,Urban,Yes,Yes,Yes
1072,Delhi,70,Female,Primary,Private,Unemployed,162980,13581,6,Urban,Yes,Yes,Yes
1073,Rajasthan,69,Male,Higher Secondary,Engineer,Self-employed,854907,71242,1,Urban,No,Yes,Yes
1074,Gujarat,48,Female,Graduate,Business,Student,251129,20927,1,Urban,No,Yes,Yes
1075,West Bengal,60,Female,Primary,Private,Student,411624,34302,2,Urban,No,Yes,No
1076,Tamil Nadu,32,Male,Primary,Teacher,Self-employed,60000,5000,3,Rural,Yes,No,No
1077,Punjab,41,Female,Graduate,Labour,Self-employed,1305403,108783,8,Rural,Yes,No,Yes
1078,Rajasthan,26,Male,Higher Secondary,Government,Student,461805,38483,7,Rural,Yes,No,No
1079,West Bengal,73,Male,Higher Secondary,Student,Employed,659290,54940,7,Urban,No,No,Yes
1080,Gujarat,64,Female,Graduate,Government,Self-employed,222348,18529,5,Rural,No,Yes,No
1081,Maharashtra,60,Male,Postgraduate,Business,Self-employed,354671,29555,5,Rural,Yes,No,Yes
1082,Uttar Pradesh,61,Female,Postgraduate,Labour,Employed,545780,45481,5,Urban,No,No,No
1083,Haryana,57,Male,Secondary,Student,Employed,484048,40337,1,Rural,No,Yes,Yes
1084,Uttar Pradesh,29,Female,Postgraduate,Labour,Employed,947527,78960,6,Urban,Yes,No,Yes
1085,West Bengal,58,Female,Secondary,Student,Student,620401,51700,8,Rural,Yes,No,No
1086,Haryana,52,Male,Secondary,Unemployed,Student,680346,56695,3,Rural,No,Yes,No
1087,Tamil Nadu,18,Male,Primary,Teacher,Self-employed,389381,32448,8,Urban,No,Yes,Yes
1088,Rajasthan,20,Female,Postgraduate,Business,Employed,704032,58669,5,Urban,No,No,No
1089,Haryana,72,Male,Secondary,Unemployed,Student,402311,33525,4,Urban,Yes,No,No
1090,Tamil Nadu,44,Female,Postgraduate,Teacher,Employed,440208,36684,7,Rural,Yes,Yes,Yes
1091,Punjab,52,Female,Primary,Student,Student,305706,25475,2,Rural,No,Yes,No
1092,Uttar Pradesh,40,Female,Higher Secondary,Student,Employed,1248534,104044,2,Urban,Yes,No,No
1093,Uttar Pradesh,40,Male,Postgraduate,Government,Unemployed,422037,35169,2,Urban,No,No,Yes
1094,Rajasthan,24,Male,Primary,Engineer,Self-employed,100055,8337,3,Urban,No,Yes,Yes
1095,Tamil Nadu,22,Male,Postgraduate,Government,Unemployed,843969,70330,3,Urban,No,Yes,Yes
1096,Punjab,45,Male,Primary,Private,Self-employed,150049,12504,7,Rural,Yes,No,No
1097,Rajasthan,38,Female,Higher Secondary,Labour,Student,987758,82313,4,Rural,Yes,No,Yes
1098,Tamil Nadu,37,Female,Postgraduate,Government,Student,396903,33075,5,Urban,Yes,Yes,Yes
1099,Haryana,32,Female,Secondary,Government,Student,328752,27396,4,Urban,No,Yes,Yes
1100,Punjab,68,Male,Higher Secondary,Labour,Self-employed,449385,37448,1,Rural,Yes,Yes,No
1101,West Bengal,58,Female,Postgraduate,Engineer,Unemployed,229851,19154,7,Rural,Yes,Yes,No
1102,Haryana,41,Male,Postgraduate,Farmer,Self-employed,220899,18408,4,Urban,No,Yes,Yes
1103,Haryana,64,Male,Postgraduate,Engineer,Unemployed,622192,51849,8,Urban,No,No,No
1104,West Bengal,19,Female,Graduate,Government,Employed,324110,27009,5,Urban,No,No,Yes
1105,Tamil Nadu,44,Female,Primary,Farmer,Self-employed,60000,5000,7,Urban,No,Yes,No
1106,Delhi,40,Male,Primary,Labour,Self-employed,467286,38940,2,Urban,Yes,No,Yes
1107,Uttar Pradesh,44,Female,Higher Secondary,Labour,Employed,304384,25365,6,Rural,Yes,No,Yes
1108,Haryana,73,Male,Primary,Labour,Employed,768301,64025,1,Rural,Yes,No,No
1109,Maharashtra,61,Female,Secondary,Labour,Unemployed,439993,36666,5,Urban,No,Yes,Yes
1110,Gujarat,26,Male,Postgraduate,Business,Student,567699,47308,3,Urban,Yes,Yes,Yes
1111,Punjab,66,Male,Postgraduate,Unemployed,Self-employed,282346,23528,4,Urban,No,No,Yes
1112,Maharashtra,22,Male,Secondary,Farmer,Unemployed,870332,72527,3,Urban,No,No,Yes
1113,Tamil Nadu,28,Female,Higher Secondary,Labour,Unemployed,454702,37891,7,Urban,No,No,Yes
1114,Uttar Pradesh,30,Male,Primary,Unemployed,Employed,476877,39739,5,Urban,Yes,Yes,Yes
1115,Haryana,61,Female,Secondary,Labour,Self-employed,1008591,84049,5,Urban,No,No,No
1116,Tamil Nadu,43,Female,Primary,Private,Student,538403,44866,2,Rural,Yes,Yes,No
1117,West Bengal,37,Female,Higher Secondary,Student,Student,627531,52294,4,Urban,Yes,No,No
1118,Maharashtra,39,Female,Higher Secondary,Teacher,Self-employed,649802,54150,4,Rural,Yes,No,Yes
1119,Rajasthan,53,Female,Graduate,Engineer,Student,72919,6076,6,Urban,Yes,Yes,No
1120,Rajasthan,79,Male,Postgraduate,Business,Unemployed,60000,5000,1,Rural,Yes,Yes,Yes
1121,Rajasthan,19,Female,Secondary,Healthcare,Employed,372340,31028,3,Urban,No,No,No
1122,Haryana,22,Male,Primary,Farmer,Unemployed,927233,77269,5,Urban,Yes,Yes,Yes
1123,Tamil Nadu,41,Female,Higher Secondary,Farmer,Student,513049,42754,2,Urban,No,No,No
1124,Maharashtra,61,Male,Secondary,Unemployed,Self-employed,60000,5000,7,Rural,No,No,No
1125,Karnataka,65,Female,Primary,Teacher,Employed,285609,23800,8,Rural,No,No,Yes
1126,Karnataka,48,Male,Secondary,Labour,Unemployed,328925,27410,2,Urban,No,No,No
1127,Uttar Pradesh,41,Female,Secondary,Engineer,Student,868317,72359,5,Urban,No,No,No
1128,Haryana,28,Male,Graduate,Student,Student,474109,39509,5,Rural,Yes,Yes,Yes
1129,Karnataka,42,Female,Higher Secondary,Business,Student,441203,36766,7,Urban,Yes,No,Yes
1130,Gujarat,69,Male,Higher Secondary,Engineer,Student,646871,53905,1,Urban,Yes,No,No
1131,Tamil Nadu,21,Female,Primary,Student,Student,316518,26376,4,Urban,Yes,No,Yes
1132,Gujarat,38,Female,Primary,Engineer,Student,1009636,84136,4,Urban,Yes,No,No
1133,West Bengal,68,Male,Primary,Teacher,Unemployed,211120,17593,1,Rural,Yes,Yes,Yes
1134,West Bengal,32,Female,Postgraduate,Teacher,Employed,393988,32832,7,Rural,No,Yes,No
1135,Karnataka,23,Female,Graduate,Government,Unemployed,152228,12685,2,Rural,No,Yes,Yes
1136,Haryana,55,Female,Postgraduate,Engineer,Unemployed,678842,56570,4,Urban,Yes,No,No
1137,West Bengal,61,Male,Higher Secondary,Student,Employed,887142,73928,5,Rural,Yes,Yes,No
1138,Delhi,64,Female,Secondary,Private,Unemployed,665367,55447,6,Rural,Yes,Yes,Yes
1139,Maharashtra,76,Male,Secondary,Unemployed,Self-employed,60000,5000,3,Urban,No,Yes,No
1140,Haryana,63,Male,Secondary,Government,Employed,154547,12878,8,Urban,No,Yes,No
1141,Delhi,77,Female,Higher Secondary,Business,Self-employed,728849,60737,8,Urban,No,No,Yes
1142,Uttar Pradesh,20,Male,Graduate,Labour,Employed,703715,58642,3,Rural,No,No,No
1143,Gujarat,20,Female,Graduate,Private,Self-employed,521761,43480,8,Urban,Yes,Yes,No
1144,Rajasthan,36,Male,Graduate,Engineer,Self-employed,593791,49482,3,Rural,Yes,Yes,Yes
1145,Tamil Nadu,24,Male,Graduate,Labour,Self-employed,555934,46327,8,Rural,No,Yes,Yes
1146,Punjab,60,Male,Postgraduate,Business,Employed,409467,34122,7,Urban,Yes,Yes,No
1147,Delhi,70,Female,Higher Secondary,Private,Student,641390,53449,1,Rural,No,Yes,Yes
1148,Maharashtra,79,Male,Secondary,Teacher,Self-employed,128992,10749,5,Urban,No,Yes,No
1149,Maharashtra,32,Female,Primary,Unemployed,Self-employed,411836,34319,6,Rural,Yes,No,Yes
1150,West Bengal,70,Male,Higher Secondary,Business,Unemployed,525895,43824,1,Rural,Yes,Yes,Yes
1151,Rajasthan,65,Male,Primary,Private,Employed,535122,44593,5,Rural,Yes,Yes,Yes
1152,Karnataka,59,Female,Higher Secondary,Farmer,Self-employed,746125,62177,2,Rural,Yes,Yes,Yes
1153,Karnataka,55,Male,Primary,Private,Student,613905,51158,4,Rural,Yes,Yes,Yes
1154,Delhi,51,Female,Postgraduate,Farmer,Unemployed,877235,73102,7,Rural,Yes,No,No
1155,Maharashtra,60,Female,Higher Secondary,Student,Employed,740136,61678,5,Urban,Yes,Yes,Yes
1156,Gujarat,66,Female,Secondary,Labour,Unemployed,524233,43686,8,Rural,No,Yes,No
1157,Uttar Pradesh,33,Female,Higher Secondary,Engineer,Employed,182403,15200,3,Rural,No,Yes,No
1158,Tamil Nadu,76,Male,Secondary,Labour,Unemployed,176613,14717,4,Urban,No,Yes,Yes
1159,Gujarat,46,Female,Graduate,Healthcare,Unemployed,327874,27322,6,Urban,No,Yes,No
1160,West Bengal,18,Male,Higher Secondary,Private,Student,299975,24997,7,Rural,Yes,Yes,Yes
1161,Punjab,40,Female,Graduate,Teacher,Self-employed,463418,38618,7,Rural,No,No,Yes
1162,Haryana,54,Male,Secondary,Healthcare,Employed,284008,23667,4,Rural,Yes,No,Yes
1163,Karnataka,18,Male,Postgraduate,Healthcare,Unemployed,549720,45810,8,Rural,Yes,Yes,No
1164,Delhi,55,Male,Postgraduate,Unemployed,Self-employed,433807,36150,7,Rural,Yes,No,No
1165,Gujarat,34,Female,Primary,Unemployed,Student,60000,5000,6,Rural,Yes,No,Yes
1166,Karnataka,18,Female,Graduate,Unemployed,Unemployed,562834,46902,2,Urban,No,No,Yes
1167,Punjab,78,Male,Higher Secondary,Business,Self-employed,945054,78754,5,Urban,Yes,No,No
1168,Tamil Nadu,49,Female,Secondary,Government,Student,552502,46041,3,Urban,Yes,No,No
1169,Karnataka,25,Male,Secondary,Labour,Unemployed,870816,72568,2,Urban,Yes,No,No
1170,West Bengal,25,Female,Primary,Business,Student,586720,48893,6,Urban,Yes,No,No
1171,Gujarat,51,Female,Graduate,Government,Unemployed,753524,62793,8,Urban,Yes,Yes,No
1172,Punjab,55,Female,Primary,Healthcare,Employed,343044,28587,6,Urban,No,Yes,Yes
1173,Haryana,63,Male,Secondary,Student,Student,977459,81454,6,Rural,No,Yes,No
1174,Karnataka,60,Female,Graduate,Government,Employed,668252,55687,8,Rural,No,Yes,Yes
1175,Karnataka,29,Female,Higher Secondary,Engineer,Unemployed,308431,25702,2,Urban,No,Yes,No
1176,West Bengal,80,Female,Graduate,Healthcare,Student,595688,49640,5,Rural,Yes,Yes,No
1177,Delhi,27,Male,Higher Secondary,Farmer,Employed,512480,42706,3,Rural,No,No,No
1178,Tamil Nadu,43,Female,Graduate,Teacher,Self-employed,389153,32429,8,Rural,Yes,Yes,Yes
1179,Delhi,79,Female,Secondary,Student,Student,92686,7723,5,Urban,No,No,No
1180,Maharashtra,43,Female,Primary,Engineer,Self-employed,97683,8140,6,Urban,No,No,No
1181,Maharashtra,70,Female,Primary,Labour,Self-employed,300103,25008,1,Rural,No,Yes,No
1182,Tamil Nadu,60,Female,Higher Secondary,Teacher,Employed,148998,12416,7,Rural,Yes,No,No
1183,Gujarat,75,Male,Secondary,Healthcare,Self-employed,665276,55439,2,Urban,Yes,Yes,Yes
1184,Uttar Pradesh,22,Female,Graduate,Healthcare,Unemployed,489514,40792,4,Rural,No,Yes,No
1185,Maharashtra,75,Male,Postgraduate,Unemployed,Student,628705,52392,7,Rural,Yes,No,Yes
1186,Karnataka,22,Male,Postgraduate,Healthcare,Student,518006,43167,3,Rural,Yes,No,Yes
1187,Karnataka,41,Male,Secondary,Labour,Employed,285728,23810,4,Rural,No,No,Yes
1188,Rajasthan,42,Male,Higher Secondary,Business,Self-employed,593892,49491,8,Rural,Yes,No,No
1189,Maharashtra,31,Male,Graduate,Labour,Student,517833,43152,4,Urban,Yes,No,No
1190,Haryana,61,Female,Higher Secondary,Business,Employed,221836,18486,4,Urban,No,Yes,Yes
1191,Punjab,76,Female,Postgraduate,Teacher,Unemployed,720022,60001,5,Rural,Yes,Yes,Yes
1192,Punjab,19,Male,Postgraduate,Engineer,Unemployed,948293,79024,5,Rural,Yes,Yes,No
1193,Punjab,43,Male,Higher Secondary,Labour,Student,575840,47986,4,Rural,No,No,No
1194,Maharashtra,76,Female,Postgraduate,Healthcare,Student,278871,23239,4,Urban,No,No,No
1195,Tamil Nadu,71,Female,Primary,Healthcare,Employed,820841,68403,7,Urban,No,No,Yes
1196,Delhi,42,Female,Higher Secondary,Farmer,Employed,569576,47464,5,Rural,No,Yes,No
1197,Punjab,51,Male,Secondary,Teacher,Employed,227362,18946,2,Rural,Yes,No,No
1198,Gujarat,57,Male,Secondary,Business,Student,251392,20949,6,Rural,No,No,Yes
1199,Haryana,24,Female,Primary,Healthcare,Self-employed,398615,33217,2,Urban,No,No,No
1200,Karnataka,79,Female,Postgraduate,Government,Unemployed,490123,40843,6,Rural,No,No,Yes
1201,Punjab,60,Female,Graduate,Private,Employed,370656,30888,8,Urban,Yes,Yes,No
1202,Haryana,32,Female,Graduate,Farmer,Employed,562507,46875,3,Rural,Yes,No,Yes
1203,Gujarat,24,Male,Higher Secondary,Government,Unemployed,596058,49671,6,Urban,Yes,No,Yes
1204,West Bengal,66,Male,Higher Secondary,Farmer,Student,1248812,104067,2,Rural,No,No,Yes
1205,Maharashtra,63,Male,Higher Secondary,Healthcare,Student,472597,39383,5,Rural,No,No,No
1206,Punjab,31,Female,Higher Secondary,Government,Unemployed,791969,65997,5,Rural,No,No,Yes
1207,Uttar Pradesh,33,Male,Postgraduate,Business,Employed,684230,57019,2,Rural,No,No,No
1208,West Bengal,30,Female,Postgraduate,Healthcare,Self-employed,610066,50838,3,Rural,Yes,No,No
1209,West Bengal,18,Female,Higher Secondary,Healthcare,Self-employed,656547,54712,8,Urban,Yes,Yes,Yes
1210,West Bengal,49,Male,Primary,Farmer,Self-employed,517892,43157,1,Rural,Yes,Yes,Yes
1211,Rajasthan,77,Male,Higher Secondary,Labour,Unemployed,821710,68475,2,Urban,Yes,Yes,Yes
1212,Tamil Nadu,32,Female,Postgraduate,Labour,Employed,266977,22248,6,Urban,Yes,No,Yes
1213,Uttar Pradesh,32,Female,Graduate,Business,Self-employed,374037,31169,3,Urban,No,Yes,Yes
1214,Delhi,24,Female,Higher Secondary,Unemployed,Student,507962,42330,1,Urban,Yes,No,No
1215,West Bengal,57,Female,Higher Secondary,Teacher,Employed,615933,51327,4,Rural,Yes,No,Yes
1216,Haryana,62,Female,Secondary,Business,Employed,833875,69489,4,Urban,Yes,Yes,Yes
1217,Punjab,60,Male,Primary,Private,Student,252822,21068,6,Urban,No,Yes,No
1218,West Bengal,68,Male,Secondary,Unemployed,Student,329156,27429,4,Rural,No,No,Yes
1219,Punjab,79,Male,Graduate,Government,Unemployed,454849,37904,7,Urban,No,No,No
1220,Gujarat,62,Male,Postgraduate,Unemployed,Self-employed,312873,26072,4,Rural,Yes,Yes,No
1221,Karnataka,26,Male,Primary,Teacher,Student,665528,55460,2,Urban,Yes,Yes,Yes
1222,Haryana,23,Female,Graduate,Teacher,Student,638148,53179,1,Rural,Yes,No,Yes
1223,Delhi,53,Male,Higher Secondary,Government,Student,513770,42814,4,Urban,No,Yes,Yes
1224,Tamil Nadu,46,Female,Higher Secondary,Unemployed,Employed,547182,45598,8,Urban,Yes,No,No
1225,Rajasthan,37,Female,Higher Secondary,Teacher,Student,471310,39275,6,Urban,Yes,Yes,Yes
1226,Gujarat,20,Female,Postgraduate,Farmer,Unemployed,398296,33191,6,Rural,Yes,Yes,No
1227,Gujarat,57,Female,Primary,Healthcare,Student,208751,17395,2,Rural,Yes,Yes,Yes
1228,West Bengal,46,Female,Higher Secondary,Farmer,Self-employed,742138,61844,4,Urban,Yes,No,No
1229,Maharashtra,24,Female,Postgraduate,Teacher,Unemployed,611926,50993,1,Rural,Yes,No,Yes
1230,Haryana,70,Male,Higher Secondary,Healthcare,Self-employed,358560,29880,2,Rural,No,No,Yes
1231,Delhi,43,Male,Higher Secondary,Student,Self-employed,507280,42273,1,Urban,No,No,No
1232,Gujarat,53,Male,Postgraduate,Government,Employed,750068,62505,5,Urban,No,No,No
1233,Karnataka,47,Female,Higher Secondary,Healthcare,Self-employed,116687,9723,1,Rural,Yes,No,No
1234,Uttar Pradesh,44,Female,Secondary,Healthcare,Employed,815801,67983,1,Urban,Yes,No,Yes
1235,Uttar Pradesh,29,Female,Primary,Unemployed,Unemployed,191477,15956,2,Urban,No,Yes,No
1236,Tamil Nadu,36,Male,Postgraduate,Farmer,Employed,208319,17359,7,Urban,Yes,Yes,Yes
1237,West Bengal,38,Male,Secondary,Engineer,Employed,973792,81149,3,Rural,No,Yes,No
1238,Gujarat,46,Male,Higher Secondary,Private,Unemployed,779733,64977,7,Urban,Yes,Yes,Yes
1239,Gujarat,34,Male,Secondary,Private,Employed,525390,43782,6,Urban,Yes,No,No
1240,Haryana,39,Male,Primary,Engineer,Student,60000,5000,7,Rural,Yes,Yes,No
1241,Uttar Pradesh,62,Female,Secondary,Government,Self-employed,330204,27517,5,Urban,Yes,Yes,No
1242,Delhi,66,Female,Primary,Healthcare,Employed,100071,8339,1,Urban,No,Yes,No
1243,Tamil Nadu,36,Female,Primary,Healthcare,Unemployed,694177,57848,1,Urban,Yes,No,Yes
1244,Punjab,71,Female,Higher Secondary,Private,Student,415291,34607,2,Rural,No,No,Yes
1245,Karnataka,65,Male,Secondary,Private,Self-employed,558401,46533,7,Urban,No,No,Yes
1246,Punjab,66,Female,Primary,Government,Self-employed,348743,29061,7,Urban,Yes,Yes,Yes
1247,Karnataka,74,Female,Higher Secondary,Farmer,Unemployed,562026,46835,5,Rural,No,Yes,No
1248,Tamil Nadu,65,Female,Postgraduate,Business,Self-employed,551555,45962,8,Urban,Yes,Yes,Yes
1249,Haryana,64,Female,Postgraduate,Private,Employed,615810,51317,2,Urban,No,Yes,No
1250,Delhi,48,Male,Postgraduate,Government,Employed,392985,32748,6,Rural,No,No,Yes
1251,Punjab,38,Male,Graduate,Teacher,Employed,737166,61430,1,Rural,No,No,Yes
1252,Gujarat,73,Female,Primary,Teacher,Self-employed,579777,48314,4,Rural,No,Yes,No
1253,Karnataka,30,Female,Postgraduate,Private,Unemployed,512720,42726,3,Urban,Yes,No,No
1254,Uttar Pradesh,80,Female,Secondary,Farmer,Employed,552593,46049,6,Urban,Yes,No,Yes
1255,Rajasthan,58,Female,Postgraduate,Healthcare,Student,638271,53189,2,Urban,Yes,No,Yes
1256,Karnataka,80,Male,Primary,Student,Employed,261312,21776,8,Urban,No,No,Yes
1257,Karnataka,41,Male,Secondary,Unemployed,Self-employed,801791,66815,2,Rural,Yes,Yes,No
1258,Maharashtra,18,Male,Secondary,Unemployed,Unemployed,468790,39065,2,Urban,No,Yes,No
1259,Tamil Nadu,55,Female,Graduate,Government,Employed,60000,5000,7,Rural,Yes,No,No
1260,Rajasthan,66,Male,Postgraduate,Farmer,Self-employed,583195,48599,1,Urban,No,Yes,Yes
1261,West Bengal,71,Female,Graduate,Student,Student,427921,35660,4,Rural,Yes,No,No
1262,Uttar Pradesh,53,Female,Postgraduate,Student,Self-employed,367738,30644,4,Urban,No,No,No
1263,Maharashtra,68,Male,Graduate,Student,Unemployed,867422,72285,3,Rural,No,Yes,No
1264,Punjab,21,Female,Graduate,Unemployed,Self-employed,953359,79446,2,Urban,No,Yes,No
1265,Karnataka,75,Female,Primary,Healthcare,Employed,368813,30734,6,Rural,Yes,Yes,Yes
1266,Haryana,18,Female,Secondary,Engineer,Student,69406,5783,8,Rural,No,Yes,No
1267,Karnataka,38,Male,Primary,Business,Student,249437,20786,6,Rural,Yes,Yes,Yes
1268,Delhi,18,Female,Higher Secondary,Private,Employed,908529,75710,3,Urban,Yes,Yes,No
1269,Uttar Pradesh,41,Male,Higher Secondary,Teacher,Student,724345,60362,3,Rural,No,Yes,No
1270,Haryana,79,Male,Primary,Labour,Unemployed,386922,32243,1,Rural,No,No,Yes
1271,West Bengal,68,Female,Primary,Teacher,Unemployed,173443,14453,8,Rural,No,No,No
1272,Maharashtra,48,Female,Primary,Healthcare,Self-employed,462787,38565,1,Urban,Yes,Yes,No
1273,Punjab,80,Male,Higher Secondary,Student,Employed,351548,29295,5,Urban,No,No,No
1274,Punjab,60,Male,Higher Secondary,Teacher,Employed,715457,59621,3,Rural,Yes,No,No
1275,Gujarat,53,Male,Graduate,Unemployed,Self-employed,631846,52653,5,Rural,Yes,Yes,No
1276,Maharashtra,60,Female,Higher Secondary,Private,Self-employed,400537,33378,7,Urban,No,Yes,Yes
1277,Maharashtra,67,Male,Graduate,Student,Self-employed,680269,56689,6,Rural,Yes,No,Yes
1278,Haryana,21,Female,Primary,Private,Employed,770708,64225,1,Urban,Yes,No,Yes
1279,Gujarat,50,Male,Secondary,Farmer,Student,413573,34464,5,Rural,No,No,No
1280,Haryana,50,Male,Secondary,Farmer,Self-employed,498926,41577,2,Rural,No,No,Yes
1281,Delhi,22,Male,Postgraduate,Business,Employed,557661,46471,4,Rural,Yes,Yes,Yes
1282,Maharashtra,64,Male,Higher Secondary,Unemployed,Student,546045,45503,8,Urban,No,Yes,No
1283,Haryana,58,Female,Graduate,Healthcare,Employed,532102,44341,8,Urban,Yes,Yes,Yes
1284,Delhi,25,Female,Graduate,Government,Unemployed,515385,42948,5,Urban,No,Yes,No
1285,West Bengal,26,Female,Postgraduate,Labour,Employed,490507,40875,3,Rural,No,No,No
1286,Uttar Pradesh,24,Male,Postgraduate,Teacher,Employed,489201,40766,2,Rural,Yes,Yes,Yes
1287,Gujarat,36,Male,Primary,Engineer,Unemployed,698627,58218,2,Rural,No,No,No
1288,Maharashtra,35,Male,Primary,Labour,Unemployed,294340,24528,6,Rural,Yes,No,Yes
1289,Rajasthan,55,Male,Higher Secondary,Engineer,Employed,259689,21640,4,Urban,No,No,No
1290,Tamil Nadu,35,Male,Higher Secondary,Labour,Student,779743,64978,1,Urban,Yes,No,No
1291,Karnataka,40,Female,Secondary,Farmer,Unemployed,922374,76864,1,Rural,No,No,Yes
1292,West Bengal,51,Female,Primary,Labour,Student,272482,22706,1,Urban,Yes,Yes,No
1293,Uttar Pradesh,71,Male,Primary,Student,Unemployed,235977,19664,8,Urban,Yes,Yes,Yes
1294,Rajasthan,55,Female,Graduate,Teacher,Employed,334017,27834,8,Rural,Yes,No,No
1295,West Bengal,50,Female,Primary,Healthcare,Self-employed,1172967,97747,5,Urban,Yes,No,Yes
1296,Tamil Nadu,67,Female,Postgraduate,Unemployed,Self-employed,321923,26826,8,Urban,Yes,Yes,No
1297,Haryana,64,Male,Primary,Engineer,Unemployed,335308,27942,3,Urban,Yes,No,Yes
1298,Gujarat,60,Male,Postgraduate,Student,Employed,79989,6665,2,Urban,Yes,Yes,Yes
1299,Tamil Nadu,19,Female,Graduate,Farmer,Student,830480,69206,1,Urban,No,Yes,No
1300,Delhi,35,Male,Graduate,Teacher,Unemployed,218145,18178,3,Urban,Yes,Yes,No
1301,Tamil Nadu,24,Male,Higher Secondary,Farmer,Student,531648,44304,6,Urban,Yes,Yes,No
1302,West Bengal,55,Male,Secondary,Teacher,Unemployed,704689,58724,7,Urban,Yes,No,No
1303,West Bengal,25,Female,Secondary,Business,Employed,403607,33633,3,Rural,Yes,Yes,No
1304,Punjab,60,Male,Higher Secondary,Teacher,Self-employed,562055,46837,7,Rural,No,Yes,Yes
1305,Uttar Pradesh,70,Female,Primary,Healthcare,Student,627524,52293,5,Rural,No,Yes,Yes
1306,Punjab,41,Female,Secondary,Engineer,Student,890476,74206,6,Rural,No,Yes,No
1307,Tamil Nadu,40,Male,Higher Secondary,Government,Unemployed,60000,5000,8,Rural,No,Yes,Yes
1308,Haryana,21,Male,Primary,Student,Student,929507,77458,7,Rural,No,Yes,Yes
1309,Maharashtra,58,Male,Higher Secondary,Labour,Self-employed,391690,32640,3,Urban,Yes,Yes,Yes
1310,Gujarat,39,Female,Graduate,Student,Self-employed,325065,27088,3,Rural,No,Yes,Yes
1311,Tamil Nadu,76,Male,Graduate,Teacher,Student,60000,5000,7,Rural,Yes,No,No
1312,Maharashtra,75,Male,Postgraduate,Farmer,Self-employed,233093,19424,1,Urban,No,Yes,No
1313,Gujarat,56,Male,Postgraduate,Farmer,Unemployed,574215,47851,8,Urban,Yes,No,Yes
1314,Maharashtra,66,Male,Primary,Teacher,Self-employed,593068,49422,2,Urban,No,No,No
1315,Punjab,68,Male,Higher Secondary,Government,Unemployed,60000,5000,3,Urban,Yes,Yes,No
1316,Uttar Pradesh,73,Female,Postgraduate,Government,Unemployed,492130,41010,8,Rural,Yes,No,Yes
1317,West Bengal,26,Male,Primary,Student,Self-employed,180708,15059,8,Rural,Yes,Yes,Yes
1318,Gujarat,77,Male,Graduate,Unemployed,Self-employed,225376,18781,7,Rural,No,Yes,No
1319,Gujarat,46,Male,Primary,Teacher,Unemployed,700087,58340,2,Urban,Yes,No,Yes
1320,Uttar Pradesh,20,Female,Secondary,Engineer,Student,255182,21265,1,Urban,Yes,Yes,Yes
1321,Uttar Pradesh,61,Male,Primary,Unemployed,Student,531434,44286,7,Urban,Yes,Yes,Yes
1322,Tamil Nadu,22,Female,Graduate,Engineer,Employed,492767,41063,7,Rural,Yes,No,Yes
1323,Tamil Nadu,46,Male,Secondary,Healthcare,Student,483584,40298,4,Urban,Yes,No,Yes
1324,Punjab,26,Female,Primary,Student,Student,367953,30662,1,Rural,No,No,Yes
1325,Maharashtra,19,Female,Postgraduate,Healthcare,Unemployed,531589,44299,4,Urban,Yes,Yes,No
1326,Gujarat,78,Female,Graduate,Labour,Self-employed,296408,24700,1,Urban,No,No,No
1327,Tamil Nadu,67,Female,Postgraduate,Teacher,Student,374769,31230,8,Rural,Yes,Yes,Yes
1328,Karnataka,28,Female,Postgraduate,Business,Student,468044,39003,7,Urban,No,Yes,Yes
1329,Rajasthan,56,Male,Primary,Teacher,Employed,175074,14589,1,Urban,No,No,Yes
1330,Uttar Pradesh,29,Male,Higher Secondary,Healthcare,Unemployed,879218,73268,5,Rural,Yes,No,No
1331,Uttar Pradesh,71,Male,Secondary,Business,Student,641317,53443,4,Rural,Yes,Yes,Yes
1332,Delhi,51,Male,Secondary,Teacher,Employed,1015193,84599,8,Urban,No,No,No
1333,Karnataka,41,Male,Postgraduate,Business,Student,568438,47369,4,Urban,No,No,Yes
1334,Delhi,23,Male,Secondary,Healthcare,Employed,411501,34291,6,Urban,No,No,No
1335,Haryana,50,Male,Secondary,Healthcare,Student,951842,79320,5,Rural,Yes,Yes,No
1336,Delhi,19,Male,Graduate,Business,Employed,603219,50268,7,Rural,Yes,No,No
1337,Punjab,64,Female,Higher Secondary,Farmer,Self-employed,201735,16811,8,Rural,Yes,Yes,Yes
1338,Uttar Pradesh,38,Female,Higher Secondary,Business,Student,372009,31000,8,Rural,Yes,Yes,No
1339,Rajasthan,43,Female,Primary,Government,Student,355985,29665,1,Rural,Yes,No,Yes
1340,Punjab,23,Female,Higher Secondary,Healthcare,Employed,60000,5000,2,Urban,No,Yes,No
1341,Maharashtra,77,Male,Postgraduate,Unemployed,Self-employed,60000,5000,3,Urban,Yes,No,Yes
1342,Delhi,55,Male,Graduate,Government,Unemployed,510585,42548,7,Urban,Yes,No,Yes
1343,Uttar Pradesh,24,Male,Higher Secondary,Student,Student,772753,64396,5,Rural,No,No,Yes
1344,Delhi,65,Female,Graduate,Teacher,Employed,571905,47658,2,Urban,No,Yes,Yes
1345,Gujarat,59,Female,Secondary,Government,Unemployed,424930,35410,1,Rural,Yes,No,No
1346,Rajasthan,36,Male,Secondary,Student,Employed,628736,52394,8,Rural,Yes,Yes,Yes
1347,Rajasthan,48,Female,Secondary,Engineer,Unemployed,473933,39494,4,Rural,Yes,Yes,No
1348,Maharashtra,75,Male,Primary,Unemployed,Student,823843,68653,4,Urban,Yes,Yes,No
1349,Haryana,41,Female,Higher Secondary,Labour,Employed,624052,52004,6,Urban,Yes,Yes,No
1350,Delhi,20,Male,Higher Secondary,Labour,Employed,361495,30124,5,Urban,Yes,No,Yes
1351,Haryana,19,Male,Primary,Private,Self-employed,304997,25416,3,Urban,No,No,Yes
1352,Gujarat,30,Female,Primary,Student,Student,325064,27088,6,Rural,Yes,Yes,No
1353,Haryana,76,Male,Graduate,Student,Student,1009598,84133,5,Urban,Yes,Yes,No
1354,West Bengal,44,Female,Primary,Labour,Employed,660710,55059,6,Urban,Yes,Yes,Yes
1355,Gujarat,46,Male,Higher Secondary,Unemployed,Student,415535,34627,5,Urban,Yes,Yes,Yes
1356,Gujarat,79,Female,Primary,Student,Student,574989,47915,7,Urban,Yes,Yes,Yes
1357,Uttar Pradesh,60,Female,Secondary,Business,Employed,240955,20079,2,Urban,Yes,No,No
1358,Haryana,36,Female,Postgraduate,Labour,Employed,1015369,84614,2,Urban,No,No,No
1359,Rajasthan,41,Female,Graduate,Government,Self-employed,351585,29298,2,Urban,No,No,No
1360,Gujarat,21,Female,Graduate,Farmer,Student,852843,71070,6,Urban,No,No,Yes
1361,Uttar Pradesh,46,Male,Higher Secondary,Teacher,Self-employed,681051,56754,3,Rural,No,Yes,No
1362,Gujarat,57,Male,Postgraduate,Labour,Unemployed,419108,34925,5,Rural,Yes,No,No
1363,Delhi,53,Female,Higher Secondary,Labour,Unemployed,553962,46163,8,Urban,Yes,No,Yes
1364,Gujarat,68,Female,Secondary,Student,Self-employed,712427,59368,8,Urban,No,Yes,Yes
1365,West Bengal,26,Female,Secondary,Labour,Self-employed,60000,5000,2,Rural,No,No,Yes
1366,Rajasthan,19,Female,Graduate,Engineer,Self-employed,460097,38341,4,Urban,No,Yes,Yes
1367,Maharashtra,43,Male,Primary,Unemployed,Student,355525,29627,4,Rural,No,No,Yes
1368,Tamil Nadu,42,Female,Secondary,Farmer,Employed,414777,34564,7,Urban,Yes,Yes,Yes
1369,Karnataka,28,Female,Secondary,Private,Unemployed,60000,5000,1,Rural,Yes,No,No
1370,Haryana,46,Male,Primary,Unemployed,Unemployed,394701,32891,8,Rural,No,No,Yes
1371,Tamil Nadu,56,Male,Secondary,Labour,Unemployed,819800,68316,2,Urban,No,Yes,No
1372,Haryana,68,Female,Primary,Private,Unemployed,698013,58167,4,Rural,No,Yes,No
1373,Maharashtra,40,Male,Higher Secondary,Unemployed,Unemployed,255591,21299,4,Urban,No,Yes,No
1374,Maharashtra,68,Male,Postgraduate,Healthcare,Employed,469073,39089,1,Urban,Yes,Yes,No
1375,Delhi,41,Male,Secondary,Private,Student,589294,49107,1,Urban,No,Yes,No
1376,Rajasthan,56,Male,Graduate,Private,Employed,60000,5000,4,Rural,No,Yes,No
1377,Maharashtra,43,Female,Secondary,Engineer,Student,150547,12545,8,Rural,No,No,No
1378,Maharashtra,69,Female,Higher Secondary,Labour,Student,567425,47285,4,Urban,No,Yes,Yes
1379,Karnataka,37,Male,Secondary,Healthcare,Unemployed,290131,24177,7,Urban,No,No,No
1380,Haryana,65,Female,Primary,Government,Unemployed,265285,22107,7,Urban,No,Yes,Yes
1381,Tamil Nadu,69,Male,Primary,Healthcare,Employed,843780,70315,1,Urban,No,Yes,Yes
1382,Karnataka,29,Female,Primary,Student,Student,760336,63361,8,Urban,Yes,Yes,Yes
1383,Haryana,36,Male,Primary,Unemployed,Employed,407539,33961,6,Rural,No,Yes,Yes
1384,Tamil Nadu,65,Male,Postgraduate,Private,Student,277879,23156,1,Urban,No,No,Yes
1385,Haryana,26,Male,Secondary,Farmer,Self-employed,282528,23544,7,Rural,Yes,Yes,Yes
1386,Karnataka,41,Female,Graduate,Business,Self-employed,60000,5000,1,Rural,No,Yes,Yes
1387,Delhi,78,Male,Postgraduate,Private,Employed,660792,55066,1,Rural,No,Yes,No
1388,Gujarat,53,Female,Primary,Business,Self-employed,436930,36410,1,Rural,No,No,Yes
1389,Punjab,37,Female,Higher Secondary,Healthcare,Unemployed,663573,55297,3,Urban,No,Yes,Yes
1390,Maharashtra,44,Female,Higher Secondary,Engineer,Employed,634055,52837,4,Urban,No,Yes,Yes
1391,Tamil Nadu,76,Male,Postgraduate,Business,Employed,298535,24877,4,Urban,No,Yes,No
1392,Tamil Nadu,47,Female,Secondary,Farmer,Student,355312,29609,7,Urban,Yes,Yes,No
1393,Haryana,31,Male,Postgraduate,Private,Unemployed,563003,46916,4,Rural,Yes,No,Yes
1394,Karnataka,33,Male,Primary,Private,Student,342361,28530,5,Urban,Yes,No,No
1395,Punjab,36,Female,Primary,Healthcare,Self-employed,518787,43232,2,Urban,Yes,Yes,No
1396,West Bengal,59,Female,Primary,Farmer,Self-employed,255096,21258,6,Urban,No,Yes,No
1397,Punjab,19,Female,Graduate,Labour,Unemployed,779671,64972,2,Rural,Yes,Yes,Yes
1398,Delhi,28,Female,Secondary,Labour,Student,862476,71873,7,Urban,No,Yes,Yes
1399,Rajasthan,18,Male,Graduate,Farmer,Employed,778874,64906,2,Rural,Yes,No,Yes
1400,Karnataka,41,Female,Secondary,Farmer,Student,618389,51532,8,Rural,No,No,No
1401,Tamil Nadu,77,Female,Graduate,Unemployed,Self-employed,738877,61573,8,Urban,No,No,Yes
1402,Haryana,47,Female,Secondary,Farmer,Unemployed,80626,6718,1,Urban,Yes,Yes,No
1403,Haryana,67,Male,Graduate,Labour,Student,808361,67363,4,Rural,Yes,Yes,Yes
1404,Tamil Nadu,66,Female,Graduate,Government,Unemployed,652473,54372,5,Rural,No,No,No
1405,Delhi,64,Male,Secondary,Unemployed,Employed,305464,25455,1,Urban,No,Yes,No
1406,West Bengal,26,Male,Primary,Engineer,Employed,438328,36527,3,Urban,Yes,Yes,Yes
1407,Gujarat,41,Male,Higher Secondary,Business,Employed,525555,43796,4,Rural,No,No,No
1408,Punjab,76,Female,Graduate,Unemployed,Self-employed,337631,28135,4,Rural,Yes,No,No
1409,West Bengal,70,Male,Graduate,Labour,Unemployed,768176,64014,6,Rural,No,No,No
1410,Maharashtra,23,Male,Higher Secondary,Teacher,Employed,572087,47673,8,Rural,Yes,Yes,No
1411,Maharashtra,62,Female,Primary,Labour,Unemployed,366854,30571,7,Rural,No,Yes,No
1412,Uttar Pradesh,23,Female,Higher Secondary,Healthcare,Employed,500127,41677,3,Urban,Yes,No,No
1413,Maharashtra,31,Female,Secondary,Healthcare,Unemployed,563862,46988,3,Urban,No,No,Yes
1414,Rajasthan,36,Female,Graduate,Labour,Self-employed,201233,16769,6,Rural,Yes,Yes,Yes
1415,Punjab,51,Female,Graduate,Student,Unemployed,330730,27560,8,Rural,Yes,Yes,Yes
1416,Karnataka,53,Male,Postgraduate,Unemployed,Unemployed,798026,66502,5,Urban,No,Yes,Yes
1417,Uttar Pradesh,67,Female,Secondary,Farmer,Self-employed,552069,46005,1,Urban,No,Yes,Yes
1418,Delhi,74,Female,Graduate,Labour,Unemployed,651650,54304,7,Rural,No,No,No
1419,Gujarat,54,Female,Higher Secondary,Student,Student,723191,60265,2,Urban,No,Yes,Yes
1420,Maharashtra,49,Male,Postgraduate,Engineer,Employed,129604,10800,6,Rural,Yes,Yes,Yes
1421,Uttar Pradesh,31,Male,Primary,Private,Student,313772,26147,2,Rural,No,Yes,No
1422,Uttar Pradesh,43,Male,Primary,Engineer,Self-employed,381796,31816,1,Rural,Yes,No,No
1423,Uttar Pradesh,76,Female,Secondary,Private,Student,381621,31801,1,Rural,Yes,Yes,Yes
1424,Delhi,36,Female,Primary,Teacher,Student,586756,48896,3,Rural,No,No,Yes
1425,Karnataka,40,Male,Secondary,Teacher,Unemployed,676952,56412,5,Urban,Yes,No,Yes
1426,West Bengal,53,Male,Primary,Healthcare,Employed,480901,40075,7,Urban,Yes,No,No
1427,Punjab,21,Female,Primary,Government,Employed,86724,7227,4,Rural,Yes,Yes,Yes
1428,Karnataka,69,Female,Secondary,Teacher,Employed,421603,35133,1,Rural,Yes,Yes,Yes
1429,Haryana,28,Male,Postgraduate,Labour,Self-employed,789984,65832,1,Rural,No,Yes,No
1430,Gujarat,45,Female,Higher Secondary,Teacher,Self-employed,520755,43396,1,Urban,Yes,Yes,Yes
1431,Maharashtra,57,Male,Higher Secondary,Engineer,Unemployed,864578,72048,6,Urban,No,Yes,Yes
1432,Punjab,75,Male,Postgraduate,Unemployed,Self-employed,869638,72469,6,Urban,Yes,No,No
1433,Rajasthan,27,Female,Secondary,Healthcare,Self-employed,67579,5631,7,Urban,Yes,Yes,Yes
1434,Punjab,65,Male,Postgraduate,Healthcare,Employed,468202,39016,3,Urban,Yes,No,Yes
1435,Gujarat,19,Female,Postgraduate,Healthcare,Employed,964199,80349,7,Urban,No,No,Yes
1436,Rajasthan,54,Male,Higher Secondary,Unemployed,Self-employed,210336,17528,6,Rural,No,No,No
1437,West Bengal,45,Male,Higher Secondary,Farmer,Self-employed,60000,5000,2,Urban,No,No,Yes
1438,Punjab,68,Female,Primary,Private,Employed,597860,49821,8,Urban,No,Yes,No
1439,Gujarat,52,Male,Postgraduate,Government,Student,578422,48201,5,Urban,No,Yes,Yes
1440,Maharashtra,46,Male,Higher Secondary,Government,Self-employed,195182,16265,2,Urban,Yes,Yes,No
1441,Punjab,46,Female,Postgraduate,Farmer,Employed,517464,43122,4,Rural,No,Yes,Yes
1442,Tamil Nadu,69,Female,Graduate,Business,Self-employed,593713,49476,6,Urban,Yes,Yes,No
1443,Haryana,64,Male,Graduate,Business,Student,60000,5000,4,Urban,Yes,No,Yes
1444,Karnataka,25,Female,Postgraduate,Farmer,Employed,519805,43317,4,Rural,Yes,No,No
1445,Tamil Nadu,53,Male,Graduate,Unemployed,Unemployed,636064,53005,8,Rural,Yes,No,No
1446,West Bengal,63,Female,Postgraduate,Teacher,Self-employed,354466,29538,3,Urban,No,No,Yes
1447,Karnataka,60,Male,Secondary,Labour,Student,60000,5000,4,Rural,No,Yes,No
1448,Tamil Nadu,50,Female,Secondary,Government,Unemployed,678893,56574,4,Rural,No,No,No
1449,West Bengal,27,Male,Primary,Farmer,Employed,750031,62502,6,Urban,No,No,No
1450,Haryana,31,Female,Primary,Labour,Student,360652,30054,5,Urban,Yes,Yes,No
1451,Maharashtra,73,Male,Secondary,Engineer,Employed,150845,12570,3,Urban,No,Yes,No
1452,Gujarat,54,Female,Postgraduate,Unemployed,Self-employed,531803,44316,1,Rural,Yes,No,No
1453,Delhi,57,Female,Secondary,Business,Self-employed,80796,6733,4,Urban,No,No,No
1454,Maharashtra,48,Female,Higher Secondary,Government,Student,356935,29744,7,Urban,Yes,Yes,Yes
1455,Karnataka,56,Male,Secondary,Student,Employed,602506,50208,7,Urban,No,No,No
1456,Haryana,26,Female,Graduate,Farmer,Employed,1247762,103980,5,Rural,Yes,No,No
1457,Uttar Pradesh,38,Female,Postgraduate,Private,Self-employed,224264,18688,1,Urban,Yes,Yes,Yes
1458,West Bengal,21,Female,Secondary,Business,Employed,591568,49297,1,Rural,No,No,No
1459,Tamil Nadu,31,Male,Secondary,Private,Self-employed,453922,37826,1,Rural,No,No,Yes
1460,Haryana,50,Female,Postgraduate,Unemployed,Unemployed,60000,5000,2,Rural,No,No,Yes
1461,Gujarat,64,Female,Secondary,Government,Self-employed,588861,49071,4,Urban,No,Yes,Yes
1462,Maharashtra,79,Male,Higher Secondary,Teacher,Self-employed,296030,24669,8,Urban,Yes,Yes,Yes
1463,West Bengal,43,Male,Postgraduate,Healthcare,Self-employed,590890,49240,6,Urban,Yes,Yes,Yes
1464,Punjab,24,Male,Secondary,Farmer,Unemployed,605880,50490,2,Urban,No,Yes,No
1465,Haryana,48,Male,Graduate,Engineer,Unemployed,474871,39572,5,Rural,No,Yes,No
1466,Haryana,72,Male,Secondary,Farmer,Student,807882,67323,3,Rural,Yes,No,No
1467,Uttar Pradesh,69,Female,Higher Secondary,Private,Self-employed,947533,78961,5,Urban,No,No,Yes
1468,Haryana,49,Male,Higher Secondary,Business,Student,183921,15326,6,Urban,No,Yes,No
1469,Rajasthan,58,Male,Graduate,Healthcare,Self-employed,274718,22893,1,Urban,Yes,Yes,No
1470,Haryana,18,Female,Postgraduate,Engineer,Unemployed,386814,32234,7,Urban,No,Yes,Yes
1471,Rajasthan,79,Female,Postgraduate,Private,Self-employed,498435,41536,5,Rural,Yes,Yes,Yes
1472,Rajasthan,65,Female,Primary,Teacher,Self-employed,876763,73063,2,Rural,No,No,Yes
1473,Tamil Nadu,22,Male,Primary,Unemployed,Employed,531454,44287,1,Rural,Yes,No,No
1474,Tamil Nadu,21,Female,Postgraduate,Business,Unemployed,376207,31350,7,Urban,No,Yes,Yes
1475,Gujarat,41,Female,Higher Secondary,Labour,Self-employed,234803,19566,5,Rural,No,Yes,Yes
1476,Haryana,40,Male,Graduate,Government,Employed,683160,56930,7,Rural,No,Yes,No
1477,Uttar Pradesh,58,Female,Primary,Healthcare,Self-employed,703240,58603,7,Rural,No,No,No
1478,Delhi,37,Female,Secondary,Farmer,Self-employed,400285,33357,6,Urban,Yes,No,No
1479,Maharashtra,58,Male,Higher Secondary,Teacher,Self-employed,178742,14895,1,Rural,No,Yes,No
1480,Haryana,56,Male,Higher Secondary,Healthcare,Student,619872,51656,5,Rural,No,Yes,No
1481,Gujarat,24,Female,Primary,Student,Unemployed,633057,52754,6,Rural,No,No,Yes
1482,Delhi,73,Female,Higher Secondary,Private,Employed,320479,26706,6,Rural,No,Yes,Yes
1483,Tamil Nadu,51,Male,Graduate,Government,Student,863958,71996,5,Rural,No,Yes,No
1484,Maharashtra,70,Male,Secondary,Teacher,Self-employed,645691,53807,2,Urban,No,Yes,Yes
1485,Gujarat,77,Female,Secondary,Student,Unemployed,278492,23207,7,Urban,No,No,Yes
1486,Delhi,35,Male,Higher Secondary,Government,Employed,326938,27244,2,Rural,Yes,Yes,No
1487,Karnataka,57,Male,Graduate,Student,Student,371610,30967,4,Urban,Yes,No,Yes
1488,Haryana,56,Male,Postgraduate,Labour,Self-employed,329152,27429,3,Urban,Yes,Yes,Yes
1489,West Bengal,20,Female,Primary,Student,Student,561636,46803,3,Rural,No,No,Yes
1490,Haryana,57,Male,Graduate,Government,Self-employed,743775,61981,8,Urban,No,Yes,Yes
1491,Punjab,45,Female,Secondary,Farmer,Unemployed,60000,5000,1,Rural,Yes,No,No
1492,Gujarat,43,Female,Primary,Business,Student,925471,77122,4,Rural,Yes,No,Yes
1493,Maharashtra,47,Male,Higher Secondary,Student,Employed,446997,37249,8,Rural,Yes,No,Yes
1494,Haryana,58,Male,Secondary,Private,Unemployed,392773,32731,4,Rural,Yes,Yes,No
1495,Gujarat,59,Female,Secondary,Government,Student,202474,16872,2,Urban,Yes,No,No
1496,Punjab,78,Male,Graduate,Private,Employed,939929,78327,7,Rural,Yes,Yes,No
1497,Delhi,36,Female,Graduate,Government,Employed,287521,23960,4,Urban,Yes,Yes,No
1498,Delhi,54,Male,Postgraduate,Student,Employed,320350,26695,6,Urban,Yes,Yes,Yes
1499,Gujarat,40,Female,Secondary,Unemployed,Self-employed,686099,57174,6,Rural,No,No,No
1500,Gujarat,35,Male,Postgraduate,Farmer,Employed,555585,46298,5,Rural,No,Yes,Yes
1501,Uttar Pradesh,75,Female,Primary,Student,Self-employed,529580,44131,5,Rural,No,No,No
1502,Punjab,72,Male,Primary,Student,Self-employed,271660,22638,8,Rural,Yes,Yes,No
1503,Gujarat,47,Male,Graduate,Farmer,Employed,787351,65612,2,Rural,Yes,No,No
1504,Haryana,68,Male,Graduate,Teacher,Employed,668262,55688,2,Rural,Yes,No,No
1505,Delhi,44,Male,Graduate,Private,Unemployed,249932,20827,8,Rural,Yes,Yes,Yes
1506,Haryana,18,Female,Graduate,Business,Unemployed,721799,60149,1,Rural,Yes,No,Yes
1507,Delhi,51,Female,Postgraduate,Healthcare,Employed,60000,5000,2,Urban,No,No,No
1508,Karnataka,46,Female,Graduate,Labour,Student,311633,25969,8,Rural,Yes,No,No
1509,Tamil Nadu,58,Female,Higher Secondary,Student,Self-employed,510199,42516,3,Rural,Yes,No,Yes
1510,Maharashtra,39,Female,Postgraduate,Business,Employed,444660,37055,3,Rural,Yes,Yes,Yes
1511,Haryana,79,Female,Primary,Teacher,Student,431452,35954,2,Rural,Yes,Yes,Yes
1512,Tamil Nadu,25,Female,Graduate,Engineer,Student,697601,58133,7,Rural,Yes,Yes,No
1513,Maharashtra,80,Female,Secondary,Farmer,Student,939779,78314,8,Rural,No,No,Yes
1514,Tamil Nadu,48,Female,Postgraduate,Teacher,Student,60000,5000,2,Rural,No,No,Yes
1515,Rajasthan,53,Male,Primary,Government,Student,625283,52106,8,Urban,Yes,Yes,No
1516,West Bengal,38,Male,Secondary,Student,Employed,340990,28415,1,Rural,Yes,Yes,Yes
1517,Haryana,18,Female,Postgraduate,Healthcare,Student,807717,67309,7,Rural,Yes,No,No
1518,Tamil Nadu,40,Female,Graduate,Engineer,Employed,509390,42449,2,Rural,No,Yes,Yes
1519,Haryana,45,Female,Higher Secondary,Unemployed,Self-employed,514792,42899,4,Rural,No,No,Yes
1520,Tamil Nadu,62,Male,Primary,Engineer,Self-employed,548252,45687,1,Urban,Yes,Yes,No
1521,Karnataka,56,Female,Graduate,Healthcare,Unemployed,566915,47242,5,Rural,Yes,Yes,Yes
1522,Gujarat,65,Male,Postgraduate,Private,Employed,714368,59530,2,Rural,No,Yes,No
1523,Tamil Nadu,80,Female,Graduate,Farmer,Student,465885,38823,2,Urban,No,Yes,No
1524,West Bengal,65,Female,Primary,Business,Unemployed,676518,56376,6,Rural,No,No,No
1525,Haryana,49,Female,Postgraduate,Farmer,Student,319199,26599,2,Rural,Yes,Yes,No
1526,Rajasthan,32,Female,Graduate,Government,Student,1016370,84697,1,Rural,Yes,Yes,No
1527,Karnataka,32,Female,Secondary,Business,Unemployed,102831,8569,8,Urban,No,Yes,Yes
1528,Punjab,68,Male,Graduate,Teacher,Student,699491,58290,8,Urban,Yes,No,Yes
1529,West Bengal,75,Female,Higher Secondary,Farmer,Self-employed,682379,56864,5,Rural,Yes,No,Yes
1530,Uttar Pradesh,40,Male,Higher Secondary,Business,Unemployed,475579,39631,6,Rural,No,No,No
1531,Haryana,80,Female,Graduate,Student,Student,936130,78010,6,Urban,No,No,No
1532,Rajasthan,79,Female,Graduate,Farmer,Employed,569952,47496,7,Rural,No,No,Yes
1533,Rajasthan,67,Male,Primary,Engineer,Unemployed,182834,15236,8,Urban,Yes,Yes,No
1534,Maharashtra,79,Female,Graduate,Unemployed,Self-employed,447126,37260,5,Urban,Yes,Yes,No
1535,Punjab,19,Female,Primary,Private,Student,619374,51614,6,Urban,No,Yes,No
1536,Delhi,54,Male,Primary,Business,Student,60000,5000,6,Urban,Yes,Yes,No
1537,Punjab,49,Male,Graduate,Teacher,Employed,322451,26870,8,Rural,Yes,No,No
1538,Delhi,26,Female,Primary,Government,Student,260857,21738,3,Urban,No,Yes,Yes
1539,Punjab,66,Male,Graduate,Business,Unemployed,60000,5000,2,Rural,No,No,No
1540,Haryana,59,Female,Higher Secondary,Private,Unemployed,193496,16124,2,Urban,Yes,Yes,No
1541,Gujarat,19,Male,Postgraduate,Labour,Employed,881813,73484,3,Urban,Yes,No,No
1542,Uttar Pradesh,49,Female,Graduate,Labour,Student,549948,45829,2,Rural,Yes,No,Yes
1543,Rajasthan,18,Male,Primary,Teacher,Unemployed,683905,56992,4,Rural,No,Yes,Yes
1544,Tamil Nadu,69,Male,Secondary,Healthcare,Student,199249,16604,6,Rural,Yes,No,No
1545,Karnataka,63,Female,Secondary,Government,Employed,759724,63310,3,Rural,Yes,Yes,No
1546,Delhi,50,Female,Postgraduate,Private,Student,457906,38158,1,Urban,No,No,Yes
1547,Tamil Nadu,18,Male,Graduate,Business,Unemployed,655648,54637,7,Urban,Yes,Yes,No
1548,Delhi,52,Male,Graduate,Farmer,Unemployed,548603,45716,2,Urban,Yes,Yes,No
1549,Delhi,45,Female,Graduate,Farmer,Unemployed,418288,34857,7,Urban,Yes,Yes,No
1550,Gujarat,72,Female,Postgraduate,Private,Employed,916158,76346,6,Rural,Yes,No,No
1551,Maharashtra,35,Male,Graduate,Engineer,Unemployed,718163,59846,8,Urban,Yes,No,No
1552,Rajasthan,25,Male,Secondary,Teacher,Student,60000,5000,5,Rural,Yes,No,No
1553,Uttar Pradesh,61,Male,Postgraduate,Unemployed,Self-employed,319931,26660,1,Rural,Yes,No,No
1554,West Bengal,63,Female,Secondary,Private,Employed,1431183,119265,5,Rural,Yes,Yes,No
1555,Punjab,70,Male,Higher Secondary,Government,Student,789089,65757,3,Rural,No,Yes,Yes
1556,Uttar Pradesh,68,Female,Graduate,Unemployed,Student,277823,23151,7,Rural,Yes,No,Yes
1557,Punjab,54,Female,Secondary,Private,Student,668615,55717,8,Rural,Yes,No,No
1558,Gujarat,26,Male,Secondary,Farmer,Student,833576,69464,8,Rural,Yes,Yes,Yes
1559,Haryana,51,Female,Graduate,Engineer,Student,580526,48377,1,Rural,Yes,Yes,No
1560,Karnataka,62,Female,Higher Secondary,Teacher,Student,343323,28610,6,Urban,No,Yes,Yes
1561,Maharashtra,32,Female,Graduate,Healthcare,Self-employed,1121017,93418,6,Rural,Yes,Yes,Yes
1562,West Bengal,62,Female,Graduate,Government,Self-employed,709464,59122,5,Urban,No,No,Yes
1563,Tamil Nadu,42,Male,Postgraduate,Unemployed,Unemployed,241487,20123,2,Rural,No,Yes,Yes
1564,Delhi,73,Female,Secondary,Teacher,Student,740031,61669,7,Urban,Yes,No,No
1565,Uttar Pradesh,43,Female,Secondary,Unemployed,Student,694193,57849,1,Rural,No,No,Yes
1566,Rajasthan,64,Male,Higher Secondary,Government,Unemployed,496978,41414,8,Rural,Yes,Yes,No
1567,Uttar Pradesh,59,Female,Secondary,Government,Unemployed,550365,45863,5,Rural,No,No,Yes
1568,Maharashtra,75,Female,Secondary,Teacher,Unemployed,309411,25784,5,Rural,Yes,Yes,Yes
1569,Punjab,78,Male,Graduate,Unemployed,Unemployed,776865,64738,2,Urban,No,Yes,Yes
1570,Delhi,77,Female,Primary,Student,Self-employed,584444,48703,6,Rural,No,No,Yes
1571,Punjab,69,Male,Primary,Unemployed,Self-employed,387728,32310,1,Urban,Yes,No,No
1572,West Bengal,60,Female,Higher Secondary,Unemployed,Unemployed,275272,22939,5,Urban,No,No,No
1573,Punjab,59,Female,Secondary,Student,Employed,574282,47856,1,Urban,Yes,Yes,Yes
1574,Maharashtra,33,Male,Graduate,Student,Employed,619269,51605,8,Rural,No,Yes,No
1575,Uttar Pradesh,34,Male,Primary,Teacher,Self-employed,537646,44803,5,Urban,No,No,No
1576,Maharashtra,59,Female,Graduate,Healthcare,Unemployed,940625,78385,2,Rural,Yes,No,No
1577,Uttar Pradesh,63,Female,Higher Secondary,Business,Self-employed,706384,58865,3,Rural,Yes,Yes,No
1578,Tamil Nadu,44,Male,Higher Secondary,Farmer,Employed,583398,48616,5,Rural,Yes,Yes,Yes
1579,Delhi,64,Male,Postgraduate,Private,Student,460961,38413,1,Urban,Yes,Yes,No
1580,Gujarat,31,Male,Secondary,Private,Self-employed,417669,34805,2,Urban,No,No,Yes
1581,Punjab,44,Female,Graduate,Business,Unemployed,285261,23771,2,Rural,No,Yes,No
1582,Maharashtra,52,Male,Secondary,Labour,Self-employed,419077,34923,3,Urban,No,Yes,Yes
1583,Haryana,59,Male,Postgraduate,Private,Student,274118,22843,1,Rural,Yes,Yes,Yes
1584,Rajasthan,23,Female,Higher Secondary,Unemployed,Student,219305,18275,8,Urban,Yes,No,No
1585,Tamil Nadu,54,Female,Higher Secondary,Engineer,Self-employed,639205,53267,1,Urban,Yes,No,Yes
1586,Punjab,43,Male,Higher Secondary,Unemployed,Employed,276305,23025,4,Rural,Yes,Yes,Yes
1587,Uttar Pradesh,58,Female,Primary,Business,Student,988184,82348,7,Rural,Yes,No,Yes
1588,Punjab,33,Male,Secondary,Unemployed,Employed,478914,39909,6,Rural,Yes,No,Yes
1589,Maharashtra,23,Female,Postgraduate,Business,Self-employed,566508,47209,8,Urban,Yes,No,No
1590,Punjab,59,Female,Graduate,Government,Employed,659009,54917,3,Rural,Yes,No,Yes
1591,West Bengal,48,Male,Higher Secondary,Healthcare,Self-employed,499157,41596,7,Urban,No,Yes,No
1592,Uttar Pradesh,40,Female,Higher Secondary,Healthcare,Employed,60000,5000,5,Rural,No,No,No
1593,Delhi,56,Female,Graduate,Student,Student,727333,60611,8,Rural,No,No,Yes
1594,Maharashtra,49,Male,Postgraduate,Private,Student,341071,28422,7,Rural,Yes,Yes,No
1595,Delhi,24,Male,Primary,Labour,Unemployed,320753,26729,3,Rural,No,No,Yes
1596,Karnataka,22,Male,Graduate,Farmer,Student,850593,70882,1,Urban,Yes,Yes,Yes
1597,Delhi,25,Male,Higher Secondary,Government,Employed,230353,19196,4,Urban,Yes,Yes,Yes
1598,Gujarat,62,Female,Higher Secondary,Farmer,Unemployed,210062,17505,8,Rural,Yes,No,Yes
1599,Maharashtra,32,Female,Higher Secondary,Private,Employed,373601,31133,8,Rural,No,No,No
1600,Maharashtra,76,Female,Higher Secondary,Labour,Unemployed,81467,6788,6,Rural,No,Yes,No
1601,Uttar Pradesh,39,Male,Postgraduate,Healthcare,Employed,296309,24692,2,Urban,Yes,Yes,Yes
1602,Haryana,32,Male,Higher Secondary,Student,Self-employed,222395,18532,7,Rural,Yes,No,No
1603,West Bengal,40,Male,Higher Secondary,Student,Self-employed,468637,39053,1,Rural,No,No,No
1604,Karnataka,51,Male,Postgraduate,Farmer,Employed,675818,56318,1,Rural,No,Yes,Yes
1605,Rajasthan,25,Male,Graduate,Government,Student,60000,5000,7,Urban,Yes,Yes,No
1606,Delhi,58,Male,Higher Secondary,Farmer,Employed,281064,23422,1,Urban,No,No,Yes
1607,Punjab,53,Male,Higher Secondary,Farmer,Student,410587,34215,3,Urban,No,Yes,No
1608,Delhi,19,Female,Secondary,Farmer,Unemployed,60000,5000,3,Rural,No,Yes,No
1609,Haryana,38,Male,Postgraduate,Private,Unemployed,468347,39028,4,Rural,Yes,Yes,No
1610,Delhi,75,Female,Postgraduate,Engineer,Student,680257,56688,4,Urban,Yes,No,No
1611,West Bengal,80,Female,Higher Secondary,Engineer,Unemployed,496467,41372,3,Urban,No,No,No
1612,Gujarat,58,Male,Higher Secondary,Government,Self-employed,248351,20695,5,Rural,No,No,No
1613,Gujarat,66,Male,Primary,Farmer,Self-employed,360287,30023,4,Rural,No,Yes,Yes
1614,Maharashtra,64,Male,Postgraduate,Healthcare,Unemployed,523819,43651,8,Rural,Yes,Yes,Yes
1615,Karnataka,27,Female,Secondary,Teacher,Self-employed,300230,25019,8,Rural,No,No,Yes
1616,Delhi,75,Male,Secondary,Government,Unemployed,978014,81501,2,Rural,Yes,No,No
1617,Gujarat,69,Female,Graduate,Business,Employed,323521,26960,5,Rural,Yes,No,No
1618,Uttar Pradesh,37,Female,Secondary,Healthcare,Employed,243209,20267,6,Rural,Yes,Yes,Yes
1619,Delhi,76,Female,Primary,Business,Student,338224,28185,1,Urban,No,Yes,Yes
1620,Tamil Nadu,69,Female,Secondary,Healthcare,Student,515806,42983,4,Rural,Yes,Yes,No
1621,Haryana,47,Male,Graduate,Labour,Self-employed,838977,69914,2,Urban,Yes,No,No
1622,Rajasthan,49,Male,Graduate,Private,Unemployed,569914,47492,6,Rural,No,Yes,No
1623,Tamil Nadu,32,Female,Primary,Farmer,Self-employed,905017,75418,3,Rural,No,Yes,No
1624,Rajasthan,35,Male,Postgraduate,Student,Self-employed,538074,44839,4,Rural,Yes,Yes,Yes
1625,Delhi,24,Female,Primary,Farmer,Unemployed,399003,33250,3,Rural,Yes,No,No
1626,Karnataka,19,Female,Primary,Healthcare,Student,438233,36519,5,Rural,Yes,No,Yes
1627,Uttar Pradesh,45,Male,Higher Secondary,Farmer,Self-employed,1010395,84199,6,Urban,No,No,Yes
1628,Delhi,18,Female,Higher Secondary,Private,Unemployed,253174,21097,1,Urban,No,Yes,Yes
1629,Rajasthan,66,Female,Graduate,Student,Student,614814,51234,8,Urban,Yes,No,Yes
1630,Haryana,43,Male,Higher Secondary,Business,Employed,578832,48236,3,Rural,No,Yes,No
1631,Tamil Nadu,41,Female,Graduate,Farmer,Self-employed,349121,29093,8,Rural,No,No,No
1632,Maharashtra,76,Female,Postgraduate,Private,Self-employed,683689,56974,8,Urban,No,Yes,No
1633,Haryana,58,Male,Postgraduate,Unemployed,Unemployed,60000,5000,4,Urban,No,No,No
1634,Karnataka,42,Male,Primary,Farmer,Employed,577557,48129,2,Rural,No,Yes,Yes
1635,West Bengal,51,Male,Higher Secondary,Healthcare,Self-employed,201758,16813,2,Urban,Yes,No,Yes
1636,Rajasthan,69,Male,Graduate,Student,Employed,799706,66642,4,Urban,Yes,No,Yes
1637,Tamil Nadu,71,Female,Higher Secondary,Business,Unemployed,740364,61697,7,Rural,Yes,No,Yes
1638,Tamil Nadu,36,Male,Graduate,Private,Employed,736682,61390,3,Urban,No,Yes,Yes
1639,Delhi,46,Male,Secondary,Healthcare,Self-employed,520399,43366,6,Rural,No,Yes,Yes
1640,Maharashtra,46,Male,Higher Secondary,Healthcare,Self-employed,539900,44991,8,Urban,No,No,No
1641,Gujarat,66,Female,Primary,Teacher,Student,675200,56266,4,Rural,No,Yes,No
1642,Rajasthan,69,Female,Primary,Healthcare,Self-employed,756330,63027,1,Rural,Yes,No,No
1643,Punjab,42,Male,Graduate,Business,Student,446870,37239,4,Rural,No,No,Yes
1644,West Bengal,18,Male,Graduate,Business,Self-employed,1016060,84671,4,Rural,Yes,Yes,No
1645,Punjab,44,Male,Primary,Engineer,Unemployed,597674,49806,8,Rural,No,No,No
1646,Delhi,57,Female,Primary,Labour,Employed,516934,43077,1,Rural,No,No,Yes
1647,Karnataka,40,Male,Secondary,Farmer,Student,735863,61321,3,Rural,No,Yes,Yes
1648,Delhi,76,Female,Graduate,Student,Self-employed,688672,57389,1,Urban,No,No,No
1649,Gujarat,19,Female,Primary,Teacher,Unemployed,434894,36241,3,Urban,No,No,No
1650,Karnataka,71,Female,Postgraduate,Student,Self-employed,294503,24541,3,Urban,Yes,Yes,No
1651,Karnataka,70,Male,Graduate,Unemployed,Self-employed,558400,46533,5,Rural,No,Yes,Yes
1652,Karnataka,53,Female,Graduate,Private,Unemployed,653469,54455,7,Urban,Yes,No,Yes
1653,Haryana,51,Female,Graduate,Unemployed,Student,314957,26246,2,Rural,No,Yes,No
1654,Gujarat,21,Female,Graduate,Engineer,Unemployed,1020407,85033,6,Rural,Yes,Yes,Yes
1655,Haryana,26,Male,Primary,Labour,Student,550727,45893,6,Rural,No,No,No
1656,Delhi,18,Female,Graduate,Government,Employed,239433,19952,8,Rural,No,No,Yes
1657,Delhi,66,Female,Graduate,Healthcare,Self-employed,471655,39304,2,Rural,Yes,Yes,No
1658,Gujarat,56,Male,Higher Secondary,Student,Unemployed,120718,10059,6,Urban,Yes,No,Yes
1659,Maharashtra,58,Female,Higher Secondary,Engineer,Unemployed,423637,35303,4,Rural,No,No,No
1660,Maharashtra,80,Male,Secondary,Private,Unemployed,158327,13193,6,Rural,Yes,No,No
1661,Karnataka,43,Female,Primary,Healthcare,Unemployed,819409,68284,3,Rural,No,No,No
1662,West Bengal,43,Female,Postgraduate,Teacher,Unemployed,406141,33845,6,Rural,Yes,Yes,Yes
1663,Uttar Pradesh,58,Female,Secondary,Teacher,Self-employed,60134,5011,3,Rural,Yes,Yes,Yes
1664,Maharashtra,35,Female,Postgraduate,Private,Self-employed,539172,44931,3,Rural,Yes,Yes,No
1665,West Bengal,20,Female,Secondary,Student,Unemployed,570446,47537,5,Rural,No,Yes,Yes
1666,Maharashtra,36,Male,Graduate,Government,Unemployed,575482,47956,8,Rural,No,No,Yes
1667,Punjab,46,Male,Primary,Engineer,Self-employed,116892,9741,5,Rural,No,No,No
1668,Maharashtra,66,Female,Graduate,Business,Self-employed,498539,41544,5,Rural,No,No,No
1669,Gujarat,69,Male,Graduate,Teacher,Student,506121,42176,2,Rural,Yes,No,No
1670,Delhi,66,Female,Graduate,Labour,Self-employed,676621,56385,1,Urban,No,No,Yes
1671,Gujarat,58,Male,Postgraduate,Teacher,Employed,1185173,98764,7,Rural,No,Yes,No
1672,Punjab,31,Male,Secondary,Engineer,Unemployed,669237,55769,1,Urban,Yes,No,No
1673,Maharashtra,23,Male,Secondary,Business,Student,691133,57594,4,Rural,Yes,No,No
1674,Punjab,54,Female,Secondary,Labour,Employed,220806,18400,4,Rural,Yes,Yes,Yes
1675,West Bengal,68,Female,Higher Secondary,Unemployed,Unemployed,793433,66119,7,Urban,No,No,Yes
1676,Karnataka,45,Female,Higher Secondary,Farmer,Employed,132806,11067,2,Rural,No,No,No
1677,Rajasthan,39,Female,Higher Secondary,Healthcare,Unemployed,60000,5000,7,Urban,No,Yes,No
1678,Gujarat,21,Male,Primary,Unemployed,Self-employed,775321,64610,6,Rural,No,Yes,Yes
1679,Punjab,23,Male,Primary,Healthcare,Unemployed,540577,45048,4,Urban,Yes,No,No
1680,Maharashtra,52,Male,Postgraduate,Labour,Student,324500,27041,7,Rural,No,No,Yes
1681,Karnataka,62,Male,Graduate,Private,Self-employed,600358,50029,6,Rural,No,Yes,Yes
1682,Uttar Pradesh,54,Female,Primary,Student,Student,559473,46622,4,Rural,Yes,Yes,No
1683,Tamil Nadu,57,Male,Primary,Teacher,Employed,640011,53334,4,Urban,No,Yes,Yes
1684,Rajasthan,53,Male,Graduate,Labour,Student,346791,28899,4,Urban,No,No,No
1685,Delhi,26,Male,Higher Secondary,Government,Employed,490179,40848,5,Rural,No,Yes,Yes
1686,Maharashtra,29,Male,Primary,Labour,Self-employed,495941,41328,5,Urban,Yes,Yes,No
1687,Haryana,56,Male,Graduate,Labour,Employed,569611,47467,1,Rural,No,Yes,No
1688,Tamil Nadu,80,Male,Postgraduate,Teacher,Student,431980,35998,3,Rural,Yes,No,No
1689,Gujarat,31,Male,Primary,Engineer,Self-employed,556611,46384,5,Urban,No,Yes,No
1690,West Bengal,47,Male,Postgraduate,Student,Unemployed,679416,56618,7,Rural,Yes,Yes,No
1691,Punjab,58,Female,Secondary,Private,Self-employed,492935,41077,7,Urban,No,Yes,Yes
1692,Tamil Nadu,75,Male,Postgraduate,Farmer,Unemployed,419012,34917,6,Urban,No,Yes,Yes
1693,Punjab,66,Male,Primary,Farmer,Self-employed,632213,52684,5,Rural,Yes,No,No
1694,Maharashtra,22,Female,Higher Secondary,Farmer,Self-employed,884729,73727,2,Rural,Yes,Yes,No
1695,Delhi,80,Male,Primary,Student,Self-employed,246882,20573,1,Urban,No,Yes,Yes
1696,Karnataka,31,Male,Graduate,Healthcare,Self-employed,499325,41610,4,Rural,Yes,Yes,Yes
1697,Delhi,75,Female,Graduate,Government,Self-employed,338984,28248,2,Urban,No,No,No
1698,Punjab,52,Male,Graduate,Student,Unemployed,128143,10678,5,Rural,No,Yes,No
1699,West Bengal,36,Female,Higher Secondary,Student,Employed,707699,58974,5,Rural,Yes,Yes,Yes
1700,Haryana,29,Female,Postgraduate,Farmer,Student,231510,19292,8,Urban,No,Yes,No
1701,Uttar Pradesh,19,Male,Graduate,Farmer,Employed,353137,29428,8,Urban,Yes,Yes,Yes
1702,Gujarat,26,Male,Higher Secondary,Teacher,Unemployed,542769,45230,5,Rural,Yes,Yes,Yes
1703,Rajasthan,29,Male,Primary,Healthcare,Employed,610442,50870,6,Urban,Yes,Yes,Yes
1704,West Bengal,54,Female,Primary,Labour,Unemployed,650156,54179,1,Urban,Yes,Yes,Yes
1705,Uttar Pradesh,20,Female,Graduate,Student,Employed,310644,25887,5,Rural,No,Yes,Yes
1706,Delhi,59,Female,Primary,Student,Employed,554619,46218,3,Urban,Yes,Yes,Yes
1707,Maharashtra,33,Male,Primary,Private,Employed,224165,18680,2,Urban,Yes,No,No
1708,Rajasthan,36,Male,Primary,Labour,Unemployed,1177451,98120,5,Urban,No,No,No
1709,Tamil Nadu,48,Male,Primary,Student,Unemployed,514462,42871,1,Rural,Yes,No,Yes
1710,Tamil Nadu,74,Male,Graduate,Private,Self-employed,477275,39772,2,Urban,Yes,Yes,Yes
1711,Gujarat,59,Female,Postgraduate,Teacher,Employed,439638,36636,2,Rural,No,Yes,No
1712,Tamil Nadu,76,Female,Higher Secondary,Teacher,Employed,442493,36874,7,Rural,Yes,No,Yes
1713,Tamil Nadu,40,Female,Graduate,Engineer,Student,413452,34454,6,Rural,Yes,No,No
1714,Rajasthan,43,Female,Secondary,Farmer,Self-employed,985623,82135,5,Rural,No,Yes,Yes
1715,Uttar Pradesh,22,Female,Graduate,Student,Self-employed,805095,67091,4,Rural,Yes,Yes,No
1716,West Bengal,22,Female,Postgraduate,Private,Employed,308389,25699,8,Urban,No,Yes,Yes
1717,Delhi,22,Female,Higher Secondary,Engineer,Unemployed,1012781,84398,6,Rural,Yes,Yes,Yes
1718,Karnataka,43,Male,Secondary,Farmer,Employed,381732,31811,1,Urban,Yes,No,Yes
1719,Rajasthan,62,Female,Postgraduate,Engineer,Student,646335,53861,2,Urban,No,No,No
1720,West Bengal,75,Male,Graduate,Student,Employed,586770,48897,3,Urban,No,Yes,No
1721,Delhi,66,Male,Primary,Unemployed,Student,314185,26182,7,Urban,No,Yes,Yes
1722,Haryana,44,Female,Higher Secondary,Teacher,Student,445273,37106,8,Rural,No,Yes,Yes
1723,Maharashtra,39,Male,Graduate,Farmer,Unemployed,821085,68423,4,Rural,No,Yes,No
1724,Haryana,63,Female,Graduate,Teacher,Unemployed,895530,74627,2,Urban,No,No,Yes
1725,Maharashtra,69,Male,Primary,Business,Student,126286,10523,7,Rural,No,No,No
1726,Uttar Pradesh,76,Male,Primary,Government,Student,408760,34063,1,Urban,No,No,No
1727,Karnataka,51,Female,Higher Secondary,Healthcare,Unemployed,229576,19131,3,Rural,Yes,No,Yes
1728,Haryana,38,Male,Higher Secondary,Student,Self-employed,820057,68338,6,Rural,No,No,No
1729,Tamil Nadu,32,Female,Secondary,Engineer,Employed,60000,5000,5,Rural,Yes,No,No
1730,Haryana,32,Male,Higher Secondary,Government,Student,949674,79139,2,Urban,Yes,No,Yes
1731,Punjab,57,Female,Secondary,Unemployed,Employed,454040,37836,7,Urban,Yes,No,No
1732,Rajasthan,41,Female,Graduate,Teacher,Unemployed,296780,24731,3,Urban,No,No,No
1733,Maharashtra,53,Male,Higher Secondary,Farmer,Self-employed,444002,37000,1,Rural,Yes,No,No
1734,Karnataka,44,Male,Graduate,Healthcare,Student,192132,16011,1,Urban,No,Yes,Yes
1735,Uttar Pradesh,30,Female,Higher Secondary,Student,Unemployed,1286012,107167,8,Rural,Yes,No,No
1736,Karnataka,74,Male,Higher Secondary,Farmer,Self-employed,1024636,85386,2,Rural,No,No,Yes
1737,Delhi,49,Male,Primary,Private,Employed,737986,61498,6,Urban,No,Yes,No
1738,Tamil Nadu,44,Female,Postgraduate,Teacher,Student,255281,21273,8,Rural,Yes,No,No
1739,Gujarat,26,Female,Higher Secondary,Private,Self-employed,830782,69231,8,Rural,No,Yes,No
1740,Haryana,20,Male,Postgraduate,Private,Student,372745,31062,5,Rural,Yes,Yes,No
1741,Delhi,73,Male,Higher Secondary,Farmer,Employed,656382,54698,3,Urban,Yes,No,No
1742,Haryana,43,Male,Higher Secondary,Unemployed,Unemployed,756710,63059,3,Urban,No,Yes,No
1743,Punjab,20,Female,Graduate,Private,Self-employed,459116,38259,6,Urban,No,No,Yes
1744,Tamil Nadu,63,Female,Primary,Teacher,Self-employed,865542,72128,6,Urban,No,No,No
1745,West Bengal,35,Female,Graduate,Teacher,Self-employed,183341,15278,4,Urban,Yes,No,Yes
1746,Uttar Pradesh,61,Female,Secondary,Engineer,Unemployed,234713,19559,2,Rural,No,No,No
1747,Tamil Nadu,19,Male,Postgraduate,Teacher,Employed,635470,52955,8,Rural,No,Yes,Yes
1748,Uttar Pradesh,74,Female,Postgraduate,Student,Self-employed,1009996,84166,4,Rural,No,No,No
1749,Delhi,40,Male,Primary,Business,Employed,207681,17306,5,Urban,Yes,Yes,No
1750,Uttar Pradesh,44,Female,Primary,Farmer,Unemployed,91128,7594,7,Rural,No,Yes,No
1751,West Bengal,31,Female,Higher Secondary,Farmer,Unemployed,679883,56656,6,Rural,No,Yes,Yes
1752,West Bengal,69,Female,Secondary,Business,Employed,377469,31455,7,Urban,No,No,No
1753,Delhi,30,Female,Postgraduate,Farmer,Employed,553330,46110,2,Rural,No,Yes,Yes
1754,Punjab,42,Female,Secondary,Government,Unemployed,522641,43553,2,Rural,Yes,Yes,No
1755,Delhi,55,Female,Postgraduate,Business,Unemployed,462096,38508,4,Rural,Yes,Yes,No
1756,Delhi,71,Male,Higher Secondary,Unemployed,Unemployed,372414,31034,6,Rural,Yes,No,No
1757,Uttar Pradesh,27,Male,Graduate,Business,Employed,335923,27993,7,Urban,No,No,No
1758,Haryana,48,Male,Primary,Labour,Self-employed,60000,5000,7,Rural,Yes,No,No
1759,Karnataka,39,Male,Primary,Farmer,Student,482766,40230,4,Urban,Yes,Yes,No
1760,West Bengal,43,Female,Primary,Business,Student,897109,74759,8,Rural,Yes,No,Yes
1761,Rajasthan,57,Female,Graduate,Engineer,Employed,449130,37427,2,Urban,No,Yes,Yes
1762,Gujarat,61,Male,Higher Secondary,Labour,Unemployed,384303,32025,3,Urban,Yes,Yes,No
1763,Rajasthan,76,Female,Secondary,Business,Unemployed,622706,51892,6,Urban,No,Yes,No
1764,Haryana,76,Female,Secondary,Private,Student,60000,5000,5,Urban,Yes,Yes,Yes
1765,Tamil Nadu,41,Male,Postgraduate,Private,Employed,429704,35808,3,Rural,Yes,Yes,No
1766,Uttar Pradesh,35,Male,Graduate,Government,Employed,789195,65766,8,Urban,No,No,Yes
1767,Rajasthan,67,Female,Graduate,Farmer,Student,414480,34540,2,Urban,No,Yes,Yes
1768,Maharashtra,52,Female,Secondary,Unemployed,Student,301621,25135,6,Urban,No,No,No
1769,Delhi,63,Female,Higher Secondary,Private,Employed,387982,32331,4,Urban,No,No,Yes
1770,Delhi,45,Female,Graduate,Business,Student,728225,60685,1,Rural,Yes,Yes,No
1771,West Bengal,63,Male,Primary,Government,Unemployed,320924,26743,6,Rural,Yes,No,No
1772,Gujarat,75,Female,Secondary,Teacher,Unemployed,550497,45874,8,Rural,No,No,Yes
1773,Gujarat,65,Male,Graduate,Student,Employed,328979,27414,6,Rural,Yes,Yes,No
1774,Gujarat,63,Female,Graduate,Private,Employed,603195,50266,4,Urban,No,Yes,Yes
1775,Maharashtra,71,Female,Primary,Farmer,Self-employed,410628,34219,3,Urban,No,Yes,Yes
1776,Haryana,65,Male,Higher Secondary,Labour,Student,201693,16807,3,Rural,Yes,No,No
1777,Uttar Pradesh,74,Male,Primary,Unemployed,Employed,454264,37855,2,Urban,No,Yes,Yes
1778,Delhi,46,Female,Secondary,Labour,Employed,511013,42584,5,Urban,No,No,No
1779,Rajasthan,61,Male,Higher Secondary,Private,Self-employed,562713,46892,2,Rural,No,Yes,No
1780,Haryana,69,Female,Graduate,Labour,Student,325942,27161,7,Urban,Yes,Yes,Yes
1781,Tamil Nadu,78,Male,Primary,Teacher,Unemployed,249969,20830,8,Rural,Yes,No,No
1782,Uttar Pradesh,38,Male,Postgraduate,Student,Self-employed,691644,57637,2,Urban,Yes,No,No
1783,Tamil Nadu,72,Male,Secondary,Engineer,Unemployed,581426,48452,6,Urban,Yes,No,Yes
1784,Gujarat,78,Male,Secondary,Student,Self-employed,538563,44880,6,Urban,Yes,Yes,Yes
1785,Punjab,59,Male,Graduate,Labour,Employed,232045,19337,7,Urban,Yes,No,No
1786,Haryana,68,Female,Secondary,Farmer,Student,578776,48231,8,Urban,Yes,Yes,No
1787,Uttar Pradesh,64,Male,Secondary,Teacher,Employed,420524,35043,8,Rural,No,No,Yes
1788,Haryana,55,Male,Higher Secondary,Private,Student,674798,56233,4,Urban,No,Yes,Yes
1789,West Bengal,56,Male,Graduate,Unemployed,Student,121023,10085,5,Urban,No,Yes,Yes
1790,Punjab,48,Male,Higher Secondary,Business,Employed,60000,5000,1,Rural,No,Yes,No
1791,Maharashtra,42,Female,Higher Secondary,Student,Student,523161,43596,3,Rural,No,No,Yes
1792,Punjab,40,Female,Graduate,Business,Employed,238966,19913,5,Urban,Yes,Yes,Yes
1793,Rajasthan,39,Male,Graduate,Student,Student,584307,48692,3,Urban,No,No,No
1794,Delhi,25,Male,Graduate,Farmer,Student,63376,5281,5,Urban,No,Yes,Yes
1795,Punjab,66,Female,Primary,Healthcare,Unemployed,72657,6054,2,Rural,Yes,Yes,Yes
1796,Maharashtra,47,Female,Primary,Unemployed,Unemployed,756890,63074,8,Rural,No,No,Yes
1797,Punjab,55,Female,Primary,Business,Self-employed,490427,40868,2,Urban,Yes,No,No
1798,Karnataka,26,Female,Graduate,Private,Unemployed,798047,66503,7,Rural,No,Yes,No
1799,Delhi,23,Male,Higher Secondary,Healthcare,Unemployed,90574,7547,6,Rural,Yes,No,No
1800,Maharashtra,71,Male,Postgraduate,Engineer,Student,596008,49667,8,Rural,Yes,Yes,No
1801,Rajasthan,35,Male,Secondary,Farmer,Unemployed,276135,23011,2,Rural,Yes,Yes,No
1802,Uttar Pradesh,23,Female,Graduate,Student,Student,351370,29280,8,Rural,Yes,No,Yes
1803,Uttar Pradesh,45,Female,Graduate,Government,Unemployed,935017,77918,5,Rural,Yes,No,Yes
1804,Rajasthan,20,Male,Secondary,Government,Employed,429973,35831,7,Urban,No,Yes,No
1805,Maharashtra,26,Female,Primary,Private,Unemployed,650066,54172,1,Urban,Yes,Yes,Yes
1806,Karnataka,69,Male,Higher Secondary,Teacher,Unemployed,431383,35948,7,Urban,Yes,No,Yes
1807,Rajasthan,33,Male,Higher Secondary,Healthcare,Student,384010,32000,7,Rural,No,No,Yes
1808,Punjab,67,Female,Higher Secondary,Business,Self-employed,60000,5000,1,Rural,Yes,Yes,Yes
1809,Delhi,59,Male,Higher Secondary,Unemployed,Employed,668402,55700,5,Rural,No,Yes,No
1810,Maharashtra,46,Female,Secondary,Unemployed,Employed,354339,29528,5,Urban,Yes,No,Yes
1811,Uttar Pradesh,55,Female,Primary,Farmer,Self-employed,442051,36837,2,Urban,Yes,No,No
1812,Maharashtra,37,Male,Secondary,Labour,Self-employed,586274,48856,4,Urban,Yes,No,Yes
1813,Uttar Pradesh,21,Male,Higher Secondary,Healthcare,Student,816096,68008,8,Rural,Yes,Yes,No
1814,Uttar Pradesh,51,Male,Higher Secondary,Unemployed,Student,406177,33848,6,Urban,No,Yes,No
1815,Gujarat,29,Male,Secondary,Labour,Unemployed,89878,7489,4,Rural,No,Yes,No
1816,Uttar Pradesh,56,Male,Higher Secondary,Business,Unemployed,548340,45695,1,Urban,Yes,No,Yes
1817,Tamil Nadu,45,Male,Primary,Labour,Self-employed,412495,34374,4,Urban,No,No,No
1818,Maharashtra,52,Male,Postgraduate,Healthcare,Employed,585155,48762,5,Rural,Yes,No,No
1819,Gujarat,29,Male,Primary,Engineer,Unemployed,555634,46302,4,Urban,No,Yes,Yes
1820,Punjab,47,Female,Graduate,Business,Unemployed,548306,45692,4,Rural,Yes,No,Yes
1821,Delhi,47,Female,Postgraduate,Teacher,Student,734694,61224,4,Urban,Yes,Yes,Yes
1822,Karnataka,52,Female,Higher Secondary,Student,Unemployed,335398,27949,2,Rural,Yes,No,No
1823,Gujarat,52,Female,Higher Secondary,Unemployed,Employed,824838,68736,4,Rural,Yes,No,No
1824,Uttar Pradesh,69,Female,Postgraduate,Government,Student,453379,37781,5,Urban,Yes,Yes,No
1825,Tamil Nadu,45,Male,Primary,Engineer,Self-employed,167167,13930,3,Rural,No,No,Yes
1826,West Bengal,54,Male,Postgraduate,Unemployed,Self-employed,450756,37563,4,Rural,Yes,No,No
1827,Delhi,38,Male,Primary,Teacher,Unemployed,707557,58963,1,Rural,No,No,No
1828,West Bengal,78,Female,Postgraduate,Farmer,Employed,449680,37473,7,Rural,No,Yes,No
1829,Rajasthan,37,Female,Primary,Teacher,Unemployed,578825,48235,4,Urban,Yes,No,Yes
1830,West Bengal,54,Male,Secondary,Private,Student,959156,79929,4,Urban,Yes,No,No
1831,Tamil Nadu,48,Female,Higher Secondary,Engineer,Employed,534431,44535,8,Rural,Yes,No,Yes
1832,Haryana,36,Male,Postgraduate,Labour,Unemployed,638318,53193,1,Urban,Yes,No,No
1833,Haryana,68,Male,Postgraduate,Farmer,Employed,936352,78029,8,Urban,Yes,Yes,No
1834,Rajasthan,27,Male,Higher Secondary,Engineer,Self-employed,351857,29321,3,Urban,No,Yes,No
1835,Haryana,40,Female,Postgraduate,Government,Unemployed,831038,69253,8,Rural,Yes,Yes,Yes
1836,Gujarat,65,Male,Higher Secondary,Unemployed,Self-employed,394393,32866,1,Rural,No,No,No
1837,Uttar Pradesh,64,Male,Graduate,Business,Unemployed,1052237,87686,2,Rural,Yes,No,Yes
1838,Karnataka,28,Female,Primary,Engineer,Unemployed,539453,44954,1,Rural,Yes,No,Yes
1839,Haryana,18,Male,Higher Secondary,Student,Unemployed,377976,31498,6,Urban,Yes,Yes,No
1840,Karnataka,56,Male,Postgraduate,Labour,Unemployed,398217,33184,5,Urban,Yes,Yes,Yes
1841,West Bengal,33,Female,Graduate,Private,Employed,60000,5000,3,Rural,Yes,Yes,No
1842,Gujarat,33,Female,Primary,Government,Student,227459,18954,7,Rural,No,Yes,Yes
1843,Punjab,54,Female,Secondary,Unemployed,Self-employed,429949,35829,1,Urban,No,No,Yes
1844,West Bengal,20,Female,Higher Secondary,Farmer,Employed,982400,81866,2,Rural,No,Yes,No
1845,Punjab,29,Male,Primary,Business,Employed,228381,19031,2,Rural,No,Yes,No
1846,West Bengal,31,Male,Primary,Private,Student,249696,20808,3,Rural,Yes,No,No
1847,Maharashtra,18,Male,Secondary,Labour,Unemployed,393703,32808,7,Urban,Yes,Yes,No
1848,Punjab,56,Female,Primary,Engineer,Unemployed,560001,46666,6,Urban,No,Yes,Yes
1849,Gujarat,59,Male,Primary,Farmer,Student,742007,61833,1,Rural,No,No,No
1850,Maharashtra,43,Male,Higher Secondary,Business,Employed,356848,29737,7,Urban,No,Yes,No
1851,Karnataka,66,Male,Secondary,Private,Employed,293021,24418,7,Urban,No,No,Yes
1852,West Bengal,51,Female,Postgraduate,Unemployed,Student,60000,5000,6,Rural,Yes,No,Yes
1853,West Bengal,28,Male,Higher Secondary,Government,Employed,513754,42812,5,Rural,Yes,Yes,Yes
1854,Tamil Nadu,35,Male,Secondary,Private,Student,470554,39212,1,Urban,No,Yes,Yes
1855,Delhi,31,Female,Secondary,Farmer,Unemployed,700044,58337,7,Urban,No,No,Yes
1856,Karnataka,47,Male,Secondary,Business,Self-employed,417441,34786,5,Rural,No,Yes,Yes
1857,Tamil Nadu,60,Male,Higher Secondary,Business,Unemployed,67271,5605,7,Rural,No,No,No
1858,Delhi,61,Female,Postgraduate,Government,Student,402384,33532,5,Urban,Yes,No,Yes
1859,Haryana,79,Female,Higher Secondary,Student,Self-employed,299598,24966,5,Urban,Yes,No,Yes
1860,Rajasthan,42,Male,Higher Secondary,Labour,Unemployed,676479,56373,1,Urban,Yes,Yes,Yes
1861,Haryana,38,Male,Higher Secondary,Business,Student,576152,48012,8,Rural,Yes,No,Yes
1862,Uttar Pradesh,63,Female,Primary,Teacher,Student,240388,20032,5,Urban,Yes,No,No
1863,Maharashtra,50,Male,Primary,Government,Employed,282523,23543,1,Rural,Yes,No,Yes
1864,Karnataka,58,Female,Higher Secondary,Private,Self-employed,420157,35013,4,Rural,Yes,No,Yes
1865,Gujarat,48,Male,Primary,Unemployed,Employed,287192,23932,1,Urban,Yes,Yes,No
1866,Karnataka,40,Male,Secondary,Healthcare,Unemployed,691194,57599,7,Urban,No,No,No
1867,Punjab,63,Female,Higher Secondary,Private,Self-employed,641774,53481,2,Rural,Yes,No,No
1868,Tamil Nadu,39,Male,Primary,Business,Employed,818467,68205,4,Urban,No,No,No
1869,Karnataka,22,Female,Postgraduate,Engineer,Unemployed,482988,40249,7,Rural,Yes,No,No
1870,Maharashtra,29,Female,Secondary,Private,Employed,580348,48362,4,Rural,No,No,No
1871,Maharashtra,62,Female,Graduate,Business,Unemployed,752218,62684,6,Rural,No,No,No
1872,Uttar Pradesh,30,Male,Graduate,Business,Employed,520595,43382,8,Urban,No,Yes,Yes
1873,Gujarat,53,Female,Primary,Healthcare,Employed,698002,58166,2,Rural,No,No,No
1874,Haryana,77,Male,Higher Secondary,Government,Student,611311,50942,2,Rural,Yes,Yes,No
1875,West Bengal,56,Female,Postgraduate,Government,Self-employed,454428,37869,7,Rural,No,No,No
1876,Haryana,80,Female,Higher Secondary,Private,Self-employed,747777,62314,7,Rural,Yes,Yes,No
1877,Tamil Nadu,25,Female,Secondary,Teacher,Self-employed,580585,48382,2,Urban,No,Yes,No
1878,West Bengal,28,Male,Secondary,Government,Employed,943490,78624,6,Rural,Yes,Yes,Yes
1879,Maharashtra,55,Female,Higher Secondary,Unemployed,Self-employed,624700,52058,7,Urban,Yes,Yes,Yes
1880,Gujarat,34,Female,Graduate,Farmer,Self-employed,634905,52908,5,Urban,No,No,Yes
1881,Karnataka,35,Male,Postgraduate,Private,Unemployed,708571,59047,1,Rural,Yes,Yes,No
1882,Punjab,71,Male,Secondary,Government,Employed,677123,56426,8,Rural,No,Yes,Yes
1883,Rajasthan,46,Female,Higher Secondary,Labour,Unemployed,655880,54656,6,Urban,Yes,Yes,Yes
1884,Tamil Nadu,39,Male,Postgraduate,Government,Employed,199352,16612,1,Rural,Yes,No,Yes
1885,Karnataka,62,Male,Secondary,Business,Self-employed,535806,44650,2,Rural,Yes,Yes,Yes
1886,Karnataka,44,Female,Secondary,Teacher,Student,418449,34870,7,Rural,No,Yes,No
1887,Punjab,49,Female,Higher Secondary,Business,Student,704668,58722,2,Rural,Yes,No,Yes
1888,Punjab,33,Female,Primary,Teacher,Unemployed,791957,65996,5,Rural,Yes,No,No
1889,Rajasthan,74,Female,Higher Secondary,Labour,Student,567760,47313,1,Rural,No,No,No
1890,Tamil Nadu,24,Male,Higher Secondary,Student,Self-employed,558375,46531,3,Rural,No,No,No
1891,Punjab,55,Male,Graduate,Healthcare,Self-employed,483167,40263,2,Rural,No,No,Yes
1892,Uttar Pradesh,20,Female,Higher Secondary,Unemployed,Unemployed,353857,29488,2,Urban,Yes,No,Yes
1893,Haryana,78,Male,Higher Secondary,Private,Student,441895,36824,5,Urban,No,No,No
1894,West Bengal,57,Male,Secondary,Business,Employed,889956,74163,5,Urban,No,No,No
1895,Rajasthan,37,Female,Postgraduate,Healthcare,Employed,666296,55524,1,Rural,No,Yes,Yes
1896,Punjab,44,Male,Postgraduate,Teacher,Employed,535482,44623,2,Urban,No,Yes,Yes
1897,Maharashtra,60,Female,Postgraduate,Labour,Self-employed,106676,8889,6,Urban,Yes,Yes,Yes
1898,Delhi,64,Female,Secondary,Farmer,Student,1175007,97917,7,Rural,No,No,Yes
1899,Punjab,75,Male,Postgraduate,Healthcare,Student,594275,49522,8,Rural,Yes,No,No
1900,Maharashtra,22,Male,Secondary,Engineer,Unemployed,369797,30816,7,Urban,Yes,Yes,Yes
1901,Tamil Nadu,58,Male,Graduate,Student,Unemployed,542984,45248,8,Rural,No,No,No
1902,Uttar Pradesh,40,Male,Postgraduate,Engineer,Unemployed,393107,32758,1,Rural,Yes,Yes,Yes
1903,Punjab,46,Male,Primary,Farmer,Unemployed,829965,69163,1,Rural,Yes,No,Yes
1904,Uttar Pradesh,22,Male,Primary,Farmer,Student,128589,10715,4,Urban,No,No,No
1905,Rajasthan,22,Female,Primary,Teacher,Student,670285,55857,4,Rural,No,No,Yes
1906,Uttar Pradesh,79,Female,Secondary,Private,Employed,733035,61086,5,Rural,Yes,Yes,Yes
1907,Uttar Pradesh,25,Male,Primary,Farmer,Self-employed,568512,47376,4,Urban,Yes,No,No
1908,Gujarat,70,Male,Secondary,Business,Student,537045,44753,5,Urban,No,No,No
1909,Haryana,19,Male,Secondary,Government,Self-employed,365534,30461,3,Urban,No,Yes,No
1910,Uttar Pradesh,37,Female,Primary,Private,Student,419837,34986,4,Urban,No,Yes,No
1911,Haryana,55,Female,Secondary,Teacher,Self-employed,454883,37906,2,Urban,No,No,No
1912,Rajasthan,23,Female,Graduate,Engineer,Employed,420998,35083,1,Rural,No,No,No
1913,Karnataka,38,Male,Primary,Unemployed,Self-employed,279997,23333,4,Urban,No,Yes,Yes
1914,Tamil Nadu,63,Female,Graduate,Farmer,Unemployed,288232,24019,5,Urban,Yes,Yes,No
1915,Delhi,70,Female,Graduate,Private,Employed,222356,18529,6,Rural,No,No,No
1916,West Bengal,69,Female,Graduate,Engineer,Self-employed,791294,65941,2,Rural,No,No,Yes
1917,Gujarat,68,Female,Primary,Government,Self-employed,782542,65211,6,Rural,Yes,Yes,No
1918,Tamil Nadu,42,Male,Secondary,Private,Employed,60000,5000,8,Rural,Yes,No,No
1919,Tamil Nadu,55,Female,Postgraduate,Government,Student,342077,28506,6,Rural,Yes,No,No
1920,Karnataka,71,Female,Postgraduate,Engineer,Unemployed,160342,13361,7,Rural,No,No,Yes
1921,Maharashtra,25,Male,Primary,Teacher,Unemployed,1029889,85824,2,Rural,Yes,Yes,No
1922,West Bengal,41,Male,Higher Secondary,Unemployed,Employed,226653,18887,7,Rural,Yes,No,No
1923,Delhi,76,Male,Graduate,Private,Self-employed,814136,67844,2,Rural,Yes,Yes,No
1924,Punjab,47,Male,Postgraduate,Healthcare,Unemployed,204026,17002,7,Urban,No,No,Yes
1925,Rajasthan,19,Female,Graduate,Student,Self-employed,514674,42889,6,Urban,Yes,No,Yes
1926,Karnataka,23,Male,Graduate,Unemployed,Unemployed,169810,14150,3,Urban,Yes,Yes,No
1927,Delhi,73,Male,Secondary,Engineer,Self-employed,481981,40165,2,Rural,No,Yes,Yes
1928,West Bengal,36,Female,Graduate,Engineer,Self-employed,661256,55104,8,Rural,No,No,No
1929,West Bengal,39,Female,Postgraduate,Labour,Student,626177,52181,3,Urban,Yes,No,Yes
1930,Uttar Pradesh,46,Male,Postgraduate,Unemployed,Self-employed,783455,65287,8,Urban,Yes,No,No
1931,West Bengal,19,Female,Secondary,Teacher,Self-employed,411354,34279,5,Rural,No,Yes,No
1932,West Bengal,65,Female,Secondary,Farmer,Student,648418,54034,3,Rural,Yes,No,Yes
1933,West Bengal,64,Female,Secondary,Private,Self-employed,442657,36888,3,Urban,Yes,No,No
1934,Rajasthan,25,Male,Graduate,Business,Student,965902,80491,2,Rural,No,Yes,No
1935,Karnataka,77,Male,Higher Secondary,Healthcare,Employed,604830,50402,4,Rural,No,Yes,Yes
1936,Delhi,38,Male,Higher Secondary,Teacher,Self-employed,807084,67257,2,Rural,Yes,Yes,Yes
1937,Punjab,39,Female,Graduate,Unemployed,Employed,838255,69854,1,Urban,Yes,Yes,No
1938,Uttar Pradesh,67,Male,Higher Secondary,Labour,Employed,60000,5000,7,Urban,Yes,No,Yes
1939,Maharashtra,53,Male,Secondary,Private,Unemployed,176887,14740,5,Urban,Yes,Yes,No
1940,Punjab,34,Female,Graduate,Private,Unemployed,613215,51101,2,Rural,No,Yes,Yes
1941,Haryana,21,Female,Higher Secondary,Government,Unemployed,161329,13444,7,Rural,No,Yes,No
1942,Rajasthan,28,Male,Postgraduate,Student,Employed,641352,53446,2,Urban,No,Yes,Yes
1943,Karnataka,67,Female,Higher Secondary,Business,Student,424330,35360,4,Rural,Yes,Yes,Yes
1944,Tamil Nadu,64,Female,Higher Secondary,Engineer,Employed,425963,35496,2,Rural,No,Yes,No
1945,Delhi,67,Male,Higher Secondary,Labour,Student,417892,34824,3,Urban,No,Yes,Yes
1946,Uttar Pradesh,28,Female,Postgraduate,Business,Self-employed,428934,35744,6,Urban,Yes,No,Yes
1947,Maharashtra,49,Female,Primary,Private,Unemployed,666012,55501,8,Urban,Yes,No,Yes
1948,Uttar Pradesh,53,Male,Higher Secondary,Student,Unemployed,916844,76403,3,Urban,Yes,No,No
1949,Haryana,64,Female,Secondary,Government,Self-employed,60000,5000,7,Urban,Yes,Yes,No
1950,Karnataka,24,Female,Postgraduate,Engineer,Self-employed,623188,51932,8,Rural,No,Yes,Yes
1951,Tamil Nadu,41,Female,Postgraduate,Farmer,Unemployed,264470,22039,4,Rural,Yes,No,Yes
1952,Maharashtra,43,Male,Postgraduate,Teacher,Self-employed,201211,16767,4,Urban,Yes,Yes,Yes
1953,Rajasthan,49,Male,Graduate,Farmer,Employed,448391,37365,5,Rural,No,Yes,Yes
1954,Punjab,76,Male,Higher Secondary,Teacher,Student,439562,36630,5,Urban,No,Yes,Yes
1955,West Bengal,59,Female,Higher Secondary,Private,Self-employed,342915,28576,6,Urban,Yes,No,No
1956,Punjab,60,Male,Graduate,Business,Self-employed,772025,64335,2,Urban,No,Yes,Yes
1957,Rajasthan,80,Female,Graduate,Farmer,Student,775069,64589,7,Urban,No,No,No
1958,Rajasthan,26,Female,Primary,Unemployed,Employed,224685,18723,8,Urban,Yes,Yes,Yes
1959,Delhi,23,Male,Higher Secondary,Business,Self-employed,821692,68474,7,Rural,Yes,Yes,No
1960,Karnataka,29,Male,Higher Secondary,Teacher,Student,886186,73848,3,Rural,No,Yes,No
1961,Haryana,69,Male,Postgraduate,Private,Employed,60000,5000,5,Urban,Yes,Yes,No
1962,Uttar Pradesh,19,Female,Secondary,Teacher,Student,289826,24152,7,Urban,Yes,Yes,No
1963,Maharashtra,66,Female,Higher Secondary,Healthcare,Student,604996,50416,5,Rural,No,No,Yes
1964,Delhi,49,Male,Secondary,Engineer,Employed,178131,14844,3,Rural,No,No,No
1965,Haryana,21,Female,Postgraduate,Government,Self-employed,124291,10357,3,Rural,No,No,Yes
1966,Haryana,41,Male,Secondary,Engineer,Self-employed,352604,29383,4,Urban,Yes,No,Yes
1967,Tamil Nadu,79,Male,Higher Secondary,Farmer,Student,733235,61102,1,Rural,No,No,No
1968,Uttar Pradesh,65,Male,Higher Secondary,Engineer,Self-employed,194041,16170,3,Urban,Yes,No,Yes
1969,Rajasthan,43,Male,Postgraduate,Unemployed,Student,326421,27201,6,Rural,Yes,No,No
1970,Punjab,38,Male,Primary,Student,Self-employed,862346,71862,5,Rural,No,No,No
1971,Punjab,29,Female,Postgraduate,Government,Employed,777720,64810,8,Rural,No,No,No
1972,Delhi,78,Female,Primary,Healthcare,Self-employed,326474,27206,7,Urban,Yes,No,No
1973,Punjab,29,Female,Secondary,Teacher,Self-employed,630400,52533,5,Urban,No,Yes,No
1974,Delhi,32,Female,Graduate,Business,Student,60000,5000,5,Rural,Yes,Yes,No
1975,West Bengal,61,Male,Higher Secondary,Engineer,Employed,709274,59106,6,Rural,Yes,Yes,No
1976,Maharashtra,36,Female,Primary,Unemployed,Student,302366,25197,8,Urban,Yes,No,Yes
1977,Uttar Pradesh,66,Male,Higher Secondary,Unemployed,Unemployed,838561,69880,3,Urban,Yes,Yes,No
1978,West Bengal,49,Female,Higher Secondary,Private,Unemployed,607164,50597,6,Rural,Yes,Yes,Yes
1979,Maharashtra,80,Male,Higher Secondary,Labour,Self-employed,422904,35242,4,Urban,Yes,Yes,No
1980,Haryana,32,Male,Postgraduate,Teacher,Student,301869,25155,3,Urban,No,Yes,No
1981,Karnataka,63,Female,Higher Secondary,Engineer,Student,395176,32931,5,Urban,No,No,No
1982,Rajasthan,52,Female,Primary,Government,Student,856432,71369,2,Rural,Yes,Yes,Yes
1983,Haryana,60,Male,Primary,Farmer,Self-employed,140335,11694,2,Rural,Yes,No,Yes
1984,Delhi,30,Female,Primary,Government,Employed,677463,56455,8,Rural,Yes,Yes,No
1985,Gujarat,28,Female,Primary,Engineer,Employed,508611,42384,8,Rural,No,No,Yes
1986,Maharashtra,21,Male,Secondary,Unemployed,Unemployed,585122,48760,6,Rural,Yes,No,No
1987,Maharashtra,48,Male,Higher Secondary,Private,Employed,539584,44965,3,Rural,Yes,Yes,Yes
1988,Rajasthan,50,Female,Postgraduate,Teacher,Employed,650707,54225,7,Urban,Yes,Yes,Yes
1989,Karnataka,23,Female,Primary,Labour,Self-employed,762977,63581,7,Urban,Yes,Yes,Yes
1990,Haryana,77,Male,Secondary,Healthcare,Self-employed,569442,47453,8,Urban,Yes,No,No
1991,Karnataka,44,Female,Higher Secondary,Unemployed,Unemployed,400782,33398,4,Rural,Yes,No,Yes
1992,Haryana,60,Male,Secondary,Student,Employed,499694,41641,5,Urban,No,Yes,Yes
1993,West Bengal,58,Female,Secondary,Farmer,Unemployed,499124,41593,8,Rural,Yes,No,Yes
1994,Delhi,62,Male,Postgraduate,Student,Self-employed,736722,61393,4,Urban,No,Yes,No
1995,Delhi,55,Male,Secondary,Private,Self-employed,357747,29812,5,Rural,No,No,No
1996,Punjab,28,Male,Postgraduate,Healthcare,Self-employed,1169352,97446,7,Rural,No,No,Yes
1997,Haryana,53,Female,Secondary,Engineer,Self-employed,177321,14776,1,Rural,No,No,No
1998,Karnataka,35,Male,Higher Secondary,Business,Employed,468827,39068,1,Urban,Yes,No,No
1999,Karnataka,30,Male,Primary,Government,Student,168683,14056,4,Rural,Yes,No,No
2000,Gujarat,19,Female,Postgraduate,Student,Self-employed,473299,39441,3,Urban,Yes,Yes,Yes
2001,Uttar Pradesh,47,Male,Secondary,Engineer,Student,629100,52425,4,Rural,No,No,Yes
2002,West Bengal,34,Female,Secondary,Student,Student,619873,51656,3,Urban,Yes,Yes,Yes
2003,Delhi,54,Male,Higher Secondary,Government,Unemployed,293330,24444,6,Rural,No,No,Yes
2004,Punjab,39,Male,Postgraduate,Labour,Student,391618,32634,1,Rural,Yes,No,Yes
2005,Punjab,43,Male,Graduate,Private,Student,761057,63421,7,Urban,Yes,No,Yes
2006,Delhi,33,Female,Higher Secondary,Government,Self-employed,290947,24245,2,Rural,Yes,No,Yes
2007,Karnataka,38,Male,Postgraduate,Teacher,Employed,1110442,92536,5,Rural,Yes,No,No
2008,Uttar Pradesh,75,Female,Graduate,Business,Student,155945,12995,3,Rural,No,No,No
2009,Maharashtra,73,Male,Secondary,Healthcare,Student,529132,44094,2,Rural,Yes,Yes,Yes
2010,Delhi,23,Male,Higher Secondary,Teacher,Self-employed,1018567,84880,1,Rural,Yes,No,No
2011,Karnataka,39,Male,Postgraduate,Engineer,Student,572327,47693,1,Urban,No,No,Yes
2012,Gujarat,25,Male,Primary,Government,Self-employed,466625,38885,6,Rural,No,No,Yes
2013,Tamil Nadu,26,Male,Postgraduate,Healthcare,Self-employed,440681,36723,8,Urban,No,Yes,Yes
2014,Maharashtra,66,Male,Secondary,Healthcare,Employed,567304,47275,4,Urban,Yes,Yes,No
2015,Gujarat,65,Female,Graduate,Engineer,Student,684693,57057,7,Rural,No,No,Yes
2016,Punjab,76,Female,Primary,Teacher,Employed,258395,21532,5,Urban,No,Yes,No
2017,Haryana,20,Male,Postgraduate,Unemployed,Unemployed,93457,7788,4,Urban,Yes,No,Yes
2018,Haryana,62,Female,Postgraduate,Unemployed,Student,355334,29611,5,Rural,No,Yes,No
2019,Tamil Nadu,68,Male,Secondary,Healthcare,Unemployed,259817,21651,4,Urban,Yes,No,Yes
2020,Haryana,63,Male,Graduate,Business,Self-employed,452459,37704,4,Rural,No,No,No
2021,Maharashtra,59,Male,Primary,Business,Unemployed,588443,49036,5,Urban,No,Yes,Yes
2022,Uttar Pradesh,76,Female,Graduate,Unemployed,Student,483957,40329,2,Urban,Yes,Yes,Yes
2023,Tamil Nadu,35,Female,Secondary,Business,Unemployed,636553,53046,3,Rural,Yes,Yes,No
2024,Uttar Pradesh,36,Male,Higher Secondary,Engineer,Employed,407204,33933,8,Rural,Yes,Yes,No
2025,Punjab,35,Female,Graduate,Student,Student,580681,48390,6,Urban,No,Yes,Yes
2026,Haryana,41,Male,Postgraduate,Business,Employed,754387,62865,3,Urban,Yes,No,Yes
2027,Karnataka,42,Male,Secondary,Business,Self-employed,384345,32028,6,Urban,Yes,Yes,No
2028,Karnataka,65,Female,Graduate,Student,Unemployed,103643,8636,6,Urban,No,No,No
2029,Punjab,40,Male,Primary,Government,Unemployed,201045,16753,8,Urban,Yes,No,Yes
2030,West Bengal,52,Male,Postgraduate,Teacher,Employed,433572,36131,1,Rural,No,Yes,No
2031,Rajasthan,21,Female,Postgraduate,Teacher,Student,605221,50435,7,Urban,No,No,No
2032,Rajasthan,55,Male,Secondary,Farmer,Self-employed,738104,61508,2,Urban,Yes,No,Yes
2033,Punjab,66,Female,Higher Secondary,Business,Student,129085,10757,3,Urban,Yes,No,No
2034,Maharashtra,34,Male,Secondary,Teacher,Unemployed,535440,44620,7,Rural,No,Yes,No
2035,Uttar Pradesh,58,Female,Higher Secondary,Government,Self-employed,278188,23182,6,Urban,No,No,No
2036,Maharashtra,32,Male,Primary,Healthcare,Student,120184,10015,8,Rural,No,Yes,Yes
2037,Rajasthan,45,Female,Higher Secondary,Unemployed,Employed,672660,56055,6,Urban,No,Yes,Yes
2038,Delhi,27,Female,Secondary,Student,Student,344306,28692,7,Urban,Yes,No,Yes
2039,Tamil Nadu,49,Female,Graduate,Student,Unemployed,416248,34687,7,Rural,Yes,No,No
2040,Uttar Pradesh,79,Female,Primary,Business,Employed,449825,37485,1,Urban,Yes,No,Yes
2041,Haryana,39,Male,Secondary,Business,Student,369741,30811,2,Urban,Yes,Yes,Yes
2042,Uttar Pradesh,77,Female,Higher Secondary,Engineer,Unemployed,493801,41150,5,Urban,No,Yes,No
2043,Rajasthan,75,Male,Higher Secondary,Private,Student,761107,63425,2,Urban,Yes,No,Yes
2044,Uttar Pradesh,48,Female,Postgraduate,Business,Unemployed,480412,40034,2,Rural,No,Yes,No
2045,Maharashtra,58,Male,Secondary,Healthcare,Unemployed,509743,42478,5,Rural,No,Yes,Yes
2046,Uttar Pradesh,21,Male,Higher Secondary,Labour,Self-employed,158771,13230,6,Rural,Yes,Yes,Yes
2047,Maharashtra,42,Male,Postgraduate,Farmer,Unemployed,810826,67568,4,Rural,Yes,No,No
2048,Haryana,31,Male,Postgraduate,Healthcare,Unemployed,452532,37711,3,Urban,No,Yes,Yes
2049,Gujarat,38,Female,Postgraduate,Student,Unemployed,161371,13447,3,Urban,No,Yes,Yes
2050,West Bengal,78,Female,Primary,Labour,Self-employed,212546,17712,3,Rural,Yes,Yes,Yes
2051,West Bengal,57,Female,Secondary,Business,Self-employed,531374,44281,5,Urban,Yes,No,No
2052,West Bengal,57,Female,Secondary,Labour,Self-employed,820432,68369,8,Urban,Yes,Yes,No
2053,Delhi,32,Male,Higher Secondary,Unemployed,Self-employed,734869,61239,4,Urban,No,No,Yes
2054,Karnataka,32,Female,Higher Secondary,Healthcare,Student,160364,13363,4,Rural,Yes,Yes,No
2055,Punjab,79,Male,Higher Secondary,Labour,Employed,508220,42351,3,Rural,No,No,Yes
2056,Punjab,69,Female,Graduate,Student,Self-employed,242415,20201,7,Urban,Yes,Yes,Yes
2057,Rajasthan,38,Female,Graduate,Business,Self-employed,172970,14414,8,Rural,Yes,No,Yes
2058,Karnataka,62,Male,Secondary,Unemployed,Student,346817,28901,6,Urban,Yes,Yes,No
2059,Tamil Nadu,32,Female,Primary,Student,Self-employed,612825,51068,3,Rural,Yes,No,No
2060,West Bengal,59,Female,Secondary,Government,Student,141865,11822,5,Urban,Yes,No,No
2061,West Bengal,34,Female,Primary,Healthcare,Self-employed,278699,23224,2,Rural,Yes,Yes,Yes
2062,Uttar Pradesh,23,Male,Secondary,Teacher,Employed,569655,47471,1,Rural,Yes,Yes,Yes
2063,Haryana,67,Male,Secondary,Labour,Employed,721041,60086,8,Urban,No,No,Yes
2064,Rajasthan,23,Male,Primary,Student,Unemployed,577180,48098,5,Urban,Yes,Yes,No
2065,Haryana,29,Female,Secondary,Student,Self-employed,657803,54816,8,Urban,No,No,No
2066,Haryana,73,Male,Higher Secondary,Teacher,Self-employed,104291,8690,2,Rural,No,Yes,No
2067,Uttar Pradesh,67,Female,Secondary,Business,Employed,570217,47518,8,Rural,Yes,Yes,Yes
2068,Uttar Pradesh,67,Female,Higher Secondary,Business,Unemployed,654743,54561,5,Rural,No,No,No
2069,Tamil Nadu,51,Female,Postgraduate,Private,Student,633533,52794,5,Rural,Yes,Yes,Yes
2070,Gujarat,65,Male,Primary,Healthcare,Unemployed,271770,22647,3,Rural,Yes,Yes,No
2071,Uttar Pradesh,57,Male,Graduate,Labour,Self-employed,556414,46367,4,Urban,Yes,No,Yes
2072,Haryana,68,Female,Primary,Teacher,Self-employed,470873,39239,8,Urban,Yes,Yes,Yes
2073,Gujarat,49,Female,Secondary,Healthcare,Self-employed,704691,58724,3,Urban,Yes,Yes,Yes
2074,Tamil Nadu,77,Female,Graduate,Business,Self-employed,211244,17603,6,Urban,Yes,No,No
2075,Gujarat,50,Male,Primary,Private,Self-employed,922985,76915,4,Urban,Yes,Yes,No
2076,Karnataka,25,Female,Primary,Government,Unemployed,581957,48496,6,Urban,Yes,Yes,Yes
2077,Punjab,47,Female,Postgraduate,Farmer,Self-employed,935278,77939,7,Rural,Yes,Yes,No
2078,Tamil Nadu,37,Female,Secondary,Unemployed,Unemployed,993306,82775,2,Rural,Yes,Yes,No
2079,Karnataka,76,Female,Graduate,Business,Self-employed,184558,15379,7,Urban,Yes,No,No
2080,Delhi,71,Male,Postgraduate,Private,Student,455392,37949,5,Urban,Yes,No,Yes
2081,Delhi,72,Female,Higher Secondary,Private,Self-employed,763175,63597,1,Rural,Yes,Yes,No
2082,Punjab,64,Female,Graduate,Business,Student,209642,17470,8,Urban,Yes,No,No
2083,Karnataka,36,Male,Primary,Business,Student,60000,5000,7,Urban,No,Yes,No
2084,Punjab,50,Female,Postgraduate,Government,Student,140226,11685,7,Urban,No,Yes,No
2085,Gujarat,45,Female,Graduate,Healthcare,Student,352466,29372,3,Urban,No,Yes,No
2086,Tamil Nadu,72,Male,Postgraduate,Student,Employed,440507,36708,6,Rural,No,No,No
2087,Karnataka,40,Female,Secondary,Government,Self-employed,525812,43817,3,Rural,No,No,No
2088,Maharashtra,31,Male,Postgraduate,Labour,Employed,569638,47469,5,Rural,Yes,No,No
2089,Uttar Pradesh,55,Female,Primary,Private,Self-employed,1069317,89109,5,Rural,Yes,Yes,Yes
2090,Tamil Nadu,29,Male,Secondary,Business,Self-employed,305938,25494,4,Urban,No,Yes,Yes
2091,Maharashtra,49,Male,Secondary,Government,Employed,509643,42470,1,Rural,No,Yes,Yes
2092,Maharashtra,53,Male,Higher Secondary,Farmer,Unemployed,143358,11946,1,Rural,No,Yes,Yes
2093,Punjab,58,Female,Higher Secondary,Unemployed,Self-employed,396604,33050,6,Rural,Yes,Yes,Yes
2094,Tamil Nadu,60,Female,Higher Secondary,Farmer,Self-employed,1024444,85370,4,Urban,Yes,Yes,Yes
2095,Karnataka,74,Male,Graduate,Engineer,Unemployed,407567,33963,3,Rural,No,Yes,No
2096,Haryana,43,Female,Postgraduate,Private,Self-employed,311150,25929,7,Urban,Yes,Yes,No
2097,Gujarat,29,Female,Graduate,Farmer,Student,500917,41743,7,Rural,Yes,Yes,Yes
2098,Delhi,37,Male,Higher Secondary,Unemployed,Unemployed,182486,15207,1,Rural,No,Yes,Yes
2099,Punjab,42,Male,Higher Secondary,Healthcare,Employed,333074,27756,2,Urban,Yes,Yes,Yes
2100,Tamil Nadu,67,Male,Primary,Farmer,Self-employed,743369,61947,3,Urban,Yes,No,Yes
2101,Delhi,68,Male,Postgraduate,Business,Unemployed,389701,32475,8,Urban,Yes,Yes,No
2102,Maharashtra,73,Male,Primary,Farmer,Employed,417358,34779,6,Urban,No,Yes,Yes
2103,Punjab,19,Male,Secondary,Government,Employed,130945,10912,3,Rural,No,No,Yes
2104,Uttar Pradesh,45,Male,Postgraduate,Labour,Employed,197076,16423,4,Rural,No,No,Yes
2105,Delhi,38,Male,Postgraduate,Labour,Self-employed,388973,32414,6,Rural,No,Yes,No
2106,Karnataka,60,Female,Secondary,Engineer,Self-employed,635263,52938,3,Urban,No,No,No
2107,Karnataka,40,Female,Higher Secondary,Government,Employed,519221,43268,2,Rural,Yes,No,No
2108,Maharashtra,23,Female,Secondary,Unemployed,Employed,220634,18386,5,Urban,No,Yes,No
2109,Uttar Pradesh,46,Female,Postgraduate,Teacher,Unemployed,760727,63393,4,Rural,Yes,Yes,No
2110,Maharashtra,73,Female,Higher Secondary,Healthcare,Self-employed,319724,26643,6,Urban,No,No,Yes
2111,Rajasthan,73,Male,Higher Secondary,Student,Student,315758,26313,1,Rural,Yes,Yes,Yes
2112,Delhi,68,Male,Primary,Student,Student,578867,48238,3,Urban,No,No,Yes
2113,Maharashtra,27,Female,Secondary,Business,Unemployed,482239,40186,4,Urban,No,Yes,No
2114,West Bengal,69,Male,Postgraduate,Business,Self-employed,362070,30172,3,Urban,No,No,No
2115,Haryana,36,Female,Postgraduate,Engineer,Unemployed,353900,29491,8,Rural,Yes,Yes,Yes
2116,Punjab,31,Female,Higher Secondary,Private,Student,245032,20419,4,Rural,No,No,Yes
2117,West Bengal,65,Male,Higher Secondary,Government,Unemployed,231688,19307,1,Rural,Yes,No,Yes
2118,Uttar Pradesh,80,Female,Secondary,Business,Unemployed,732027,61002,5,Urban,Yes,Yes,Yes
2119,Delhi,51,Female,Graduate,Healthcare,Employed,565144,47095,5,Urban,No,No,Yes
2120,Tamil Nadu,70,Male,Postgraduate,Healthcare,Self-employed,444770,37064,6,Rural,Yes,No,No
2121,Maharashtra,44,Male,Secondary,Labour,Employed,454249,37854,6,Urban,No,Yes,No
2122,Tamil Nadu,57,Male,Higher Secondary,Student,Employed,634993,52916,8,Urban,Yes,No,Yes
2123,Delhi,30,Male,Graduate,Engineer,Self-employed,402486,33540,5,Urban,No,Yes,Yes
2124,Delhi,51,Female,Postgraduate,Business,Employed,292933,24411,2,Rural,No,Yes,Yes
2125,Delhi,36,Male,Secondary,Labour,Employed,430141,35845,4,Urban,No,No,Yes
2126,Rajasthan,57,Female,Secondary,Unemployed,Student,113560,9463,6,Urban,Yes,No,No
2127,Karnataka,40,Female,Graduate,Private,Employed,476844,39737,7,Rural,Yes,No,No
2128,Gujarat,43,Male,Primary,Teacher,Unemployed,561900,46825,5,Urban,Yes,Yes,No
2129,Delhi,48,Female,Postgraduate,Labour,Self-employed,596702,49725,3,Urban,No,No,Yes
2130,Rajasthan,38,Male,Higher Secondary,Healthcare,Employed,103121,8593,6,Urban,No,No,Yes
2131,Tamil Nadu,57,Female,Secondary,Unemployed,Employed,401794,33482,2,Rural,Yes,Yes,Yes
2132,Maharashtra,29,Female,Postgraduate,Private,Student,714774,59564,8,Rural,Yes,Yes,Yes
2133,Tamil Nadu,45,Male,Graduate,Engineer,Student,369252,30771,2,Rural,Yes,Yes,No
2134,Haryana,80,Female,Primary,Business,Employed,236879,19739,5,Urban,No,Yes,No
2135,Maharashtra,53,Male,Secondary,Engineer,Employed,190264,15855,1,Urban,Yes,No,No
2136,Rajasthan,66,Male,Higher Secondary,Teacher,Student,619907,51658,3,Rural,Yes,Yes,No
2137,Karnataka,65,Male,Primary,Teacher,Unemployed,71525,5960,6,Urban,Yes,No,Yes
2138,Haryana,20,Female,Graduate,Teacher,Self-employed,650730,54227,2,Rural,No,No,Yes
2139,Haryana,63,Female,Secondary,Engineer,Self-employed,336834,28069,2,Rural,No,Yes,No
2140,Rajasthan,28,Male,Graduate,Business,Student,819130,68260,6,Rural,No,No,No
2141,Maharashtra,52,Female,Graduate,Labour,Employed,913389,76115,7,Rural,Yes,Yes,Yes
2142,Punjab,63,Female,Higher Secondary,Teacher,Unemployed,980217,81684,6,Rural,Yes,Yes,Yes
2143,Karnataka,78,Female,Higher Secondary,Healthcare,Unemployed,649488,54124,8,Urban,Yes,No,Yes
2144,Gujarat,59,Female,Postgraduate,Healthcare,Unemployed,511271,42605,8,Rural,No,Yes,No
2145,Haryana,38,Female,Postgraduate,Government,Self-employed,589530,49127,5,Urban,Yes,Yes,Yes
2146,Rajasthan,32,Male,Primary,Teacher,Unemployed,425020,35418,3,Rural,No,Yes,No
2147,Gujarat,58,Female,Primary,Private,Self-employed,676418,56368,7,Rural,No,Yes,Yes
2148,Gujarat,49,Male,Secondary,Engineer,Unemployed,640755,53396,1,Urban,No,No,No
2149,Tamil Nadu,69,Female,Graduate,Farmer,Employed,814792,67899,1,Urban,No,Yes,No
2150,Tamil Nadu,48,Female,Secondary,Engineer,Student,937601,78133,4,Rural,Yes,Yes,Yes
2151,West Bengal,34,Male,Secondary,Labour,Employed,105219,8768,4,Rural,Yes,Yes,No
2152,Maharashtra,58,Male,Postgraduate,Student,Employed,583164,48597,4,Urban,Yes,No,No
2153,Haryana,49,Male,Secondary,Labour,Self-employed,436939,36411,3,Urban,Yes,No,Yes
2154,Punjab,46,Female,Graduate,Engineer,Student,212083,17673,2,Urban,Yes,Yes,Yes
2155,Haryana,68,Male,Secondary,Business,Student,238729,19894,3,Urban,No,No,Yes
2156,Haryana,63,Female,Postgraduate,Farmer,Student,487572,40631,4,Rural,No,Yes,No
2157,Maharashtra,65,Male,Secondary,Unemployed,Unemployed,580287,48357,1,Rural,No,Yes,No
2158,Karnataka,26,Male,Postgraduate,Engineer,Unemployed,660123,55010,7,Urban,Yes,Yes,Yes
2159,Maharashtra,45,Male,Secondary,Healthcare,Student,232636,19386,4,Rural,Yes,Yes,No
2160,Haryana,59,Male,Secondary,Labour,Self-employed,392863,32738,4,Rural,Yes,No,No
2161,Uttar Pradesh,67,Male,Postgraduate,Teacher,Student,137936,11494,6,Urban,No,Yes,No
2162,Maharashtra,53,Female,Primary,Private,Self-employed,93926,7827,6,Urban,Yes,No,No
2163,Uttar Pradesh,74,Male,Primary,Labour,Employed,707446,58953,4,Rural,Yes,Yes,No
2164,Rajasthan,54,Male,Graduate,Teacher,Student,537947,44828,2,Rural,Yes,No,Yes
2165,Maharashtra,69,Female,Secondary,Farmer,Employed,372452,31037,5,Rural,No,No,No
2166,Tamil Nadu,32,Male,Postgraduate,Labour,Self-employed,547157,45596,6,Rural,No,No,No
2167,Gujarat,38,Female,Postgraduate,Healthcare,Self-employed,1257818,104818,2,Urban,No,No,No
2168,West Bengal,62,Female,Secondary,Teacher,Student,820145,68345,1,Rural,Yes,No,No
2169,Rajasthan,44,Male,Secondary,Farmer,Employed,706728,58894,7,Rural,No,Yes,Yes
2170,West Bengal,21,Female,Higher Secondary,Farmer,Employed,378926,31577,1,Urban,Yes,Yes,Yes
2171,Karnataka,67,Male,Secondary,Labour,Student,607130,50594,7,Rural,Yes,Yes,No
2172,Uttar Pradesh,43,Male,Postgraduate,Private,Unemployed,529678,44139,3,Rural,Yes,No,Yes
2173,Karnataka,69,Female,Graduate,Farmer,Student,427323,35610,4,Rural,No,No,Yes
2174,West Bengal,49,Male,Higher Secondary,Engineer,Unemployed,195860,16321,8,Rural,Yes,No,Yes
2175,Haryana,42,Female,Postgraduate,Student,Unemployed,781371,65114,3,Urban,Yes,No,Yes
2176,Uttar Pradesh,59,Female,Postgraduate,Healthcare,Employed,738879,61573,4,Rural,Yes,No,No
2177,Punjab,38,Female,Secondary,Student,Unemployed,468703,39058,3,Rural,No,Yes,Yes
2178,Haryana,78,Female,Primary,Unemployed,Self-employed,385373,32114,6,Rural,No,No,Yes
2179,West Bengal,19,Male,Primary,Engineer,Unemployed,291697,24308,3,Rural,Yes,Yes,Yes
2180,Rajasthan,62,Female,Postgraduate,Unemployed,Student,748483,62373,3,Rural,Yes,Yes,No
2181,Uttar Pradesh,43,Male,Postgraduate,Farmer,Employed,688578,57381,3,Urban,No,No,No
2182,Rajasthan,56,Female,Secondary,Unemployed,Self-employed,455103,37925,6,Rural,Yes,Yes,No
2183,Uttar Pradesh,61,Female,Higher Secondary,Business,Self-employed,60000,5000,1,Urban,Yes,Yes,Yes
2184,Tamil Nadu,20,Male,Graduate,Business,Unemployed,441929,36827,5,Rural,No,Yes,No
2185,Haryana,23,Male,Postgraduate,Healthcare,Employed,635440,52953,6,Rural,No,Yes,No
2186,Maharashtra,76,Female,Secondary,Teacher,Employed,1101827,91818,7,Urban,No,Yes,Yes
2187,Haryana,55,Male,Higher Secondary,Farmer,Student,478123,39843,2,Rural,Yes,Yes,No
2188,Uttar Pradesh,45,Male,Primary,Government,Employed,959438,79953,8,Rural,No,No,No
2189,Maharashtra,48,Female,Graduate,Farmer,Unemployed,413078,34423,7,Urban,Yes,No,Yes
2190,Delhi,75,Female,Primary,Government,Self-employed,566775,47231,8,Rural,No,Yes,Yes
2191,Maharashtra,43,Female,Graduate,Student,Student,331534,27627,3,Urban,No,No,No
2192,West Bengal,73,Female,Higher Secondary,Labour,Student,604224,50352,3,Rural,No,Yes,Yes
2193,Karnataka,55,Male,Higher Secondary,Student,Unemployed,178478,14873,3,Urban,No,Yes,Yes
2194,Rajasthan,62,Female,Postgraduate,Unemployed,Student,445709,37142,6,Rural,Yes,No,Yes
2195,Delhi,32,Female,Graduate,Government,Unemployed,529190,44099,4,Urban,Yes,Yes,No
2196,Karnataka,51,Female,Postgraduate,Engineer,Unemployed,317378,26448,8,Rural,Yes,Yes,Yes
2197,West Bengal,36,Male,Secondary,Business,Self-employed,449758,37479,7,Urban,No,Yes,No
2198,Delhi,61,Female,Higher Secondary,Healthcare,Student,324230,27019,6,Urban,Yes,Yes,Yes
2199,Tamil Nadu,34,Male,Higher Secondary,Business,Student,517476,43123,7,Rural,Yes,No,Yes
2200,West Bengal,74,Female,Primary,Student,Student,649329,54110,6,Urban,Yes,Yes,Yes
2201,West Bengal,63,Female,Postgraduate,Business,Employed,905988,75499,8,Urban,Yes,No,No
2202,Maharashtra,32,Male,Graduate,Business,Student,547602,45633,3,Urban,Yes,No,Yes
2203,Gujarat,44,Male,Graduate,Farmer,Self-employed,345596,28799,1,Rural,No,No,No
2204,Gujarat,38,Female,Higher Secondary,Private,Self-employed,375970,31330,3,Urban,No,Yes,Yes
2205,Haryana,80,Male,Higher Secondary,Engineer,Employed,613578,51131,4,Rural,No,Yes,Yes
2206,Haryana,49,Female,Higher Secondary,Farmer,Self-employed,60000,5000,6,Urban,Yes,Yes,Yes
2207,Karnataka,31,Male,Secondary,Engineer,Student,837033,69752,6,Rural,No,No,No
2208,Punjab,75,Male,Graduate,Unemployed,Student,335548,27962,2,Rural,No,No,No
2209,Haryana,79,Female,Primary,Private,Self-employed,412835,34402,7,Rural,No,No,No
2210,Delhi,58,Male,Higher Secondary,Government,Employed,550269,45855,4,Rural,Yes,Yes,Yes
2211,Rajasthan,70,Female,Graduate,Unemployed,Employed,642392,53532,8,Urban,No,No,Yes
2212,West Bengal,43,Female,Higher Secondary,Teacher,Employed,466267,38855,6,Rural,Yes,Yes,No
2213,Rajasthan,42,Male,Secondary,Farmer,Self-employed,204819,17068,2,Rural,No,Yes,Yes
2214,Punjab,35,Female,Primary,Student,Self-employed,441646,36803,8,Urban,Yes,No,No
2215,Uttar Pradesh,67,Male,Primary,Farmer,Student,554947,46245,4,Urban,No,No,Yes
2216,Gujarat,56,Male,Graduate,Business,Unemployed,525522,43793,1,Rural,Yes,No,Yes
2217,Uttar Pradesh,38,Male,Primary,Private,Self-employed,663400,55283,4,Urban,Yes,Yes,Yes
2218,Haryana,37,Female,Graduate,Labour,Unemployed,453584,37798,4,Urban,Yes,No,No
2219,Gujarat,48,Male,Secondary,Government,Employed,601438,50119,6,Rural,Yes,No,No
2220,Delhi,69,Female,Secondary,Private,Student,543970,45330,1,Urban,No,No,No
2221,Haryana,51,Male,Secondary,Healthcare,Unemployed,628738,52394,2,Urban,No,No,Yes
2222,Punjab,19,Female,Primary,Private,Self-employed,692565,57713,6,Rural,Yes,Yes,Yes
2223,Uttar Pradesh,28,Male,Secondary,Labour,Self-employed,757265,63105,5,Rural,No,Yes,No
2224,Tamil Nadu,34,Male,Primary,Engineer,Self-employed,180208,15017,3,Rural,Yes,No,Yes
2225,Haryana,23,Male,Higher Secondary,Unemployed,Employed,277595,23132,1,Rural,Yes,Yes,No
2226,Karnataka,43,Female,Higher Secondary,Government,Self-employed,286145,23845,3,Rural,No,Yes,Yes
2227,Maharashtra,80,Female,Graduate,Engineer,Employed,447183,37265,4,Rural,No,No,No
2228,Delhi,29,Male,Postgraduate,Farmer,Self-employed,471813,39317,1,Urban,No,Yes,No
2229,Maharashtra,18,Male,Postgraduate,Farmer,Unemployed,497839,41486,8,Rural,No,Yes,Yes
2230,Gujarat,21,Female,Primary,Unemployed,Student,864867,72072,7,Rural,Yes,No,No
2231,Rajasthan,45,Female,Higher Secondary,Labour,Self-employed,451360,37613,3,Rural,Yes,No,Yes
2232,Rajasthan,63,Male,Secondary,Unemployed,Self-employed,708750,59062,2,Urban,Yes,Yes,Yes
2233,Tamil Nadu,44,Male,Postgraduate,Farmer,Employed,95022,7918,2,Urban,Yes,No,Yes
2234,Haryana,45,Male,Graduate,Teacher,Student,560735,46727,1,Urban,Yes,No,No
2235,West Bengal,18,Female,Postgraduate,Farmer,Unemployed,60000,5000,4,Rural,No,No,No
2236,Tamil Nadu,59,Male,Postgraduate,Private,Self-employed,297306,24775,3,Rural,No,No,No
2237,Punjab,39,Male,Higher Secondary,Healthcare,Unemployed,460200,38350,7,Urban,No,Yes,Yes
2238,Punjab,72,Female,Higher Secondary,Teacher,Employed,589718,49143,1,Rural,No,No,Yes
2239,West Bengal,48,Female,Primary,Engineer,Self-employed,803136,66928,3,Urban,No,No,Yes
2240,Punjab,64,Female,Postgraduate,Engineer,Unemployed,435357,36279,2,Urban,No,Yes,Yes
2241,Rajasthan,43,Female,Graduate,Student,Student,70330,5860,1,Rural,Yes,No,No
2242,Delhi,39,Female,Secondary,Student,Student,456666,38055,3,Urban,No,No,Yes
2243,Maharashtra,23,Female,Postgraduate,Private,Unemployed,946219,78851,5,Rural,Yes,Yes,Yes
2244,Delhi,72,Male,Higher Secondary,Healthcare,Unemployed,636987,53082,3,Rural,No,Yes,Yes
2245,Uttar Pradesh,71,Male,Graduate,Business,Student,358733,29894,8,Urban,Yes,Yes,Yes
2246,West Bengal,59,Male,Graduate,Engineer,Self-employed,628275,52356,1,Urban,No,No,No
2247,West Bengal,28,Male,Primary,Labour,Employed,599593,49966,2,Rural,Yes,No,Yes
2248,Maharashtra,26,Female,Postgraduate,Private,Student,788970,65747,1,Rural,Yes,Yes,Yes
2249,West Bengal,23,Female,Graduate,Teacher,Employed,505087,42090,7,Urban,Yes,No,No
2250,Maharashtra,45,Male,Postgraduate,Business,Employed,526478,43873,3,Rural,Yes,Yes,No
2251,Tamil Nadu,66,Female,Primary,Labour,Unemployed,305522,25460,1,Urban,No,No,No
2252,West Bengal,68,Female,Graduate,Teacher,Self-employed,501685,41807,4,Urban,No,Yes,Yes
2253,Gujarat,68,Female,Higher Secondary,Student,Self-employed,389512,32459,5,Urban,Yes,No,Yes
2254,West Bengal,57,Male,Secondary,Teacher,Employed,493297,41108,7,Rural,No,No,No
2255,Delhi,44,Female,Primary,Farmer,Unemployed,487231,40602,5,Rural,Yes,No,Yes
2256,Tamil Nadu,45,Female,Primary,Private,Employed,413251,34437,8,Rural,Yes,Yes,Yes
2257,Tamil Nadu,80,Female,Primary,Student,Student,60000,5000,1,Urban,Yes,No,Yes
2258,Karnataka,32,Female,Higher Secondary,Labour,Unemployed,616065,51338,4,Rural,No,Yes,No
2259,Gujarat,21,Male,Primary,Private,Self-employed,834075,69506,2,Rural,Yes,No,Yes
2260,West Bengal,29,Female,Postgraduate,Teacher,Self-employed,297740,24811,3,Rural,No,Yes,Yes
2261,Rajasthan,59,Female,Higher Secondary,Labour,Self-employed,271875,22656,1,Urban,Yes,Yes,No
2262,Karnataka,75,Male,Higher Secondary,Labour,Student,516286,43023,3,Rural,No,No,No
2263,Punjab,23,Male,Primary,Student,Self-employed,774952,64579,7,Urban,No,Yes,Yes
2264,Maharashtra,57,Female,Postgraduate,Labour,Student,664167,55347,3,Rural,No,No,No
2265,Punjab,18,Female,Higher Secondary,Farmer,Unemployed,330567,27547,3,Urban,Yes,No,Yes
2266,Maharashtra,27,Male,Postgraduate,Student,Employed,560450,46704,8,Urban,Yes,No,Yes
2267,West Bengal,55,Female,Graduate,Unemployed,Employed,60000,5000,6,Urban,Yes,No,No
2268,Tamil Nadu,38,Female,Higher Secondary,Private,Student,257351,21445,4,Rural,Yes,Yes,Yes
2269,Maharashtra,48,Female,Primary,Unemployed,Unemployed,252548,21045,8,Urban,No,Yes,Yes
2270,Uttar Pradesh,38,Male,Secondary,Farmer,Unemployed,463201,38600,7,Urban,Yes,Yes,No
2271,Gujarat,47,Male,Higher Secondary,Teacher,Self-employed,300810,25067,6,Urban,Yes,Yes,No
2272,Karnataka,73,Male,Primary,Farmer,Student,413656,34471,1,Urban,Yes,Yes,No
2273,Delhi,57,Female,Secondary,Healthcare,Student,216452,18037,1,Urban,No,No,Yes
2274,Haryana,49,Female,Primary,Private,Employed,60000,5000,1,Urban,Yes,No,No
2275,Gujarat,32,Male,Primary,Unemployed,Student,454897,37908,4,Urban,No,Yes,Yes
2276,Punjab,35,Male,Postgraduate,Farmer,Employed,880936,73411,8,Urban,Yes,Yes,No
2277,Tamil Nadu,34,Male,Primary,Government,Employed,506373,42197,2,Urban,Yes,Yes,Yes
2278,West Bengal,49,Female,Graduate,Labour,Self-employed,391344,32612,1,Rural,Yes,Yes,Yes
2279,Maharashtra,77,Male,Higher Secondary,Farmer,Employed,353765,29480,2,Rural,Yes,Yes,No
2280,Karnataka,33,Female,Postgraduate,Business,Student,407838,33986,7,Rural,Yes,Yes,No
2281,Delhi,61,Male,Higher Secondary,Unemployed,Unemployed,378367,31530,4,Urban,No,Yes,Yes
2282,West Bengal,20,Female,Higher Secondary,Unemployed,Self-employed,728199,60683,2,Rural,No,No,No
2283,Rajasthan,32,Male,Postgraduate,Private,Student,1044835,87069,6,Urban,No,No,Yes
2284,Maharashtra,61,Female,Higher Secondary,Government,Student,247572,20631,1,Urban,No,No,Yes
2285,West Bengal,54,Male,Primary,Farmer,Student,459890,38324,5,Urban,Yes,No,No
2286,Karnataka,18,Female,Primary,Labour,Student,436367,36363,8,Urban,Yes,Yes,No
2287,Gujarat,41,Male,Graduate,Engineer,Unemployed,784210,65350,4,Urban,No,No,Yes
2288,Delhi,20,Male,Graduate,Engineer,Employed,560805,46733,7,Rural,No,Yes,Yes
2289,Rajasthan,74,Female,Postgraduate,Teacher,Student,807725,67310,5,Rural,No,No,No
2290,Gujarat,27,Female,Secondary,Teacher,Self-employed,658055,54837,5,Urban,Yes,No,No
2291,Maharashtra,68,Female,Secondary,Farmer,Self-employed,750695,62557,8,Rural,Yes,Yes,No
2292,Delhi,64,Male,Primary,Unemployed,Self-employed,619639,51636,7,Rural,Yes,Yes,No
2293,Delhi,24,Female,Primary,Labour,Unemployed,392627,32718,1,Urban,No,No,No
2294,Rajasthan,48,Male,Postgraduate,Private,Self-employed,584005,48667,3,Rural,No,No,Yes
2295,Uttar Pradesh,32,Male,Higher Secondary,Labour,Student,268536,22378,5,Rural,No,No,No
2296,Punjab,44,Female,Primary,Private,Employed,394078,32839,1,Rural,No,Yes,Yes
2297,Uttar Pradesh,74,Female,Graduate,Engineer,Employed,133933,11161,2,Urban,No,No,Yes
2298,Rajasthan,35,Female,Graduate,Student,Unemployed,808574,67381,8,Urban,No,No,No
2299,Gujarat,63,Male,Secondary,Unemployed,Employed,409537,34128,1,Urban,No,No,No
2300,Rajasthan,72,Male,Higher Secondary,Government,Employed,301749,25145,3,Rural,Yes,No,Yes
2301,West Bengal,28,Female,Graduate,Engineer,Employed,493511,41125,2,Urban,No,Yes,Yes
2302,Gujarat,72,Female,Primary,Unemployed,Employed,914406,76200,1,Rural,Yes,No,No
2303,Karnataka,29,Female,Postgraduate,Government,Self-employed,281463,23455,2,Rural,Yes,Yes,No
2304,Punjab,23,Male,Secondary,Unemployed,Employed,331312,27609,2,Urban,Yes,No,No
2305,Haryana,55,Female,Postgraduate,Private,Unemployed,415567,34630,5,Urban,No,No,No
2306,Delhi,32,Male,Higher Secondary,Teacher,Self-employed,408694,34057,7,Rural,No,Yes,No
2307,West Bengal,58,Male,Postgraduate,Student,Student,322930,26910,1,Rural,No,Yes,No
2308,Karnataka,53,Male,Postgraduate,Healthcare,Unemployed,821129,68427,1,Rural,No,No,No
2309,Haryana,20,Female,Postgraduate,Unemployed,Student,132442,11036,5,Rural,Yes,No,No
2310,Gujarat,55,Female,Graduate,Unemployed,Student,522440,43536,5,Rural,No,No,No
2311,Punjab,39,Female,Higher Secondary,Private,Unemployed,600254,50021,4,Urban,No,Yes,No
2312,Punjab,42,Female,Graduate,Farmer,Student,750424,62535,4,Urban,No,Yes,No
2313,Tamil Nadu,36,Male,Graduate,Farmer,Student,631934,52661,5,Urban,Yes,No,No
2314,Rajasthan,49,Male,Postgraduate,Engineer,Unemployed,694142,57845,1,Urban,No,No,Yes
2315,Uttar Pradesh,22,Female,Graduate,Student,Employed,179074,14922,1,Rural,Yes,Yes,Yes
2316,Delhi,72,Male,Secondary,Engineer,Employed,351078,29256,3,Rural,Yes,Yes,Yes
2317,Karnataka,64,Female,Postgraduate,Business,Employed,561222,46768,2,Urban,No,Yes,No
2318,West Bengal,32,Male,Primary,Business,Self-employed,165276,13773,2,Urban,Yes,Yes,No
2319,West Bengal,21,Male,Graduate,Farmer,Employed,439840,36653,1,Rural,No,Yes,Yes
2320,Gujarat,79,Female,Secondary,Government,Student,331745,27645,7,Rural,Yes,No,No
2321,Maharashtra,19,Male,Postgraduate,Business,Unemployed,205044,17087,5,Urban,No,No,No
2322,Uttar Pradesh,70,Male,Higher Secondary,Business,Student,752757,62729,1,Urban,Yes,Yes,No
2323,Maharashtra,74,Female,Postgraduate,Labour,Employed,64789,5399,2,Rural,Yes,No,Yes
2324,Punjab,71,Male,Secondary,Unemployed,Self-employed,306758,25563,6,Rural,No,No,Yes
2325,Uttar Pradesh,79,Female,Primary,Government,Self-employed,445676,37139,5,Rural,Yes,No,Yes
2326,Karnataka,71,Female,Secondary,Teacher,Employed,255689,21307,7,Urban,No,Yes,No
2327,Tamil Nadu,36,Male,Graduate,Farmer,Unemployed,698763,58230,6,Urban,No,No,No
2328,West Bengal,52,Female,Graduate,Student,Student,438879,36573,4,Urban,No,No,No
2329,Karnataka,77,Female,Postgraduate,Teacher,Unemployed,754536,62878,7,Rural,Yes,Yes,No
2330,West Bengal,66,Female,Higher Secondary,Private,Student,1061389,88449,4,Rural,Yes,Yes,Yes
2331,Rajasthan,66,Male,Postgraduate,Private,Unemployed,294273,24522,1,Urban,Yes,Yes,Yes
2332,Punjab,37,Female,Postgraduate,Government,Self-employed,529549,44129,7,Rural,Yes,Yes,Yes
2333,Gujarat,80,Male,Graduate,Farmer,Self-employed,288258,24021,6,Urban,No,Yes,Yes
2334,Maharashtra,68,Female,Secondary,Private,Student,60000,5000,3,Urban,Yes,Yes,No
2335,Uttar Pradesh,32,Female,Postgraduate,Engineer,Employed,1409919,117493,2,Urban,No,Yes,No
2336,Uttar Pradesh,69,Female,Graduate,Private,Self-employed,471235,39269,2,Urban,Yes,No,No
2337,Punjab,55,Female,Secondary,Unemployed,Employed,1081311,90109,4,Rural,Yes,No,Yes
2338,Maharashtra,52,Male,Secondary,Student,Student,489781,40815,2,Urban,No,Yes,No
2339,West Bengal,74,Male,Secondary,Government,Student,748406,62367,4,Rural,Yes,Yes,No
2340,Maharashtra,62,Male,Postgraduate,Student,Unemployed,198161,16513,4,Rural,No,Yes,Yes
2341,Tamil Nadu,25,Male,Higher Secondary,Student,Student,580774,48397,8,Urban,Yes,No,No
2342,Haryana,49,Male,Postgraduate,Farmer,Unemployed,248612,20717,3,Rural,No,No,No
2343,Punjab,43,Female,Secondary,Farmer,Student,456441,38036,5,Urban,Yes,Yes,Yes
2344,Gujarat,79,Male,Primary,Government,Unemployed,461859,38488,2,Urban,Yes,No,No
2345,West Bengal,26,Male,Secondary,Teacher,Employed,493300,41108,1,Rural,Yes,Yes,Yes
2346,Haryana,53,Female,Higher Secondary,Private,Employed,455844,37987,7,Rural,No,Yes,Yes
2347,Rajasthan,50,Female,Higher Secondary,Healthcare,Student,534817,44568,4,Rural,Yes,No,No
2348,Haryana,23,Male,Secondary,Unemployed,Unemployed,492464,41038,6,Urban,No,Yes,Yes
2349,Delhi,74,Female,Graduate,Student,Employed,299867,24988,2,Urban,No,Yes,Yes
2350,Punjab,69,Male,Postgraduate,Government,Self-employed,625769,52147,4,Rural,Yes,No,No
2351,Gujarat,76,Female,Secondary,Unemployed,Self-employed,240320,20026,3,Urban,No,Yes,No
2352,Gujarat,60,Male,Secondary,Farmer,Self-employed,113167,9430,8,Urban,No,No,No
2353,Delhi,48,Male,Higher Secondary,Engineer,Employed,765729,63810,3,Urban,No,No,Yes
2354,Gujarat,62,Male,Higher Secondary,Teacher,Employed,441367,36780,8,Rural,Yes,Yes,Yes
2355,Delhi,35,Male,Secondary,Business,Student,195866,16322,7,Urban,No,Yes,Yes
2356,Maharashtra,57,Female,Postgraduate,Engineer,Self-employed,514804,42900,5,Rural,No,Yes,No
2357,Uttar Pradesh,45,Male,Graduate,Unemployed,Employed,60000,5000,8,Rural,Yes,No,Yes
2358,Maharashtra,49,Female,Postgraduate,Engineer,Employed,316038,26336,7,Rural,No,Yes,No
2359,Uttar Pradesh,41,Male,Secondary,Healthcare,Employed,887909,73992,1,Rural,Yes,No,Yes
2360,Maharashtra,23,Female,Primary,Private,Employed,996534,83044,3,Urban,No,Yes,No
2361,Maharashtra,35,Male,Postgraduate,Farmer,Unemployed,329263,27438,8,Rural,Yes,Yes,Yes
2362,Maharashtra,61,Female,Primary,Private,Student,877440,73120,2,Urban,No,Yes,No
2363,Haryana,67,Female,Higher Secondary,Engineer,Unemployed,650722,54226,7,Urban,Yes,No,No
2364,Haryana,27,Male,Secondary,Healthcare,Student,446284,37190,2,Rural,No,No,No
2365,Maharashtra,39,Female,Higher Secondary,Business,Self-employed,589412,49117,2,Rural,Yes,No,Yes
2366,Rajasthan,80,Male,Secondary,Business,Unemployed,763868,63655,4,Urban,No,No,No
2367,Karnataka,29,Male,Higher Secondary,Student,Self-employed,585567,48797,1,Urban,No,No,Yes
2368,Delhi,80,Male,Higher Secondary,Engineer,Unemployed,229030,19085,7,Urban,Yes,Yes,No
2369,West Bengal,20,Female,Higher Secondary,Student,Student,432568,36047,5,Urban,Yes,Yes,Yes
2370,West Bengal,24,Male,Primary,Engineer,Student,434895,36241,8,Urban,No,Yes,Yes
2371,Maharashtra,57,Female,Primary,Business,Student,562761,46896,1,Rural,Yes,Yes,Yes
2372,Haryana,80,Female,Graduate,Private,Self-employed,269188,22432,1,Rural,No,No,No
2373,Rajasthan,77,Male,Primary,Business,Unemployed,1192317,99359,2,Urban,Yes,No,Yes
2374,Haryana,32,Male,Secondary,Unemployed,Student,181155,15096,3,Urban,Yes,Yes,No
2375,Rajasthan,46,Male,Postgraduate,Labour,Employed,482576,40214,5,Rural,No,No,Yes
2376,Maharashtra,54,Male,Postgraduate,Labour,Employed,435810,36317,4,Rural,No,Yes,No
2377,Delhi,25,Female,Higher Secondary,Unemployed,Self-employed,413238,34436,2,Urban,Yes,No,Yes
2378,Rajasthan,40,Male,Primary,Unemployed,Student,518440,43203,6,Urban,Yes,Yes,No
2379,Gujarat,40,Male,Graduate,Unemployed,Student,718932,59911,1,Rural,No,No,Yes
2380,Gujarat,68,Male,Graduate,Engineer,Unemployed,266118,22176,3,Rural,No,No,No
2381,Gujarat,77,Female,Graduate,Business,Employed,331414,27617,2,Rural,Yes,No,No
2382,Karnataka,64,Male,Postgraduate,Unemployed,Employed,596032,49669,7,Rural,Yes,Yes,No
2383,Uttar Pradesh,25,Male,Primary,Student,Student,605259,50438,2,Urban,Yes,No,Yes
2384,West Bengal,78,Male,Primary,Farmer,Unemployed,678610,56550,7,Urban,No,Yes,No
2385,Karnataka,65,Male,Secondary,Student,Employed,909086,75757,8,Urban,Yes,No,Yes
2386,Maharashtra,74,Male,Graduate,Private,Self-employed,72152,6012,4,Urban,Yes,Yes,Yes
2387,Haryana,62,Male,Primary,Student,Student,151741,12645,2,Rural,Yes,Yes,No
2388,Tamil Nadu,58,Male,Secondary,Government,Self-employed,655483,54623,1,Rural,Yes,Yes,Yes
2389,West Bengal,59,Male,Primary,Teacher,Unemployed,748332,62361,2,Urban,No,No,No
2390,West Bengal,30,Female,Higher Secondary,Business,Self-employed,913396,76116,4,Urban,No,Yes,No
2391,Punjab,41,Male,Postgraduate,Labour,Employed,563442,46953,2,Rural,Yes,No,No
2392,West Bengal,25,Female,Graduate,Government,Employed,137559,11463,6,Urban,Yes,Yes,No
2393,Delhi,74,Male,Secondary,Business,Self-employed,188074,15672,8,Urban,Yes,Yes,No
2394,Punjab,39,Female,Secondary,Labour,Student,463562,38630,4,Rural,No,No,No
2395,Delhi,80,Female,Primary,Teacher,Student,384888,32074,2,Urban,Yes,Yes,Yes
2396,Delhi,33,Male,Secondary,Farmer,Student,411796,34316,6,Urban,No,No,No
2397,Gujarat,35,Male,Postgraduate,Private,Employed,60000,5000,5,Rural,Yes,Yes,No
2398,Gujarat,48,Male,Primary,Business,Student,475099,39591,1,Rural,No,Yes,Yes
2399,Tamil Nadu,58,Female,Secondary,Business,Unemployed,180873,15072,1,Urban,No,Yes,No
2400,Rajasthan,49,Female,Higher Secondary,Unemployed,Unemployed,599722,49976,8,Urban,No,Yes,Yes
2401,Haryana,69,Male,Higher Secondary,Private,Student,569531,47460,6,Urban,No,Yes,No
2402,Delhi,56,Female,Secondary,Business,Unemployed,707292,58941,5,Urban,Yes,No,Yes
2403,Punjab,24,Male,Postgraduate,Unemployed,Student,653497,54458,1,Urban,Yes,Yes,Yes
2404,Punjab,71,Male,Graduate,Private,Employed,300859,25071,3,Urban,Yes,Yes,Yes
2405,Uttar Pradesh,80,Female,Higher Secondary,Engineer,Self-employed,521578,43464,4,Urban,No,Yes,No
2406,Haryana,35,Male,Graduate,Healthcare,Employed,295318,24609,5,Rural,No,No,No
2407,Punjab,21,Male,Primary,Healthcare,Student,395064,32922,5,Urban,No,Yes,Yes
2408,Uttar Pradesh,68,Female,Postgraduate,Healthcare,Self-employed,611975,50997,6,Rural,Yes,Yes,Yes
2409,Karnataka,80,Male,Primary,Private,Unemployed,903402,75283,5,Urban,No,Yes,Yes
2410,Rajasthan,68,Male,Higher Secondary,Private,Self-employed,453313,37776,8,Rural,Yes,Yes,No
2411,Gujarat,34,Female,Postgraduate,Engineer,Self-employed,489137,40761,5,Urban,No,No,No
2412,Karnataka,38,Male,Higher Secondary,Business,Student,406044,33837,3,Rural,Yes,Yes,No
2413,Tamil Nadu,49,Male,Postgraduate,Labour,Student,536500,44708,2,Rural,No,No,No
2414,Karnataka,50,Female,Postgraduate,Unemployed,Employed,821349,68445,4,Urban,Yes,Yes,No
2415,Gujarat,43,Female,Secondary,Student,Self-employed,287309,23942,3,Rural,Yes,Yes,No
2416,West Bengal,52,Female,Secondary,Healthcare,Self-employed,953241,79436,3,Rural,Yes,No,Yes
2417,Delhi,75,Female,Primary,Business,Self-employed,75847,6320,8,Urban,No,No,No
2418,Karnataka,51,Male,Graduate,Farmer,Self-employed,431649,35970,7,Rural,Yes,No,No
2419,Haryana,19,Female,Higher Secondary,Student,Unemployed,621002,51750,3,Rural,Yes,No,No
2420,Uttar Pradesh,30,Female,Postgraduate,Teacher,Student,451063,37588,8,Urban,Yes,Yes,Yes
2421,Rajasthan,32,Male,Graduate,Engineer,Unemployed,582318,48526,1,Rural,Yes,Yes,Yes
2422,West Bengal,61,Female,Secondary,Student,Employed,470399,39199,2,Rural,Yes,Yes,Yes
2423,Gujarat,25,Male,Postgraduate,Student,Student,143633,11969,1,Rural,No,No,Yes
2424,Uttar Pradesh,27,Male,Graduate,Unemployed,Self-employed,162850,13570,6,Rural,Yes,Yes,Yes
2425,Uttar Pradesh,27,Male,Higher Secondary,Business,Employed,468670,39055,2,Rural,Yes,Yes,No
2426,Rajasthan,40,Male,Higher Secondary,Teacher,Student,552497,46041,8,Rural,No,Yes,No
2427,West Bengal,69,Male,Secondary,Farmer,Unemployed,177594,14799,3,Rural,Yes,Yes,Yes
2428,Punjab,40,Male,Higher Secondary,Engineer,Employed,584695,48724,1,Rural,No,No,Yes
2429,Tamil Nadu,42,Female,Postgraduate,Student,Student,380233,31686,2,Urban,Yes,No,Yes
2430,Haryana,65,Male,Graduate,Engineer,Self-employed,221338,18444,6,Rural,Yes,No,Yes
2431,Karnataka,58,Male,Postgraduate,Labour,Student,341924,28493,7,Urban,Yes,No,Yes
2432,Gujarat,49,Male,Secondary,Teacher,Employed,827426,68952,2,Rural,Yes,No,No
2433,West Bengal,28,Female,Postgraduate,Private,Employed,498991,41582,4,Rural,Yes,Yes,Yes
2434,Tamil Nadu,41,Male,Postgraduate,Farmer,Employed,230968,19247,7,Urban,No,Yes,No
2435,Haryana,24,Male,Postgraduate,Healthcare,Unemployed,313413,26117,6,Urban,No,No,Yes
2436,Tamil Nadu,36,Male,Secondary,Government,Unemployed,783557,65296,2,Rural,No,No,Yes
2437,Punjab,68,Male,Higher Secondary,Government,Self-employed,209858,17488,7,Urban,Yes,No,No
2438,West Bengal,40,Male,Graduate,Engineer,Unemployed,519181,43265,8,Rural,Yes,Yes,No
2439,Punjab,50,Female,Secondary,Engineer,Unemployed,370478,30873,2,Urban,Yes,Yes,No
2440,Tamil Nadu,55,Female,Graduate,Government,Self-employed,841824,70152,3,Rural,Yes,Yes,Yes
2441,Uttar Pradesh,38,Male,Higher Secondary,Unemployed,Unemployed,643577,53631,6,Urban,No,No,No
2442,Haryana,71,Female,Higher Secondary,Healthcare,Self-employed,946977,78914,4,Urban,No,No,No
2443,Rajasthan,25,Male,Graduate,Unemployed,Employed,586758,48896,4,Urban,Yes,Yes,No
2444,Gujarat,76,Female,Higher Secondary,Government,Unemployed,924521,77043,6,Urban,No,Yes,No
2445,Delhi,77,Male,Secondary,Healthcare,Student,282529,23544,1,Rural,Yes,No,No
2446,West Bengal,79,Female,Graduate,Healthcare,Self-employed,364506,30375,5,Rural,Yes,Yes,No
2447,Haryana,73,Female,Secondary,Business,Employed,369854,30821,4,Rural,No,No,Yes
2448,Punjab,26,Male,Higher Secondary,Unemployed,Self-employed,371717,30976,1,Urban,Yes,Yes,No
2449,West Bengal,40,Male,Higher Secondary,Private,Student,275718,22976,4,Urban,No,Yes,Yes
2450,Uttar Pradesh,21,Female,Postgraduate,Government,Employed,888205,74017,4,Rural,No,No,No
2451,Gujarat,36,Male,Graduate,Farmer,Unemployed,545107,45425,7,Rural,No,Yes,Yes
2452,Uttar Pradesh,48,Male,Primary,Government,Employed,78489,6540,7,Rural,No,No,Yes
2453,Tamil Nadu,54,Female,Higher Secondary,Farmer,Self-employed,934006,77833,5,Rural,Yes,Yes,No
2454,Uttar Pradesh,36,Female,Higher Secondary,Healthcare,Employed,588632,49052,2,Urban,No,Yes,Yes
2455,Punjab,40,Male,Secondary,Farmer,Student,709932,59161,2,Rural,No,No,No
2456,Punjab,67,Female,Primary,Farmer,Student,937436,78119,2,Urban,No,No,Yes
2457,Tamil Nadu,26,Female,Primary,Private,Self-employed,462525,38543,4,Urban,No,Yes,No
2458,Rajasthan,53,Female,Primary,Teacher,Unemployed,409792,34149,6,Rural,No,Yes,Yes
2459,Maharashtra,69,Female,Postgraduate,Business,Employed,337757,28146,1,Urban,Yes,No,Yes
2460,Delhi,58,Male,Primary,Engineer,Employed,449627,37468,1,Rural,No,Yes,Yes
2461,Uttar Pradesh,46,Female,Higher Secondary,Private,Unemployed,626887,52240,4,Urban,No,No,Yes
2462,Haryana,46,Female,Graduate,Private,Student,498738,41561,4,Urban,No,No,No
2463,Gujarat,42,Male,Higher Secondary,Unemployed,Student,460192,38349,4,Urban,Yes,Yes,Yes
2464,Uttar Pradesh,23,Female,Postgraduate,Government,Unemployed,388972,32414,1,Urban,Yes,Yes,Yes
2465,Rajasthan,61,Male,Higher Secondary,Labour,Employed,60000,5000,3,Rural,No,Yes,Yes
2466,Karnataka,40,Male,Secondary,Engineer,Student,60000,5000,8,Urban,No,No,Yes
2467,Uttar Pradesh,33,Female,Primary,Farmer,Student,545430,45452,4,Urban,Yes,No,Yes
2468,Karnataka,47,Male,Graduate,Unemployed,Employed,762719,63559,4,Rural,No,No,No
2469,Karnataka,79,Male,Graduate,Unemployed,Employed,521159,43429,2,Rural,No,Yes,No
2470,Gujarat,35,Female,Secondary,Student,Employed,872634,72719,5,Urban,Yes,Yes,No
2471,Haryana,53,Female,Primary,Teacher,Student,285655,23804,1,Urban,No,No,Yes
2472,Haryana,59,Female,Primary,Farmer,Unemployed,383771,31980,7,Rural,No,No,No
2473,Rajasthan,50,Male,Secondary,Student,Employed,568874,47406,1,Urban,No,Yes,No
2474,Maharashtra,21,Male,Postgraduate,Labour,Employed,590016,49168,1,Urban,No,No,No
2475,Rajasthan,66,Female,Higher Secondary,Business,Student,414556,34546,2,Urban,No,Yes,No
2476,Uttar Pradesh,46,Male,Higher Secondary,Private,Employed,60000,5000,1,Urban,No,No,Yes
2477,Maharashtra,48,Male,Secondary,Unemployed,Student,60000,5000,2,Rural,No,Yes,Yes
2478,Gujarat,67,Male,Secondary,Private,Employed,503901,41991,1,Urban,Yes,No,No
2479,Gujarat,31,Male,Graduate,Teacher,Employed,585735,48811,5,Urban,No,Yes,Yes
2480,Haryana,69,Male,Secondary,Business,Employed,294722,24560,5,Rural,Yes,No,No
2481,Uttar Pradesh,21,Female,Postgraduate,Engineer,Self-employed,177529,14794,4,Rural,No,Yes,No
2482,West Bengal,30,Male,Secondary,Unemployed,Student,677118,56426,3,Rural,Yes,No,No
2483,Uttar Pradesh,47,Female,Higher Secondary,Labour,Self-employed,509734,42477,4,Urban,No,No,Yes
2484,West Bengal,25,Male,Higher Secondary,Teacher,Student,346185,28848,4,Rural,No,No,Yes
2485,Haryana,70,Male,Secondary,Government,Self-employed,493470,41122,8,Urban,No,Yes,Yes
2486,Rajasthan,33,Male,Graduate,Unemployed,Student,207201,17266,5,Urban,Yes,Yes,Yes
2487,Uttar Pradesh,23,Male,Primary,Private,Unemployed,479956,39996,7,Urban,No,No,Yes
2488,West Bengal,43,Male,Postgraduate,Private,Employed,483547,40295,2,Rural,No,No,No
2489,Gujarat,36,Female,Higher Secondary,Unemployed,Employed,474695,39557,6,Urban,Yes,Yes,Yes
2490,Gujarat,47,Male,Postgraduate,Business,Unemployed,577348,48112,6,Urban,Yes,Yes,No
2491,Haryana,58,Female,Primary,Unemployed,Employed,808212,67351,8,Urban,Yes,No,Yes
2492,West Bengal,42,Male,Secondary,Business,Unemployed,264437,22036,7,Rural,Yes,No,No
2493,West Bengal,26,Male,Secondary,Business,Employed,1006109,83842,5,Rural,Yes,Yes,No
2494,West Bengal,42,Female,Higher Secondary,Healthcare,Unemployed,755890,62990,5,Rural,Yes,Yes,Yes
2495,Maharashtra,29,Male,Postgraduate,Farmer,Employed,977961,81496,7,Urban,No,Yes,No
2496,Maharashtra,78,Male,Postgraduate,Business,Employed,549891,45824,6,Urban,No,No,No
2497,West Bengal,71,Female,Primary,Healthcare,Employed,457974,38164,3,Urban,No,Yes,Yes
2498,Haryana,32,Male,Graduate,Unemployed,Employed,276771,23064,5,Urban,Yes,Yes,No
2499,Haryana,59,Male,Secondary,Government,Self-employed,802952,66912,6,Urban,Yes,Yes,No
2500,Rajasthan,25,Male,Secondary,Teacher,Unemployed,677118,56426,7,Rural,Yes,No,Yes
2501,Rajasthan,36,Female,Primary,Unemployed,Employed,683551,56962,8,Urban,No,Yes,No
2502,West Bengal,78,Male,Primary,Private,Student,68544,5712,7,Rural,Yes,No,Yes
2503,Maharashtra,76,Male,Graduate,Engineer,Student,248094,20674,1,Rural,No,No,Yes
2504,Punjab,20,Male,Secondary,Government,Student,318521,26543,5,Rural,No,No,No
2505,Maharashtra,37,Female,Higher Secondary,Teacher,Self-employed,135876,11323,4,Urban,No,No,No
2506,Haryana,59,Male,Primary,Farmer,Self-employed,547929,45660,5,Urban,Yes,Yes,No
2507,Rajasthan,72,Male,Higher Secondary,Government,Student,374702,31225,4,Urban,Yes,Yes,No
2508,Maharashtra,32,Female,Higher Secondary,Student,Unemployed,310902,25908,4,Urban,Yes,Yes,Yes
2509,Delhi,68,Male,Primary,Business,Student,664331,55360,2,Urban,No,No,No
2510,Karnataka,20,Male,Secondary,Private,Unemployed,333820,27818,3,Urban,Yes,Yes,Yes
2511,Maharashtra,70,Male,Higher Secondary,Teacher,Student,453013,37751,4,Urban,Yes,Yes,Yes
2512,Punjab,60,Female,Graduate,Labour,Self-employed,379420,31618,8,Rural,Yes,No,No
2513,Uttar Pradesh,24,Male,Higher Secondary,Student,Student,515664,42972,1,Rural,Yes,Yes,No
2514,Rajasthan,25,Female,Primary,Labour,Self-employed,814891,67907,7,Urban,Yes,No,No
2515,Karnataka,20,Female,Primary,Unemployed,Unemployed,525441,43786,4,Urban,Yes,No,Yes
2516,Maharashtra,68,Female,Postgraduate,Engineer,Employed,411329,34277,7,Urban,Yes,No,Yes
2517,Haryana,80,Female,Higher Secondary,Government,Student,606199,50516,8,Urban,Yes,Yes,Yes
2518,Karnataka,65,Female,Higher Secondary,Farmer,Unemployed,107213,8934,5,Urban,Yes,Yes,No
2519,Karnataka,46,Male,Graduate,Healthcare,Student,460872,38406,5,Urban,No,No,Yes
2520,Maharashtra,28,Male,Higher Secondary,Government,Unemployed,638499,53208,5,Rural,No,Yes,Yes
2521,Maharashtra,21,Female,Graduate,Business,Unemployed,526256,43854,5,Rural,Yes,Yes,Yes
2522,Gujarat,58,Male,Primary,Engineer,Employed,413154,34429,3,Rural,No,No,No
2523,Karnataka,77,Male,Primary,Business,Student,882376,73531,3,Urban,Yes,Yes,No
2524,West Bengal,72,Female,Postgraduate,Unemployed,Student,258045,21503,4,Rural,Yes,No,Yes
2525,Punjab,49,Female,Primary,Farmer,Self-employed,277205,23100,7,Rural,Yes,No,No
2526,Karnataka,42,Male,Graduate,Farmer,Employed,809155,67429,5,Rural,Yes,Yes,Yes
2527,Haryana,79,Female,Postgraduate,Business,Unemployed,147494,12291,6,Rural,Yes,No,No
2528,Maharashtra,66,Female,Higher Secondary,Government,Employed,323705,26975,6,Urban,Yes,No,Yes
2529,Uttar Pradesh,44,Female,Primary,Teacher,Self-employed,244247,20353,2,Urban,Yes,No,Yes
2530,Punjab,43,Male,Higher Secondary,Farmer,Unemployed,634650,52887,4,Urban,Yes,Yes,No
2531,Rajasthan,21,Male,Primary,Student,Student,1107071,92255,7,Rural,No,Yes,No
2532,Rajasthan,33,Male,Postgraduate,Engineer,Unemployed,639052,53254,3,Urban,Yes,Yes,Yes
2533,Gujarat,69,Female,Higher Secondary,Labour,Student,560289,46690,2,Urban,Yes,Yes,No
2534,West Bengal,58,Female,Primary,Labour,Employed,367952,30662,1,Urban,Yes,No,Yes
2535,Karnataka,61,Male,Primary,Private,Unemployed,728141,60678,4,Rural,Yes,Yes,Yes
2536,West Bengal,73,Male,Higher Secondary,Teacher,Self-employed,486455,40537,6,Urban,Yes,No,Yes
2537,Gujarat,49,Female,Graduate,Unemployed,Employed,544283,45356,8,Rural,Yes,No,No
2538,Uttar Pradesh,79,Female,Graduate,Teacher,Unemployed,655580,54631,3,Urban,No,Yes,No
2539,Karnataka,71,Male,Primary,Business,Employed,675730,56310,7,Rural,No,No,No
2540,Gujarat,33,Female,Secondary,Business,Student,333602,27800,8,Rural,Yes,No,Yes
2541,Uttar Pradesh,51,Female,Postgraduate,Farmer,Student,486482,40540,7,Urban,Yes,No,No
2542,Tamil Nadu,55,Male,Primary,Business,Unemployed,904582,75381,5,Urban,No,Yes,Yes
2543,Haryana,38,Female,Primary,Unemployed,Self-employed,662127,55177,3,Urban,Yes,No,Yes
2544,Delhi,25,Female,Secondary,Student,Student,959295,79941,5,Rural,No,No,No
2545,Tamil Nadu,53,Male,Secondary,Government,Student,121247,10103,2,Rural,No,No,No
2546,Gujarat,67,Male,Primary,Student,Employed,605917,50493,3,Rural,No,No,Yes
2547,Rajasthan,23,Female,Graduate,Government,Student,566601,47216,6,Rural,No,No,No
2548,Tamil Nadu,50,Female,Primary,Unemployed,Student,706036,58836,7,Urban,No,Yes,Yes
2549,Delhi,45,Female,Secondary,Business,Self-employed,588541,49045,1,Urban,Yes,Yes,No
2550,Karnataka,20,Female,Higher Secondary,Private,Student,601447,50120,6,Urban,Yes,No,No
2551,Karnataka,29,Female,Higher Secondary,Unemployed,Employed,571660,47638,4,Rural,No,No,No
2552,Maharashtra,66,Female,Postgraduate,Student,Self-employed,673613,56134,8,Rural,Yes,No,No
2553,West Bengal,75,Female,Postgraduate,Private,Employed,655894,54657,7,Rural,Yes,No,No
2554,Punjab,78,Male,Primary,Healthcare,Student,263501,21958,6,Rural,Yes,Yes,No
2555,Karnataka,76,Female,Higher Secondary,Engineer,Employed,1229199,102433,4,Urban,No,Yes,Yes
2556,Gujarat,33,Male,Higher Secondary,Student,Student,483710,40309,6,Rural,Yes,No,Yes
2557,Punjab,57,Female,Secondary,Unemployed,Student,535312,44609,1,Rural,No,Yes,No
2558,Delhi,50,Male,Graduate,Healthcare,Student,572996,47749,3,Rural,Yes,No,Yes
2559,West Bengal,74,Male,Secondary,Business,Employed,676127,56343,8,Urban,Yes,Yes,Yes
2560,Punjab,43,Female,Higher Secondary,Unemployed,Employed,581423,48451,6,Rural,Yes,No,Yes
2561,Uttar Pradesh,19,Male,Higher Secondary,Student,Employed,396775,33064,8,Urban,No,No,Yes
2562,Haryana,35,Female,Graduate,Student,Student,648009,54000,8,Rural,Yes,Yes,No
2563,Rajasthan,25,Male,Primary,Student,Unemployed,577589,48132,1,Urban,Yes,Yes,Yes
2564,Maharashtra,74,Male,Graduate,Farmer,Employed,558031,46502,6,Rural,No,No,No
2565,Punjab,65,Female,Primary,Teacher,Self-employed,185428,15452,8,Urban,Yes,No,Yes
2566,Tamil Nadu,66,Female,Secondary,Engineer,Student,137404,11450,3,Rural,No,No,Yes
2567,Punjab,45,Female,Secondary,Healthcare,Unemployed,688041,57336,4,Rural,Yes,No,Yes
2568,West Bengal,32,Female,Primary,Teacher,Unemployed,757137,63094,5,Rural,No,No,Yes
2569,Gujarat,63,Female,Primary,Labour,Unemployed,653434,54452,6,Urban,No,Yes,Yes
2570,Delhi,48,Female,Postgraduate,Student,Unemployed,371872,30989,2,Urban,No,No,Yes
2571,Karnataka,57,Female,Primary,Government,Student,557799,46483,2,Urban,Yes,No,Yes
2572,Rajasthan,58,Male,Postgraduate,Government,Unemployed,396182,33015,1,Rural,No,Yes,No
2573,Gujarat,55,Female,Postgraduate,Student,Self-employed,1103555,91962,4,Rural,Yes,Yes,Yes
2574,Punjab,53,Female,Primary,Farmer,Student,464245,38687,2,Urban,No,Yes,No
2575,Uttar Pradesh,21,Female,Primary,Business,Employed,1069793,89149,1,Urban,No,Yes,No
2576,Uttar Pradesh,19,Male,Primary,Student,Employed,756708,63059,7,Rural,No,Yes,Yes
2577,Gujarat,66,Female,Secondary,Student,Unemployed,515395,42949,1,Urban,Yes,Yes,No
2578,West Bengal,54,Female,Postgraduate,Business,Unemployed,431192,35932,4,Urban,No,Yes,Yes
2579,Haryana,19,Male,Primary,Government,Employed,633264,52772,8,Urban,Yes,Yes,No
2580,Tamil Nadu,37,Female,Higher Secondary,Healthcare,Student,605053,50421,4,Rural,Yes,No,No
2581,West Bengal,54,Male,Higher Secondary,Student,Student,321175,26764,1,Urban,Yes,No,Yes
2582,Maharashtra,28,Female,Graduate,Teacher,Employed,506121,42176,7,Urban,No,No,No
2583,Delhi,23,Female,Secondary,Private,Unemployed,166544,13878,1,Rural,Yes,No,Yes
2584,Delhi,58,Male,Graduate,Teacher,Employed,341569,28464,2,Urban,No,No,No
2585,Tamil Nadu,22,Male,Secondary,Engineer,Self-employed,863367,71947,1,Rural,Yes,Yes,No
2586,Rajasthan,60,Male,Postgraduate,Business,Unemployed,67279,5606,7,Urban,Yes,No,No
2587,Karnataka,65,Male,Higher Secondary,Farmer,Unemployed,205449,17120,4,Rural,No,No,Yes
2588,West Bengal,34,Female,Secondary,Teacher,Unemployed,595477,49623,3,Urban,Yes,No,No
2589,Gujarat,34,Male,Higher Secondary,Labour,Unemployed,435232,36269,6,Rural,No,No,No
2590,Haryana,30,Female,Higher Secondary,Government,Employed,258629,21552,1,Rural,Yes,No,No
2591,Gujarat,64,Female,Secondary,Labour,Student,586340,48861,1,Urban,Yes,No,Yes
2592,Tamil Nadu,20,Male,Graduate,Labour,Unemployed,312185,26015,4,Rural,No,No,No
2593,Rajasthan,69,Female,Postgraduate,Farmer,Employed,606064,50505,6,Rural,Yes,Yes,Yes
2594,Uttar Pradesh,37,Male,Graduate,Engineer,Employed,202727,16893,8,Urban,Yes,No,No
2595,Haryana,63,Female,Postgraduate,Business,Employed,571672,47639,4,Rural,Yes,No,No
2596,Karnataka,50,Female,Secondary,Business,Student,807225,67268,4,Rural,No,Yes,Yes
2597,Uttar Pradesh,70,Male,Secondary,Business,Unemployed,791824,65985,1,Rural,No,No,No
2598,Delhi,36,Male,Secondary,Government,Student,363301,30275,4,Urban,No,Yes,Yes
2599,Punjab,72,Female,Primary,Labour,Unemployed,466135,38844,6,Rural,No,No,Yes
2600,Rajasthan,57,Female,Secondary,Farmer,Self-employed,601597,50133,7,Rural,No,Yes,No
2601,Gujarat,65,Female,Higher Secondary,Engineer,Self-employed,502837,41903,7,Urban,No,Yes,Yes
2602,Rajasthan,36,Male,Postgraduate,Teacher,Student,575365,47947,8,Rural,No,No,No
2603,Maharashtra,79,Female,Primary,Business,Self-employed,609272,50772,5,Rural,Yes,No,No
2604,Delhi,26,Female,Postgraduate,Government,Self-employed,469596,39133,8,Rural,No,No,No
2605,Rajasthan,52,Male,Graduate,Private,Unemployed,177105,14758,8,Rural,No,Yes,No
2606,Tamil Nadu,26,Female,Higher Secondary,Private,Student,696581,58048,8,Urban,Yes,Yes,No
2607,Rajasthan,68,Female,Higher Secondary,Farmer,Student,154628,12885,5,Rural,No,Yes,No
2608,Haryana,58,Female,Graduate,Student,Self-employed,512335,42694,3,Urban,Yes,Yes,Yes
2609,Tamil Nadu,62,Female,Secondary,Unemployed,Unemployed,437127,36427,2,Urban,No,Yes,Yes
2610,Tamil Nadu,49,Female,Secondary,Student,Self-employed,822998,68583,5,Urban,No,Yes,No
2611,Delhi,77,Female,Secondary,Unemployed,Employed,345705,28808,6,Urban,Yes,Yes,Yes
2612,Gujarat,50,Female,Graduate,Government,Self-employed,646894,53907,4,Urban,No,Yes,No
2613,Punjab,76,Male,Higher Secondary,Government,Student,651454,54287,4,Urban,No,No,Yes
2614,Delhi,75,Female,Secondary,Government,Unemployed,851427,70952,4,Urban,No,Yes,Yes
2615,Maharashtra,79,Female,Graduate,Engineer,Employed,1041475,86789,1,Rural,No,Yes,No
2616,Karnataka,41,Male,Postgraduate,Private,Unemployed,60000,5000,5,Urban,No,No,No
2617,Karnataka,29,Female,Postgraduate,Farmer,Self-employed,478710,39892,4,Urban,No,No,Yes
2618,Punjab,73,Male,Primary,Unemployed,Employed,60000,5000,5,Urban,Yes,Yes,No
2619,West Bengal,65,Female,Primary,Government,Student,812637,67719,1,Urban,Yes,No,Yes
2620,Rajasthan,71,Male,Secondary,Student,Unemployed,714763,59563,4,Rural,Yes,No,Yes
2621,Haryana,63,Male,Higher Secondary,Engineer,Self-employed,180717,15059,2,Rural,No,Yes,No
2622,Rajasthan,74,Female,Graduate,Teacher,Employed,504795,42066,1,Rural,Yes,Yes,Yes
2623,Maharashtra,51,Male,Secondary,Student,Self-employed,60000,5000,4,Rural,Yes,Yes,Yes
2624,Punjab,51,Female,Secondary,Business,Employed,284833,23736,1,Rural,Yes,Yes,No
2625,Tamil Nadu,56,Female,Primary,Business,Student,345242,28770,3,Urban,Yes,Yes,Yes
2626,Tamil Nadu,38,Male,Higher Secondary,Student,Employed,876895,73074,1,Urban,No,Yes,Yes
2627,West Bengal,53,Male,Secondary,Healthcare,Student,620680,51723,8,Rural,Yes,Yes,Yes
2628,Gujarat,61,Male,Secondary,Government,Self-employed,633114,52759,2,Rural,No,Yes,Yes
2629,West Bengal,28,Female,Primary,Unemployed,Employed,343580,28631,1,Urban,No,No,No
2630,Uttar Pradesh,25,Male,Secondary,Engineer,Student,400805,33400,5,Urban,Yes,No,No
2631,Rajasthan,49,Male,Higher Secondary,Farmer,Unemployed,156342,13028,4,Urban,Yes,Yes,Yes
2632,Karnataka,37,Female,Primary,Student,Unemployed,60000,5000,1,Rural,No,Yes,No
2633,Karnataka,33,Female,Primary,Private,Self-employed,681548,56795,7,Urban,Yes,No,No
2634,Karnataka,64,Male,Higher Secondary,Engineer,Unemployed,422997,35249,6,Urban,Yes,No,Yes
2635,Punjab,32,Male,Secondary,Unemployed,Unemployed,528424,44035,1,Urban,No,No,Yes
2636,Gujarat,79,Female,Graduate,Farmer,Self-employed,625870,52155,7,Urban,Yes,No,Yes
2637,Delhi,24,Female,Primary,Student,Self-employed,423138,35261,2,Urban,Yes,No,Yes
2638,Karnataka,41,Male,Postgraduate,Government,Employed,365620,30468,7,Urban,No,No,Yes
2639,Maharashtra,41,Male,Primary,Teacher,Student,633620,52801,1,Rural,Yes,Yes,Yes
2640,Karnataka,41,Male,Primary,Healthcare,Student,836783,69731,8,Rural,Yes,Yes,Yes
2641,Uttar Pradesh,65,Male,Primary,Teacher,Student,515579,42964,4,Urban,Yes,Yes,Yes
2642,Rajasthan,64,Female,Graduate,Healthcare,Student,635850,52987,4,Rural,Yes,Yes,No
2643,Maharashtra,42,Male,Postgraduate,Engineer,Self-employed,483775,40314,4,Urban,Yes,Yes,Yes
2644,Uttar Pradesh,60,Female,Graduate,Farmer,Student,769985,64165,7,Rural,No,Yes,Yes
2645,Tamil Nadu,27,Female,Postgraduate,Healthcare,Employed,456875,38072,6,Urban,Yes,No,Yes
2646,Punjab,20,Female,Primary,Government,Employed,297120,24760,1,Urban,No,No,Yes
2647,Tamil Nadu,31,Female,Postgraduate,Labour,Student,231661,19305,6,Urban,Yes,Yes,No
2648,Delhi,33,Male,Primary,Government,Employed,292053,24337,5,Rural,Yes,No,Yes
2649,Karnataka,78,Male,Graduate,Farmer,Unemployed,690240,57520,5,Rural,No,Yes,No
2650,Maharashtra,65,Female,Primary,Teacher,Unemployed,758778,63231,3,Rural,Yes,Yes,Yes
2651,Delhi,77,Female,Postgraduate,Private,Unemployed,276231,23019,2,Rural,Yes,No,Yes
2652,Punjab,36,Male,Graduate,Engineer,Employed,554044,46170,8,Urban,Yes,No,No
2653,Uttar Pradesh,72,Female,Higher Secondary,Unemployed,Unemployed,124514,10376,5,Rural,Yes,No,Yes
2654,Uttar Pradesh,42,Female,Postgraduate,Labour,Student,1176571,98047,1,Urban,No,Yes,No
2655,Karnataka,32,Male,Graduate,Engineer,Self-employed,578760,48230,8,Urban,No,Yes,No
2656,Punjab,61,Female,Primary,Healthcare,Employed,648050,54004,7,Urban,No,Yes,No
2657,Tamil Nadu,50,Male,Higher Secondary,Private,Student,605056,50421,1,Rural,No,Yes,Yes
2658,Karnataka,53,Female,Primary,Business,Self-employed,450600,37550,4,Urban,Yes,No,No
2659,Punjab,75,Female,Graduate,Teacher,Employed,649667,54138,6,Urban,Yes,No,Yes
2660,Punjab,18,Female,Higher Secondary,Teacher,Self-employed,581377,48448,8,Urban,No,Yes,Yes
2661,West Bengal,22,Male,Secondary,Engineer,Employed,60000,5000,8,Urban,Yes,Yes,No
2662,Rajasthan,30,Female,Primary,Teacher,Employed,483102,40258,4,Urban,No,Yes,No
2663,Karnataka,26,Male,Postgraduate,Labour,Employed,140100,11675,8,Urban,Yes,No,Yes
2664,Gujarat,77,Male,Higher Secondary,Farmer,Student,682022,56835,3,Rural,Yes,Yes,No
2665,Maharashtra,59,Male,Graduate,Student,Student,432885,36073,5,Rural,Yes,Yes,No
2666,Maharashtra,34,Female,Secondary,Unemployed,Employed,60000,5000,8,Rural,Yes,No,Yes
2667,Gujarat,31,Male,Postgraduate,Business,Self-employed,288452,24037,3,Rural,No,Yes,Yes
2668,Uttar Pradesh,51,Female,Higher Secondary,Teacher,Employed,333581,27798,2,Rural,Yes,Yes,No
2669,Delhi,43,Female,Graduate,Teacher,Self-employed,272331,22694,6,Urban,No,No,No
2670,Maharashtra,45,Female,Graduate,Farmer,Self-employed,929793,77482,5,Rural,No,Yes,Yes
2671,Delhi,72,Female,Higher Secondary,Farmer,Unemployed,704697,58724,8,Urban,Yes,Yes,No
2672,Rajasthan,79,Male,Primary,Business,Self-employed,290372,24197,2,Rural,No,Yes,No
2673,Maharashtra,51,Male,Graduate,Business,Employed,483273,40272,4,Urban,No,Yes,Yes
2674,Haryana,43,Male,Higher Secondary,Teacher,Employed,335284,27940,5,Urban,No,Yes,No
2675,Rajasthan,26,Male,Higher Secondary,Student,Self-employed,513926,42827,5,Urban,Yes,Yes,No
2676,Tamil Nadu,51,Female,Secondary,Engineer,Unemployed,575737,47978,8,Urban,Yes,Yes,No
2677,Tamil Nadu,34,Female,Graduate,Unemployed,Unemployed,428110,35675,8,Rural,Yes,Yes,No
2678,Punjab,59,Male,Higher Secondary,Healthcare,Self-employed,598990,49915,4,Urban,No,Yes,No
2679,Tamil Nadu,52,Female,Secondary,Unemployed,Employed,317844,26487,1,Urban,Yes,No,Yes
2680,Karnataka,60,Male,Graduate,Engineer,Student,334183,27848,5,Urban,No,No,Yes
2681,Karnataka,40,Male,Graduate,Engineer,Student,687400,57283,1,Urban,No,No,Yes
2682,Karnataka,64,Female,Graduate,Healthcare,Unemployed,413486,34457,2,Urban,No,No,Yes
2683,Punjab,42,Female,Postgraduate,Farmer,Employed,565827,47152,3,Urban,No,Yes,No
2684,Delhi,45,Female,Higher Secondary,Unemployed,Unemployed,543853,45321,4,Urban,No,Yes,No
2685,Maharashtra,69,Female,Primary,Private,Self-employed,408204,34017,2,Rural,Yes,No,Yes
2686,Maharashtra,18,Female,Higher Secondary,Unemployed,Employed,591534,49294,4,Urban,No,No,No
2687,Rajasthan,37,Female,Postgraduate,Business,Student,951490,79290,1,Rural,Yes,Yes,Yes
2688,Uttar Pradesh,28,Male,Primary,Engineer,Student,228468,19039,3,Urban,No,Yes,No
2689,Tamil Nadu,69,Male,Graduate,Healthcare,Employed,142709,11892,2,Urban,No,No,No
2690,Punjab,70,Male,Higher Secondary,Engineer,Self-employed,662498,55208,7,Urban,No,No,Yes
2691,West Bengal,29,Male,Higher Secondary,Unemployed,Unemployed,116073,9672,4,Rural,No,Yes,Yes
2692,Maharashtra,45,Female,Postgraduate,Farmer,Employed,668375,55697,3,Rural,Yes,No,No
2693,Maharashtra,80,Female,Higher Secondary,Private,Student,940210,78350,3,Urban,Yes,Yes,No
2694,Maharashtra,44,Male,Postgraduate,Private,Self-employed,705693,58807,4,Urban,No,No,Yes
2695,Punjab,59,Male,Primary,Student,Unemployed,358389,29865,8,Urban,No,Yes,No
2696,Karnataka,65,Male,Postgraduate,Unemployed,Self-employed,586203,48850,5,Urban,No,No,No
2697,Maharashtra,73,Female,Secondary,Healthcare,Employed,156732,13061,6,Rural,Yes,Yes,Yes
2698,Rajasthan,57,Female,Higher Secondary,Business,Employed,632456,52704,8,Rural,Yes,No,No
2699,Uttar Pradesh,36,Female,Higher Secondary,Labour,Unemployed,336384,28032,1,Urban,Yes,Yes,No
2700,West Bengal,22,Male,Postgraduate,Farmer,Employed,365037,30419,6,Rural,No,Yes,Yes
2701,Uttar Pradesh,48,Male,Higher Secondary,Private,Employed,542284,45190,6,Urban,Yes,Yes,No
2702,Karnataka,18,Male,Graduate,Teacher,Employed,669128,55760,1,Rural,Yes,No,No
2703,Maharashtra,72,Female,Higher Secondary,Government,Employed,518411,43200,4,Urban,No,No,No
2704,Haryana,41,Male,Higher Secondary,Government,Unemployed,391815,32651,5,Rural,Yes,No,Yes
2705,Haryana,33,Female,Secondary,Business,Self-employed,782461,65205,1,Rural,No,Yes,Yes
2706,Punjab,76,Female,Higher Secondary,Labour,Employed,362861,30238,8,Urban,Yes,No,No
2707,Karnataka,44,Female,Graduate,Healthcare,Employed,588181,49015,7,Urban,No,Yes,Yes
2708,Karnataka,43,Female,Graduate,Farmer,Employed,483187,40265,3,Rural,Yes,No,Yes
2709,Tamil Nadu,22,Female,Primary,Farmer,Student,513852,42821,3,Rural,Yes,No,Yes
2710,Uttar Pradesh,27,Male,Secondary,Teacher,Unemployed,508828,42402,2,Urban,No,Yes,Yes
2711,Maharashtra,38,Female,Higher Secondary,Labour,Student,665279,55439,5,Urban,Yes,No,No
2712,Tamil Nadu,55,Male,Secondary,Student,Student,445287,37107,3,Urban,No,Yes,Yes
2713,Uttar Pradesh,42,Female,Higher Secondary,Engineer,Self-employed,148290,12357,5,Urban,Yes,No,Yes
2714,Haryana,25,Female,Primary,Healthcare,Self-employed,427747,35645,6,Urban,No,No,No
2715,Haryana,42,Male,Postgraduate,Engineer,Student,360059,30004,3,Urban,No,No,No
2716,West Bengal,34,Male,Postgraduate,Labour,Self-employed,536042,44670,8,Urban,No,No,No
2717,Tamil Nadu,72,Female,Primary,Business,Employed,735477,61289,6,Rural,Yes,Yes,Yes
2718,Gujarat,80,Female,Postgraduate,Government,Self-employed,248930,20744,7,Rural,No,No,Yes
2719,Tamil Nadu,54,Male,Primary,Farmer,Self-employed,315362,26280,3,Rural,No,No,No
2720,Uttar Pradesh,72,Female,Secondary,Government,Unemployed,550819,45901,1,Rural,No,Yes,Yes
2721,Maharashtra,38,Female,Primary,Unemployed,Unemployed,671332,55944,8,Urban,No,No,Yes
2722,Delhi,26,Female,Graduate,Farmer,Employed,509952,42496,1,Urban,No,No,Yes
2723,Delhi,30,Male,Primary,Teacher,Employed,449494,37457,5,Urban,Yes,No,Yes
2724,Uttar Pradesh,56,Female,Postgraduate,Government,Unemployed,542931,45244,6,Urban,No,Yes,Yes
2725,Gujarat,51,Female,Graduate,Unemployed,Unemployed,657031,54752,8,Urban,Yes,No,Yes
2726,Delhi,55,Male,Secondary,Private,Employed,500998,41749,3,Rural,Yes,Yes,No
2727,Karnataka,21,Male,Postgraduate,Government,Employed,603709,50309,2,Urban,Yes,No,No
2728,Delhi,59,Female,Graduate,Government,Student,578617,48218,4,Rural,No,Yes,Yes
2729,Punjab,20,Male,Primary,Farmer,Employed,513974,42831,6,Urban,Yes,No,No
2730,Tamil Nadu,75,Female,Graduate,Labour,Student,447623,37301,3,Rural,No,Yes,No
2731,Karnataka,40,Female,Postgraduate,Unemployed,Employed,509460,42455,7,Urban,Yes,No,No
2732,Delhi,77,Male,Secondary,Unemployed,Employed,98403,8200,3,Urban,No,Yes,No
2733,West Bengal,57,Male,Postgraduate,Healthcare,Student,675621,56301,7,Urban,Yes,No,Yes
2734,Delhi,60,Female,Postgraduate,Business,Self-employed,378558,31546,6,Rural,Yes,Yes,Yes
2735,Tamil Nadu,57,Female,Graduate,Private,Student,60000,5000,1,Urban,Yes,Yes,No
2736,West Bengal,38,Female,Secondary,Business,Unemployed,723511,60292,3,Urban,No,No,No
2737,Tamil Nadu,28,Male,Primary,Private,Self-employed,254474,21206,5,Urban,Yes,No,No
2738,Tamil Nadu,71,Female,Primary,Student,Unemployed,539062,44921,7,Urban,No,No,Yes
2739,West Bengal,49,Female,Primary,Unemployed,Unemployed,263589,21965,2,Rural,No,No,No
2740,Maharashtra,80,Male,Postgraduate,Teacher,Employed,426407,35533,6,Urban,Yes,No,No
2741,West Bengal,69,Female,Graduate,Labour,Student,60000,5000,8,Rural,Yes,No,No
2742,Tamil Nadu,51,Male,Postgraduate,Teacher,Student,139659,11638,2,Urban,Yes,Yes,Yes
2743,Karnataka,33,Female,Secondary,Unemployed,Employed,706819,58901,5,Urban,Yes,No,Yes
2744,Maharashtra,57,Female,Higher Secondary,Government,Employed,639010,53250,6,Rural,No,Yes,Yes
2745,Karnataka,47,Male,Primary,Government,Unemployed,837904,69825,1,Urban,Yes,Yes,No
2746,Uttar Pradesh,47,Female,Higher Secondary,Labour,Self-employed,846723,70560,6,Rural,No,Yes,No
2747,Delhi,46,Female,Primary,Private,Unemployed,827169,68930,1,Rural,Yes,Yes,Yes
2748,West Bengal,34,Male,Higher Secondary,Unemployed,Self-employed,434360,36196,2,Rural,No,No,Yes
2749,Rajasthan,75,Female,Postgraduate,Private,Employed,596787,49732,6,Urban,Yes,Yes,No
2750,Uttar Pradesh,18,Female,Postgraduate,Unemployed,Self-employed,784345,65362,6,Rural,No,No,No
2751,Punjab,29,Female,Secondary,Engineer,Unemployed,639169,53264,8,Rural,Yes,Yes,No
2752,Haryana,62,Male,Secondary,Healthcare,Unemployed,448518,37376,4,Urban,No,No,Yes
2753,Delhi,47,Male,Secondary,Government,Student,580249,48354,7,Urban,Yes,Yes,No
2754,Haryana,68,Male,Primary,Teacher,Student,478166,39847,4,Urban,No,No,Yes
2755,Maharashtra,46,Female,Graduate,Private,Employed,350121,29176,1,Rural,No,No,No
2756,Rajasthan,79,Female,Primary,Unemployed,Student,774579,64548,8,Urban,Yes,Yes,No
2757,Delhi,31,Female,Postgraduate,Student,Unemployed,658162,54846,7,Rural,Yes,Yes,Yes
2758,Maharashtra,65,Male,Secondary,Labour,Self-employed,794498,66208,4,Urban,Yes,Yes,No
2759,Punjab,35,Male,Postgraduate,Farmer,Self-employed,698561,58213,4,Rural,No,No,No
2760,Delhi,72,Male,Higher Secondary,Unemployed,Unemployed,827040,68920,3,Rural,No,No,No
2761,Maharashtra,19,Female,Graduate,Healthcare,Student,336841,28070,6,Rural,Yes,Yes,No
2762,Karnataka,66,Male,Graduate,Teacher,Unemployed,728111,60675,6,Rural,No,Yes,No
2763,Rajasthan,40,Male,Secondary,Government,Self-employed,655830,54652,1,Rural,Yes,No,Yes
2764,Tamil Nadu,71,Male,Higher Secondary,Engineer,Student,314857,26238,4,Urban,No,Yes,No
2765,Delhi,67,Female,Postgraduate,Labour,Unemployed,191473,15956,4,Urban,No,No,Yes
2766,Gujarat,41,Female,Graduate,Farmer,Employed,373454,31121,6,Urban,Yes,Yes,No
2767,Rajasthan,25,Female,Higher Secondary,Unemployed,Self-employed,842954,70246,5,Rural,Yes,No,Yes
2768,Tamil Nadu,48,Male,Postgraduate,Teacher,Employed,520025,43335,2,Urban,No,Yes,No
2769,Gujarat,61,Female,Secondary,Labour,Employed,364533,30377,2,Urban,No,No,No
2770,West Bengal,27,Male,Higher Secondary,Government,Self-employed,947946,78995,2,Rural,No,No,Yes
2771,Punjab,69,Male,Secondary,Teacher,Employed,351470,29289,5,Urban,No,No,Yes
2772,Punjab,36,Male,Primary,Teacher,Unemployed,544237,45353,5,Urban,Yes,No,Yes
2773,Tamil Nadu,64,Male,Graduate,Farmer,Employed,351339,29278,2,Rural,No,Yes,No
2774,West Bengal,19,Female,Postgraduate,Government,Self-employed,565807,47150,8,Rural,Yes,Yes,Yes
2775,Uttar Pradesh,19,Female,Primary,Teacher,Unemployed,441130,36760,8,Rural,Yes,No,No
2776,Rajasthan,27,Female,Higher Secondary,Engineer,Unemployed,776883,64740,1,Urban,Yes,No,Yes
2777,Uttar Pradesh,80,Male,Secondary,Private,Employed,514519,42876,3,Rural,No,No,Yes
2778,Haryana,71,Male,Postgraduate,Engineer,Unemployed,683391,56949,1,Rural,Yes,Yes,No
2779,Uttar Pradesh,56,Male,Higher Secondary,Farmer,Employed,223909,18659,8,Urban,Yes,No,Yes
2780,Uttar Pradesh,69,Female,Primary,Student,Unemployed,544466,45372,6,Urban,Yes,No,Yes
2781,Maharashtra,40,Female,Postgraduate,Private,Unemployed,1049161,87430,2,Rural,No,No,No
2782,Uttar Pradesh,46,Male,Secondary,Student,Unemployed,604648,50387,7,Urban,Yes,No,No
2783,Haryana,56,Male,Secondary,Teacher,Employed,424284,35357,2,Urban,No,Yes,No
2784,Karnataka,76,Female,Graduate,Healthcare,Employed,382770,31897,2,Rural,Yes,No,Yes
2785,Gujarat,23,Female,Primary,Healthcare,Employed,788477,65706,2,Rural,Yes,Yes,No
2786,Haryana,47,Female,Secondary,Farmer,Employed,340497,28374,2,Urban,No,No,No
2787,Gujarat,33,Male,Higher Secondary,Teacher,Self-employed,358456,29871,8,Urban,Yes,No,No
2788,West Bengal,38,Male,Higher Secondary,Business,Unemployed,312776,26064,1,Rural,No,No,Yes
2789,West Bengal,22,Male,Higher Secondary,Student,Self-employed,642560,53546,6,Rural,No,No,Yes
2790,Gujarat,63,Male,Graduate,Private,Student,154441,12870,3,Rural,No,No,Yes
2791,Delhi,65,Male,Postgraduate,Government,Student,274930,22910,6,Rural,No,No,No
2792,Punjab,31,Male,Secondary,Labour,Unemployed,127838,10653,1,Urban,Yes,No,No
2793,Uttar Pradesh,37,Female,Primary,Labour,Employed,301597,25133,7,Urban,No,Yes,Yes
2794,Maharashtra,63,Female,Secondary,Healthcare,Unemployed,470057,39171,8,Urban,Yes,No,Yes
2795,Haryana,42,Male,Graduate,Farmer,Unemployed,200043,16670,3,Urban,Yes,Yes,Yes
2796,Maharashtra,75,Male,Graduate,Labour,Employed,555303,46275,1,Rural,Yes,Yes,No
2797,Maharashtra,76,Male,Secondary,Teacher,Unemployed,345064,28755,7,Rural,No,Yes,Yes
2798,Karnataka,44,Female,Secondary,Farmer,Self-employed,1337119,111426,7,Rural,Yes,No,No
2799,Punjab,58,Female,Postgraduate,Student,Unemployed,376591,31382,4,Urban,No,No,No
2800,Uttar Pradesh,51,Female,Secondary,Labour,Employed,507264,42272,6,Rural,Yes,Yes,Yes
2801,Rajasthan,69,Male,Higher Secondary,Private,Unemployed,818124,68177,4,Urban,No,No,Yes
2802,Karnataka,28,Male,Graduate,Healthcare,Self-employed,715053,59587,7,Rural,Yes,No,Yes
2803,Punjab,46,Female,Secondary,Labour,Unemployed,95564,7963,4,Urban,Yes,Yes,No
2804,Maharashtra,37,Female,Postgraduate,Business,Self-employed,354641,29553,7,Urban,No,Yes,Yes
2805,Gujarat,44,Male,Secondary,Private,Unemployed,93713,7809,4,Rural,No,Yes,No
2806,Maharashtra,51,Male,Primary,Student,Employed,889297,74108,1,Rural,No,Yes,No
2807,Uttar Pradesh,53,Female,Secondary,Unemployed,Employed,280849,23404,2,Urban,No,No,Yes
2808,Tamil Nadu,36,Male,Primary,Engineer,Self-employed,603643,50303,1,Rural,No,Yes,No
2809,Rajasthan,30,Male,Higher Secondary,Healthcare,Student,428345,35695,7,Rural,No,Yes,Yes
2810,Rajasthan,42,Female,Postgraduate,Labour,Self-employed,549759,45813,5,Urban,No,Yes,Yes
2811,Haryana,66,Male,Postgraduate,Healthcare,Self-employed,702339,58528,5,Rural,No,Yes,No
2812,Haryana,68,Female,Secondary,Unemployed,Employed,731198,60933,6,Urban,No,Yes,Yes
2813,Delhi,59,Female,Graduate,Unemployed,Unemployed,953226,79435,2,Urban,No,No,Yes
2814,Punjab,28,Female,Secondary,Farmer,Self-employed,364410,30367,3,Urban,Yes,Yes,Yes
2815,Punjab,25,Male,Primary,Labour,Student,609755,50812,4,Rural,Yes,Yes,No
2816,West Bengal,74,Male,Secondary,Government,Unemployed,207464,17288,1,Rural,Yes,Yes,No
2817,Tamil Nadu,38,Male,Higher Secondary,Business,Self-employed,438003,36500,1,Urban,Yes,No,Yes
2818,West Bengal,62,Male,Primary,Engineer,Employed,928678,77389,5,Rural,Yes,Yes,Yes
2819,Punjab,20,Male,Graduate,Farmer,Self-employed,740141,61678,5,Urban,Yes,No,No
2820,West Bengal,51,Female,Graduate,Unemployed,Unemployed,567447,47287,4,Rural,Yes,No,Yes
2821,Gujarat,46,Female,Primary,Teacher,Unemployed,484031,40335,5,Rural,Yes,No,Yes
2822,Gujarat,56,Male,Postgraduate,Engineer,Employed,896225,74685,5,Urban,Yes,Yes,No
2823,Karnataka,67,Male,Postgraduate,Farmer,Unemployed,600967,50080,8,Rural,Yes,Yes,No
2824,Tamil Nadu,75,Male,Graduate,Business,Unemployed,784317,65359,6,Urban,No,No,Yes
2825,Maharashtra,65,Male,Graduate,Teacher,Student,820537,68378,6,Urban,Yes,Yes,Yes
2826,Karnataka,72,Male,Graduate,Private,Self-employed,60000,5000,1,Rural,No,No,Yes
2827,Gujarat,41,Male,Graduate,Teacher,Employed,1014446,84537,7,Rural,No,No,Yes
2828,Karnataka,57,Female,Secondary,Government,Employed,60000,5000,1,Urban,No,No,Yes
2829,Rajasthan,40,Male,Graduate,Unemployed,Employed,459567,38297,1,Rural,Yes,Yes,Yes
2830,Delhi,76,Female,Postgraduate,Teacher,Student,506776,42231,3,Rural,Yes,Yes,Yes
2831,Rajasthan,20,Male,Primary,Labour,Self-employed,476055,39671,7,Urban,No,No,No
2832,Karnataka,26,Female,Postgraduate,Engineer,Unemployed,644783,53731,7,Urban,No,No,Yes
2833,Punjab,73,Male,Postgraduate,Private,Student,422777,35231,7,Urban,Yes,No,Yes
2834,Tamil Nadu,69,Male,Primary,Student,Self-employed,666746,55562,6,Rural,No,No,No
2835,Tamil Nadu,68,Female,Secondary,Healthcare,Employed,587143,48928,2,Urban,Yes,Yes,Yes
2836,Haryana,80,Female,Secondary,Farmer,Unemployed,323113,26926,7,Rural,No,No,Yes
2837,Tamil Nadu,28,Female,Graduate,Farmer,Employed,943401,78616,8,Rural,Yes,Yes,No
2838,Tamil Nadu,68,Male,Secondary,Business,Unemployed,526774,43897,6,Urban,No,Yes,No
2839,Gujarat,70,Male,Primary,Labour,Unemployed,309045,25753,6,Urban,Yes,Yes,No
2840,Maharashtra,53,Female,Graduate,Farmer,Self-employed,779849,64987,3,Urban,No,Yes,Yes
2841,Karnataka,68,Male,Higher Secondary,Student,Unemployed,756880,63073,5,Urban,Yes,Yes,No
2842,Tamil Nadu,31,Male,Postgraduate,Private,Self-employed,121566,10130,4,Rural,No,Yes,Yes
2843,Maharashtra,45,Female,Graduate,Private,Self-employed,806298,67191,6,Rural,Yes,Yes,Yes
2844,Gujarat,55,Male,Postgraduate,Private,Unemployed,239910,19992,1,Urban,Yes,No,No
2845,Tamil Nadu,60,Female,Secondary,Unemployed,Student,617005,51417,7,Urban,No,No,Yes
2846,West Bengal,78,Male,Postgraduate,Engineer,Employed,681706,56808,1,Urban,No,Yes,Yes
2847,Punjab,32,Female,Secondary,Farmer,Employed,603933,50327,4,Urban,No,Yes,No
2848,Uttar Pradesh,49,Male,Secondary,Farmer,Unemployed,437143,36428,1,Urban,Yes,No,No
2849,West Bengal,68,Female,Primary,Business,Student,833374,69447,4,Urban,No,Yes,Yes
2850,West Bengal,25,Male,Higher Secondary,Healthcare,Unemployed,627189,52265,6,Rural,Yes,Yes,Yes
2851,Karnataka,52,Male,Higher Secondary,Government,Unemployed,627103,52258,8,Rural,No,No,No
2852,Haryana,40,Female,Graduate,Unemployed,Employed,88036,7336,8,Rural,Yes,No,No
2853,Karnataka,28,Male,Primary,Healthcare,Self-employed,673728,56144,2,Urban,No,No,No
2854,Punjab,73,Male,Higher Secondary,Farmer,Employed,956516,79709,3,Urban,Yes,No,No
2855,Karnataka,43,Male,Primary,Unemployed,Unemployed,405920,33826,1,Urban,Yes,No,Yes
2856,Rajasthan,58,Male,Postgraduate,Government,Unemployed,60000,5000,2,Urban,Yes,Yes,Yes
2857,Gujarat,25,Male,Postgraduate,Student,Self-employed,492736,41061,7,Urban,No,Yes,No
2858,Uttar Pradesh,18,Male,Postgraduate,Student,Self-employed,510488,42540,3,Rural,No,No,No
2859,Rajasthan,29,Female,Postgraduate,Private,Student,371182,30931,3,Urban,Yes,No,No
2860,Gujarat,26,Male,Graduate,Government,Self-employed,162383,13531,3,Rural,Yes,No,No
2861,Delhi,77,Female,Secondary,Student,Unemployed,405703,33808,1,Rural,No,Yes,Yes
2862,Rajasthan,52,Female,Primary,Private,Student,332586,27715,8,Urban,Yes,No,No
2863,Haryana,54,Female,Postgraduate,Private,Student,144576,12048,1,Rural,Yes,No,No
2864,Maharashtra,35,Male,Secondary,Farmer,Student,60000,5000,4,Rural,Yes,Yes,Yes
2865,Rajasthan,25,Male,Primary,Labour,Student,332834,27736,7,Urban,Yes,Yes,No
2866,Punjab,20,Male,Postgraduate,Engineer,Unemployed,432340,36028,3,Urban,No,Yes,No
2867,Uttar Pradesh,76,Female,Higher Secondary,Private,Student,627137,52261,1,Urban,Yes,No,No
2868,West Bengal,72,Female,Higher Secondary,Government,Employed,656371,54697,4,Urban,No,No,No
2869,Punjab,76,Female,Graduate,Business,Unemployed,581400,48450,2,Urban,Yes,Yes,Yes
2870,West Bengal,20,Male,Secondary,Engineer,Student,797348,66445,4,Urban,No,No,No
2871,Karnataka,22,Male,Graduate,Farmer,Self-employed,277504,23125,8,Urban,No,Yes,Yes
2872,Tamil Nadu,38,Female,Primary,Government,Employed,349632,29136,3,Rural,No,Yes,No
2873,Maharashtra,29,Female,Secondary,Engineer,Employed,941370,78447,8,Rural,Yes,No,Yes
2874,West Bengal,70,Male,Primary,Labour,Student,60000,5000,6,Urban,Yes,No,Yes
2875,Maharashtra,19,Female,Primary,Healthcare,Unemployed,212600,17716,1,Rural,Yes,No,No
2876,Delhi,39,Male,Higher Secondary,Labour,Employed,388291,32357,5,Urban,Yes,Yes,Yes
2877,Karnataka,34,Female,Primary,Government,Employed,134125,11177,5,Rural,Yes,Yes,Yes
2878,Delhi,56,Male,Postgraduate,Government,Employed,403647,33637,5,Urban,Yes,No,No
2879,West Bengal,74,Male,Postgraduate,Farmer,Student,500742,41728,2,Urban,Yes,No,No
2880,Haryana,70,Male,Secondary,Private,Employed,928380,77365,1,Rural,No,No,No
2881,Haryana,63,Male,Higher Secondary,Business,Employed,638923,53243,1,Rural,Yes,No,No
2882,Delhi,29,Female,Secondary,Unemployed,Employed,256269,21355,2,Urban,No,Yes,Yes
2883,Rajasthan,77,Male,Primary,Labour,Unemployed,608785,50732,3,Urban,Yes,Yes,Yes
2884,Karnataka,73,Female,Graduate,Labour,Employed,728370,60697,7,Rural,Yes,Yes,Yes
2885,Karnataka,63,Male,Secondary,Private,Employed,813919,67826,7,Urban,No,No,Yes
2886,Maharashtra,62,Male,Graduate,Private,Student,571159,47596,3,Urban,No,No,No
2887,Delhi,53,Female,Postgraduate,Private,Employed,342569,28547,8,Urban,No,Yes,Yes
2888,Delhi,56,Male,Primary,Private,Self-employed,296202,24683,5,Rural,No,Yes,Yes
2889,Uttar Pradesh,73,Female,Secondary,Student,Employed,238438,19869,7,Urban,No,No,Yes
2890,Uttar Pradesh,79,Male,Graduate,Labour,Unemployed,389861,32488,1,Rural,Yes,No,Yes
2891,Karnataka,30,Female,Graduate,Student,Employed,322542,26878,1,Urban,No,No,No
2892,Gujarat,40,Female,Secondary,Private,Student,244447,20370,8,Urban,Yes,Yes,No
2893,Karnataka,55,Male,Secondary,Private,Unemployed,803203,66933,3,Urban,No,No,Yes
2894,Punjab,49,Female,Higher Secondary,Labour,Self-employed,68597,5716,2,Rural,Yes,No,No
2895,West Bengal,70,Male,Graduate,Business,Unemployed,278446,23203,7,Urban,Yes,Yes,Yes
2896,Tamil Nadu,41,Female,Graduate,Student,Employed,60000,5000,2,Urban,No,No,No
2897,Karnataka,71,Male,Graduate,Engineer,Unemployed,339046,28253,2,Urban,Yes,No,Yes
2898,Haryana,28,Female,Graduate,Farmer,Employed,196756,16396,1,Rural,Yes,No,Yes
2899,Punjab,69,Female,Primary,Unemployed,Student,358620,29885,7,Rural,Yes,Yes,Yes
2900,Delhi,56,Female,Higher Secondary,Private,Employed,493818,41151,8,Rural,Yes,No,No
2901,Punjab,80,Female,Graduate,Farmer,Self-employed,589323,49110,1,Urban,Yes,No,Yes
2902,Maharashtra,72,Female,Higher Secondary,Healthcare,Student,1224060,102005,2,Urban,Yes,Yes,No
2903,Haryana,21,Male,Higher Secondary,Healthcare,Unemployed,253685,21140,2,Urban,Yes,Yes,No
2904,Punjab,73,Female,Higher Secondary,Student,Self-employed,268738,22394,1,Rural,No,Yes,No
2905,Gujarat,75,Male,Postgraduate,Private,Self-employed,561126,46760,2,Rural,No,No,Yes
2906,Uttar Pradesh,70,Female,Higher Secondary,Healthcare,Employed,660779,55064,6,Rural,No,Yes,Yes
2907,West Bengal,61,Female,Higher Secondary,Unemployed,Unemployed,666720,55560,4,Urban,No,Yes,No
2908,Punjab,61,Female,Higher Secondary,Private,Employed,391781,32648,3,Rural,Yes,No,No
2909,Tamil Nadu,65,Female,Secondary,Engineer,Unemployed,620917,51743,1,Urban,No,No,No
2910,Delhi,48,Male,Secondary,Student,Student,608284,50690,8,Rural,Yes,No,Yes
2911,Uttar Pradesh,66,Male,Higher Secondary,Government,Unemployed,495898,41324,1,Rural,Yes,No,Yes
2912,Gujarat,30,Male,Higher Secondary,Labour,Employed,147322,12276,8,Rural,Yes,No,Yes
2913,Delhi,62,Male,Higher Secondary,Farmer,Self-employed,529820,44151,7,Rural,No,Yes,No
2914,Rajasthan,56,Male,Secondary,Engineer,Unemployed,715281,59606,7,Urban,Yes,Yes,Yes
2915,Maharashtra,58,Female,Secondary,Teacher,Student,513801,42816,5,Rural,No,Yes,Yes
2916,Gujarat,45,Female,Postgraduate,Farmer,Student,590127,49177,5,Urban,No,Yes,No
2917,Maharashtra,27,Female,Higher Secondary,Labour,Self-employed,290121,24176,5,Rural,Yes,Yes,No
2918,Punjab,69,Male,Higher Secondary,Farmer,Employed,812990,67749,2,Urban,Yes,No,No
2919,Uttar Pradesh,29,Male,Graduate,Farmer,Self-employed,589721,49143,1,Rural,No,Yes,No
2920,Tamil Nadu,18,Male,Graduate,Healthcare,Student,403861,33655,2,Urban,Yes,No,Yes
2921,Delhi,55,Female,Primary,Healthcare,Unemployed,312905,26075,2,Urban,No,Yes,No
2922,Uttar Pradesh,55,Female,Postgraduate,Engineer,Self-employed,60000,5000,4,Urban,No,No,Yes
2923,Rajasthan,29,Female,Postgraduate,Private,Employed,644318,53693,7,Urban,Yes,No,No
2924,Delhi,75,Male,Primary,Government,Self-employed,599267,49938,8,Urban,No,Yes,No
2925,Delhi,21,Female,Secondary,Business,Self-employed,458393,38199,7,Rural,No,No,Yes
2926,Maharashtra,20,Female,Primary,Teacher,Self-employed,224684,18723,8,Urban,No,No,Yes
2927,Rajasthan,18,Male,Graduate,Teacher,Self-employed,202769,16897,5,Rural,No,No,No
2928,Karnataka,74,Female,Higher Secondary,Private,Self-employed,694933,57911,5,Urban,Yes,No,Yes
2929,Rajasthan,49,Male,Secondary,Engineer,Unemployed,250798,20899,2,Rural,No,Yes,No
2930,Karnataka,71,Male,Graduate,Engineer,Unemployed,338351,28195,4,Urban,No,Yes,Yes
2931,Gujarat,66,Female,Primary,Farmer,Student,262839,21903,8,Urban,Yes,No,Yes
2932,Gujarat,26,Female,Primary,Student,Employed,561265,46772,1,Urban,Yes,No,Yes
2933,Haryana,28,Male,Secondary,Farmer,Unemployed,60000,5000,3,Urban,No,Yes,Yes
2934,Haryana,44,Male,Higher Secondary,Labour,Employed,727785,60648,5,Urban,Yes,No,Yes
2935,Karnataka,65,Male,Postgraduate,Unemployed,Unemployed,713464,59455,6,Urban,No,No,Yes
2936,West Bengal,26,Female,Postgraduate,Labour,Self-employed,736883,61406,7,Rural,Yes,Yes,Yes
2937,Gujarat,49,Male,Graduate,Teacher,Unemployed,771629,64302,7,Rural,Yes,No,Yes
2938,Uttar Pradesh,29,Male,Postgraduate,Government,Employed,869233,72436,8,Urban,No,Yes,Yes
2939,Gujarat,71,Male,Graduate,Government,Student,576694,48057,7,Rural,Yes,No,No
2940,Rajasthan,74,Male,Primary,Labour,Unemployed,650755,54229,6,Rural,No,Yes,No
2941,Delhi,31,Male,Postgraduate,Student,Employed,429774,35814,6,Urban,No,No,Yes
2942,Karnataka,73,Male,Postgraduate,Labour,Employed,265060,22088,7,Urban,Yes,Yes,Yes
2943,Uttar Pradesh,48,Female,Postgraduate,Farmer,Self-employed,60000,5000,8,Urban,Yes,No,Yes
2944,Tamil Nadu,73,Male,Primary,Private,Unemployed,914071,76172,5,Urban,Yes,Yes,Yes
2945,Uttar Pradesh,51,Male,Postgraduate,Teacher,Student,227374,18947,3,Urban,Yes,No,No
2946,Delhi,52,Male,Higher Secondary,Government,Student,701523,58460,8,Rural,Yes,Yes,Yes
2947,Rajasthan,22,Male,Postgraduate,Healthcare,Employed,438401,36533,5,Rural,Yes,Yes,No
2948,Karnataka,72,Male,Secondary,Unemployed,Self-employed,907509,75625,1,Rural,Yes,No,No
2949,Uttar Pradesh,54,Female,Postgraduate,Unemployed,Unemployed,316598,26383,4,Rural,No,Yes,No
2950,Punjab,51,Male,Graduate,Labour,Employed,280147,23345,5,Urban,Yes,No,No
2951,Gujarat,69,Female,Secondary,Business,Self-employed,676272,56356,5,Urban,Yes,Yes,Yes
2952,West Bengal,49,Female,Primary,Government,Self-employed,359693,29974,8,Urban,No,Yes,Yes
2953,Maharashtra,56,Female,Higher Secondary,Business,Unemployed,432486,36040,8,Urban,Yes,No,Yes
2954,Maharashtra,75,Female,Graduate,Student,Student,446292,37191,2,Rural,No,Yes,Yes
2955,Delhi,44,Female,Higher Secondary,Student,Employed,678310,56525,4,Rural,Yes,No,Yes
2956,Punjab,46,Female,Postgraduate,Farmer,Student,496875,41406,4,Rural,Yes,No,Yes
2957,Haryana,31,Female,Higher Secondary,Business,Unemployed,784870,65405,7,Rural,Yes,Yes,Yes
2958,Maharashtra,73,Male,Postgraduate,Business,Student,722253,60187,1,Urban,Yes,Yes,No
2959,Punjab,35,Female,Higher Secondary,Private,Student,595730,49644,6,Rural,No,No,No
2960,Punjab,59,Male,Higher Secondary,Labour,Employed,434576,36214,4,Rural,Yes,No,No
2961,West Bengal,60,Male,Secondary,Farmer,Employed,238895,19907,8,Rural,Yes,No,No
2962,Karnataka,18,Female,Postgraduate,Government,Unemployed,620087,51673,5,Urban,Yes,Yes,No
2963,Tamil Nadu,21,Female,Higher Secondary,Government,Employed,629417,52451,8,Urban,Yes,No,No
2964,West Bengal,74,Male,Postgraduate,Student,Unemployed,743895,61991,3,Rural,No,No,Yes
2965,Uttar Pradesh,31,Male,Higher Secondary,Healthcare,Unemployed,505671,42139,2,Urban,No,Yes,Yes
2966,Tamil Nadu,63,Male,Postgraduate,Business,Employed,458546,38212,3,Urban,No,Yes,No
2967,Punjab,49,Female,Primary,Private,Self-employed,1003881,83656,1,Urban,No,Yes,No
2968,West Bengal,26,Female,Secondary,Business,Self-employed,682072,56839,5,Urban,No,Yes,Yes
2969,Punjab,49,Female,Primary,Healthcare,Employed,327680,27306,5,Urban,Yes,Yes,No
2970,Punjab,79,Male,Secondary,Labour,Student,175498,14624,1,Urban,No,Yes,No
2971,Uttar Pradesh,25,Female,Graduate,Business,Student,291865,24322,7,Rural,No,No,No
2972,Haryana,71,Female,Graduate,Unemployed,Unemployed,407571,33964,5,Urban,No,No,Yes
2973,Karnataka,27,Female,Secondary,Engineer,Self-employed,766054,63837,6,Urban,No,Yes,Yes
2974,Tamil Nadu,20,Male,Higher Secondary,Labour,Employed,781606,65133,5,Urban,No,No,No
2975,Delhi,72,Male,Primary,Teacher,Employed,227022,18918,8,Rural,No,Yes,Yes
2976,Uttar Pradesh,68,Female,Secondary,Government,Unemployed,899979,74998,6,Rural,Yes,Yes,No
2977,Uttar Pradesh,27,Female,Graduate,Engineer,Employed,158633,13219,7,Rural,Yes,Yes,Yes
2978,Karnataka,22,Male,Graduate,Teacher,Unemployed,421679,35139,7,Urban,No,Yes,Yes
2979,Tamil Nadu,57,Female,Primary,Unemployed,Employed,431620,35968,6,Rural,Yes,No,No
2980,Tamil Nadu,66,Female,Secondary,Healthcare,Employed,692956,57746,6,Rural,No,No,Yes
2981,Rajasthan,62,Male,Primary,Farmer,Self-employed,300872,25072,2,Urban,Yes,Yes,No
2982,Haryana,59,Female,Higher Secondary,Labour,Self-employed,499024,41585,6,Rural,No,No,No
2983,Delhi,44,Male,Primary,Labour,Student,213930,17827,6,Urban,Yes,Yes,Yes
2984,West Bengal,47,Female,Postgraduate,Government,Unemployed,403046,33587,6,Urban,No,Yes,No
2985,Maharashtra,18,Male,Graduate,Labour,Student,982128,81844,8,Urban,Yes,Yes,Yes
2986,Gujarat,80,Female,Postgraduate,Private,Unemployed,556504,46375,7,Rural,Yes,No,No
2987,Delhi,76,Male,Higher Secondary,Engineer,Self-employed,482524,40210,7,Rural,Yes,No,No
2988,Gujarat,50,Male,Postgraduate,Engineer,Student,60000,5000,2,Rural,No,Yes,Yes
2989,Uttar Pradesh,59,Male,Postgraduate,Engineer,Employed,283638,23636,8,Rural,Yes,No,No
2990,Rajasthan,28,Male,Postgraduate,Teacher,Unemployed,240735,20061,7,Urban,Yes,No,No
2991,Maharashtra,50,Female,Graduate,Teacher,Self-employed,511598,42633,2,Rural,No,No,Yes
2992,Delhi,41,Male,Secondary,Farmer,Student,513224,42768,6,Urban,No,Yes,No
2993,Punjab,67,Male,Higher Secondary,Engineer,Unemployed,347181,28931,6,Rural,No,Yes,No
2994,Tamil Nadu,33,Female,Higher Secondary,Unemployed,Unemployed,468380,39031,3,Urban,Yes,Yes,No
2995,Gujarat,42,Male,Graduate,Labour,Unemployed,302520,25210,3,Rural,No,No,No
2996,Karnataka,27,Female,Higher Secondary,Labour,Student,392808,32734,6,Urban,Yes,No,Yes
2997,West Bengal,61,Female,Postgraduate,Government,Employed,328471,27372,8,Urban,Yes,No,No
2998,Gujarat,52,Male,Primary,Teacher,Self-employed,389895,32491,8,Urban,No,No,Yes
2999,Gujarat,32,Female,Secondary,Unemployed,Unemployed,452458,37704,8,Rural,Yes,No,No
3000,Delhi,30,Male,Graduate,Healthcare,Employed,649998,54166,4,Rural,No,No,Yes
3001,Rajasthan,45,Male,Higher Secondary,Labour,Self-employed,715441,59620,1,Rural,No,Yes,No
3002,Rajasthan,59,Male,Secondary,Private,Self-employed,988776,82398,4,Urban,Yes,Yes,Yes
3003,Uttar Pradesh,19,Male,Graduate,Teacher,Student,140147,11678,8,Urban,Yes,Yes,Yes
3004,Rajasthan,48,Female,Higher Secondary,Business,Self-employed,610915,50909,4,Rural,Yes,Yes,Yes
3005,Maharashtra,61,Male,Primary,Engineer,Self-employed,60000,5000,5,Rural,No,Yes,No
3006,Uttar Pradesh,52,Female,Primary,Government,Self-employed,444397,37033,1,Rural,No,No,No
3007,Uttar Pradesh,23,Male,Secondary,Unemployed,Self-employed,60000,5000,7,Rural,Yes,No,Yes
3008,Punjab,51,Female,Primary,Farmer,Employed,794878,66239,5,Urban,Yes,No,No
3009,Punjab,46,Female,Graduate,Farmer,Employed,222053,18504,3,Urban,Yes,No,No
3010,Maharashtra,32,Male,Secondary,Government,Employed,489781,40815,2,Urban,No,No,Yes
3011,Tamil Nadu,19,Male,Postgraduate,Teacher,Student,233082,19423,2,Rural,No,No,No
3012,Punjab,39,Female,Secondary,Engineer,Self-employed,744771,62064,3,Urban,No,Yes,Yes
3013,Delhi,70,Male,Higher Secondary,Private,Employed,248577,20714,2,Urban,Yes,Yes,No
3014,West Bengal,50,Female,Higher Secondary,Student,Self-employed,305601,25466,3,Rural,Yes,No,Yes
3015,Punjab,61,Female,Higher Secondary,Engineer,Student,852854,71071,8,Rural,Yes,Yes,No
3016,Rajasthan,26,Female,Postgraduate,Healthcare,Employed,381149,31762,2,Rural,No,No,Yes
3017,Punjab,42,Male,Secondary,Teacher,Self-employed,358805,29900,6,Rural,Yes,Yes,No
3018,Karnataka,42,Female,Primary,Business,Self-employed,368615,30717,4,Rural,No,Yes,No
3019,Rajasthan,34,Male,Graduate,Healthcare,Self-employed,60000,5000,2,Urban,Yes,Yes,Yes
3020,Delhi,18,Male,Primary,Farmer,Self-employed,127449,10620,1,Rural,No,No,No
3021,Rajasthan,19,Female,Secondary,Private,Self-employed,580260,48355,4,Rural,Yes,No,No
3022,West Bengal,78,Male,Higher Secondary,Engineer,Unemployed,601418,50118,4,Urban,Yes,Yes,No
3023,Uttar Pradesh,69,Female,Secondary,Government,Student,565811,47150,5,Urban,Yes,No,No
3024,Haryana,50,Male,Secondary,Private,Self-employed,918315,76526,7,Urban,No,Yes,No
3025,Tamil Nadu,54,Female,Graduate,Healthcare,Student,393809,32817,1,Urban,Yes,Yes,Yes
3026,Tamil Nadu,46,Male,Primary,Engineer,Student,502924,41910,1,Rural,No,No,No
3027,West Bengal,66,Female,Postgraduate,Business,Employed,667635,55636,3,Rural,No,No,Yes
3028,Maharashtra,45,Male,Secondary,Healthcare,Employed,620942,51745,1,Rural,No,No,Yes
3029,Punjab,31,Male,Secondary,Teacher,Self-employed,659219,54934,6,Urban,No,No,Yes
3030,West Bengal,38,Female,Secondary,Business,Self-employed,496645,41387,2,Rural,No,No,Yes
3031,West Bengal,27,Male,Graduate,Student,Unemployed,726157,60513,5,Rural,Yes,No,Yes
3032,Haryana,28,Female,Postgraduate,Farmer,Student,293587,24465,1,Rural,Yes,No,Yes
3033,Rajasthan,60,Male,Postgraduate,Teacher,Student,893658,74471,4,Urban,No,Yes,Yes
3034,Haryana,34,Female,Primary,Government,Unemployed,559425,46618,6,Urban,No,Yes,No
3035,Punjab,33,Male,Postgraduate,Healthcare,Student,327660,27305,5,Urban,No,Yes,Yes
3036,Karnataka,40,Male,Higher Secondary,Teacher,Employed,698396,58199,8,Rural,No,Yes,Yes
3037,Punjab,52,Male,Graduate,Private,Self-employed,260069,21672,2,Urban,Yes,Yes,Yes
3038,Gujarat,63,Male,Higher Secondary,Government,Self-employed,603799,50316,7,Urban,No,Yes,No
3039,Maharashtra,24,Female,Secondary,Business,Student,451012,37584,2,Rural,No,Yes,Yes
3040,Punjab,79,Female,Secondary,Farmer,Self-employed,389979,32498,2,Urban,Yes,No,Yes
3041,Tamil Nadu,67,Female,Higher Secondary,Student,Unemployed,414241,34520,8,Rural,Yes,No,No
3042,West Bengal,39,Female,Postgraduate,Teacher,Employed,203165,16930,1,Rural,No,Yes,Yes
3043,Karnataka,50,Male,Secondary,Unemployed,Employed,201515,16792,8,Urban,No,No,No
3044,Rajasthan,35,Female,Higher Secondary,Student,Unemployed,526322,43860,5,Rural,Yes,Yes,No
3045,Uttar Pradesh,70,Female,Higher Secondary,Private,Self-employed,630633,52552,1,Urban,Yes,Yes,No
3046,Delhi,80,Male,Graduate,Unemployed,Unemployed,1049801,87483,6,Rural,Yes,Yes,Yes
3047,West Bengal,30,Female,Primary,Business,Unemployed,267044,22253,4,Rural,Yes,No,Yes
3048,Uttar Pradesh,56,Female,Secondary,Healthcare,Self-employed,549227,45768,4,Urban,Yes,No,No
3049,West Bengal,75,Female,Postgraduate,Engineer,Student,919427,76618,6,Rural,Yes,Yes,Yes
3050,Punjab,21,Female,Primary,Engineer,Employed,787919,65659,3,Urban,Yes,No,Yes
3051,Maharashtra,75,Male,Secondary,Business,Student,384914,32076,3,Rural,Yes,Yes,Yes
3052,Rajasthan,18,Male,Postgraduate,Government,Student,936971,78080,3,Urban,No,No,Yes
3053,West Bengal,25,Male,Secondary,Engineer,Self-employed,239269,19939,8,Rural,No,Yes,No
3054,Haryana,68,Female,Postgraduate,Private,Employed,325677,27139,4,Urban,No,Yes,No
3055,Tamil Nadu,57,Male,Higher Secondary,Student,Student,318602,26550,4,Urban,Yes,Yes,Yes
3056,Maharashtra,57,Male,Higher Secondary,Healthcare,Employed,780348,65029,1,Urban,Yes,Yes,Yes
3057,Haryana,60,Male,Secondary,Private,Employed,629911,52492,5,Urban,Yes,Yes,Yes
3058,Haryana,32,Female,Secondary,Labour,Self-employed,333654,27804,6,Rural,Yes,No,Yes
3059,Gujarat,79,Female,Higher Secondary,Farmer,Self-employed,412533,34377,7,Urban,Yes,Yes,Yes
3060,Rajasthan,71,Female,Graduate,Private,Unemployed,346292,28857,1,Rural,Yes,Yes,No
3061,Gujarat,21,Male,Primary,Farmer,Unemployed,409922,34160,2,Rural,No,Yes,Yes
3062,West Bengal,63,Female,Higher Secondary,Unemployed,Employed,334183,27848,8,Rural,No,Yes,Yes
3063,Uttar Pradesh,21,Female,Higher Secondary,Engineer,Student,608236,50686,1,Rural,No,No,No
3064,Gujarat,47,Female,Primary,Government,Employed,155524,12960,7,Urban,Yes,No,Yes
3065,Maharashtra,55,Female,Postgraduate,Labour,Unemployed,1232758,102729,8,Rural,Yes,No,Yes
3066,Gujarat,64,Male,Secondary,Teacher,Self-employed,644633,53719,8,Urban,No,Yes,Yes
3067,Maharashtra,32,Male,Postgraduate,Healthcare,Student,612600,51050,1,Urban,Yes,Yes,Yes
3068,Delhi,73,Female,Postgraduate,Healthcare,Self-employed,1138141,94845,6,Urban,Yes,No,Yes
3069,Tamil Nadu,79,Male,Higher Secondary,Farmer,Student,684187,57015,4,Rural,No,Yes,Yes
3070,Rajasthan,48,Male,Secondary,Unemployed,Self-employed,805743,67145,6,Rural,No,No,No
3071,Delhi,73,Male,Graduate,Engineer,Employed,683171,56930,8,Urban,Yes,No,No
3072,West Bengal,51,Male,Primary,Unemployed,Student,506395,42199,2,Urban,No,Yes,No
3073,Punjab,27,Female,Postgraduate,Private,Student,211300,17608,8,Rural,Yes,No,No
3074,West Bengal,72,Male,Primary,Labour,Student,528380,44031,1,Urban,Yes,Yes,Yes
3075,Maharashtra,54,Male,Secondary,Student,Employed,354893,29574,1,Urban,No,Yes,Yes
3076,Gujarat,26,Female,Postgraduate,Business,Student,709097,59091,7,Urban,No,Yes,No
3077,West Bengal,48,Male,Graduate,Labour,Self-employed,815048,67920,3,Rural,No,Yes,Yes
3078,Uttar Pradesh,62,Male,Graduate,Unemployed,Student,442522,36876,3,Rural,Yes,Yes,Yes
3079,Haryana,25,Male,Graduate,Business,Self-employed,455413,37951,5,Urban,No,Yes,Yes
3080,Maharashtra,36,Male,Postgraduate,Farmer,Self-employed,348887,29073,8,Rural,Yes,No,No
3081,Delhi,27,Male,Secondary,Government,Student,502066,41838,1,Rural,No,Yes,No
3082,Tamil Nadu,35,Female,Graduate,Engineer,Unemployed,208336,17361,2,Urban,No,No,Yes
3083,Haryana,34,Female,Secondary,Teacher,Self-employed,442233,36852,5,Urban,No,No,No
3084,Punjab,23,Female,Primary,Unemployed,Student,590965,49247,6,Rural,No,Yes,Yes
3085,Haryana,72,Male,Postgraduate,Teacher,Self-employed,243597,20299,2,Urban,No,No,Yes
3086,Karnataka,32,Male,Secondary,Farmer,Self-employed,752647,62720,1,Rural,No,Yes,No
3087,Tamil Nadu,75,Female,Higher Secondary,Unemployed,Unemployed,602774,50231,6,Urban,Yes,No,Yes
3088,Maharashtra,40,Male,Higher Secondary,Business,Student,533353,44446,1,Rural,Yes,No,No
3089,West Bengal,42,Male,Postgraduate,Farmer,Employed,598885,49907,4,Rural,Yes,Yes,No
3090,Tamil Nadu,71,Female,Higher Secondary,Government,Employed,416209,34684,1,Rural,Yes,No,Yes
3091,Punjab,46,Male,Postgraduate,Labour,Unemployed,455411,37950,1,Urban,No,Yes,No
3092,Delhi,58,Male,Secondary,Engineer,Unemployed,635588,52965,5,Rural,No,No,Yes
3093,Gujarat,46,Male,Secondary,Government,Employed,249878,20823,3,Rural,Yes,No,No
3094,Maharashtra,21,Male,Graduate,Farmer,Employed,644337,53694,7,Urban,Yes,No,No
3095,Maharashtra,35,Male,Higher Secondary,Private,Unemployed,141992,11832,1,Rural,No,Yes,No
3096,Maharashtra,18,Female,Graduate,Engineer,Self-employed,799762,66646,6,Urban,No,Yes,No
3097,Gujarat,34,Female,Graduate,Government,Self-employed,580959,48413,3,Urban,No,No,No
3098,Maharashtra,60,Male,Graduate,Labour,Employed,249928,20827,7,Rural,No,No,No
3099,Tamil Nadu,31,Female,Primary,Farmer,Student,656197,54683,1,Rural,No,No,No
3100,Delhi,18,Male,Graduate,Farmer,Employed,131528,10960,3,Urban,Yes,Yes,Yes
3101,Karnataka,65,Male,Higher Secondary,Healthcare,Student,740850,61737,8,Urban,Yes,Yes,Yes
3102,Maharashtra,41,Male,Higher Secondary,Private,Unemployed,492252,41021,5,Rural,Yes,No,Yes
3103,West Bengal,28,Male,Graduate,Unemployed,Unemployed,905916,75493,8,Rural,No,Yes,No
3104,Haryana,27,Female,Graduate,Healthcare,Unemployed,591217,49268,7,Rural,Yes,Yes,Yes
3105,West Bengal,26,Male,Graduate,Business,Employed,570158,47513,3,Urban,No,Yes,No
3106,West Bengal,49,Male,Graduate,Business,Unemployed,324297,27024,3,Urban,No,Yes,Yes
3107,Gujarat,59,Female,Secondary,Healthcare,Unemployed,489947,40828,1,Urban,Yes,No,Yes
3108,Karnataka,46,Female,Secondary,Government,Employed,442057,36838,4,Urban,Yes,Yes,Yes
3109,Maharashtra,73,Male,Postgraduate,Private,Student,692660,57721,2,Urban,No,No,Yes
3110,Punjab,54,Female,Graduate,Teacher,Self-employed,266753,22229,4,Urban,No,No,No
3111,Punjab,42,Female,Primary,Student,Unemployed,190451,15870,7,Urban,Yes,No,No
3112,Gujarat,73,Female,Graduate,Engineer,Self-employed,376959,31413,7,Urban,No,No,No
3113,Rajasthan,32,Female,Postgraduate,Healthcare,Self-employed,546168,45514,5,Rural,No,No,No
3114,Tamil Nadu,57,Female,Secondary,Engineer,Student,837211,69767,5,Urban,Yes,Yes,Yes
3115,Maharashtra,42,Male,Postgraduate,Unemployed,Self-employed,276756,23063,1,Rural,Yes,No,Yes
3116,Gujarat,36,Female,Postgraduate,Labour,Employed,433888,36157,5,Rural,Yes,Yes,No
3117,Maharashtra,64,Female,Graduate,Healthcare,Employed,528389,44032,3,Urban,Yes,No,Yes
3118,Maharashtra,47,Female,Secondary,Healthcare,Self-employed,240543,20045,2,Rural,No,Yes,Yes
3119,Tamil Nadu,67,Female,Higher Secondary,Teacher,Self-employed,286556,23879,8,Rural,No,No,No
3120,Delhi,45,Female,Secondary,Labour,Unemployed,582539,48544,5,Rural,Yes,Yes,No
3121,Punjab,57,Male,Postgraduate,Private,Unemployed,576821,48068,8,Urban,Yes,No,No
3122,Karnataka,33,Male,Higher Secondary,Private,Employed,694514,57876,8,Rural,Yes,No,Yes
3123,Uttar Pradesh,79,Male,Higher Secondary,Farmer,Self-employed,483816,40318,1,Rural,No,Yes,No
3124,Punjab,45,Female,Postgraduate,Business,Unemployed,425961,35496,5,Rural,No,Yes,Yes
3125,Tamil Nadu,76,Male,Higher Secondary,Labour,Employed,512608,42717,1,Rural,Yes,Yes,No
3126,West Bengal,62,Female,Higher Secondary,Teacher,Self-employed,760736,63394,1,Urban,No,Yes,Yes
3127,Tamil Nadu,35,Male,Primary,Business,Self-employed,812513,67709,3,Rural,No,No,No
3128,West Bengal,58,Female,Secondary,Engineer,Self-employed,357727,29810,7,Urban,Yes,Yes,Yes
3129,Haryana,51,Female,Higher Secondary,Farmer,Self-employed,782534,65211,4,Rural,No,No,No
3130,West Bengal,27,Male,Secondary,Unemployed,Employed,390343,32528,4,Rural,No,No,No
3131,West Bengal,65,Female,Postgraduate,Government,Self-employed,549407,45783,3,Urban,Yes,Yes,No
3132,Karnataka,52,Female,Primary,Labour,Student,209868,17489,1,Urban,Yes,Yes,Yes
3133,Rajasthan,75,Male,Graduate,Teacher,Self-employed,217493,18124,1,Urban,No,Yes,No
3134,Haryana,42,Male,Primary,Healthcare,Unemployed,340025,28335,3,Rural,Yes,Yes,Yes
3135,West Bengal,37,Male,Postgraduate,Student,Student,228197,19016,5,Rural,Yes,Yes,No
3136,Punjab,37,Female,Primary,Engineer,Unemployed,803062,66921,2,Rural,Yes,No,No
3137,Karnataka,25,Male,Primary,Farmer,Student,867029,72252,1,Rural,Yes,Yes,Yes
3138,Punjab,60,Female,Postgraduate,Labour,Self-employed,279143,23261,7,Urban,Yes,No,Yes
3139,Tamil Nadu,79,Male,Higher Secondary,Private,Unemployed,1129321,94110,4,Urban,Yes,No,No
3140,Delhi,72,Female,Postgraduate,Business,Unemployed,908899,75741,7,Urban,No,Yes,Yes
3141,Karnataka,65,Female,Primary,Government,Self-employed,706467,58872,2,Urban,Yes,No,Yes
3142,Rajasthan,55,Male,Secondary,Unemployed,Employed,413536,34461,5,Rural,Yes,No,No
3143,Uttar Pradesh,72,Male,Postgraduate,Teacher,Employed,236433,19702,1,Urban,No,No,No
3144,Uttar Pradesh,20,Male,Primary,Labour,Employed,851526,70960,5,Rural,No,Yes,Yes
3145,Gujarat,25,Male,Postgraduate,Teacher,Unemployed,465198,38766,8,Urban,No,Yes,No
3146,Karnataka,25,Male,Secondary,Student,Employed,323398,26949,8,Rural,Yes,Yes,No
3147,Karnataka,36,Male,Higher Secondary,Teacher,Employed,704019,58668,4,Rural,Yes,Yes,No
3148,Tamil Nadu,59,Male,Higher Secondary,Farmer,Student,675790,56315,6,Urban,Yes,No,No
3149,Tamil Nadu,30,Female,Graduate,Government,Employed,801550,66795,8,Rural,Yes,No,Yes
3150,Tamil Nadu,74,Female,Higher Secondary,Business,Student,60000,5000,3,Rural,No,No,Yes
3151,Gujarat,60,Female,Graduate,Farmer,Student,248176,20681,1,Rural,Yes,Yes,No
3152,Delhi,77,Male,Primary,Private,Self-employed,1082713,90226,5,Urban,Yes,Yes,Yes
3153,Haryana,32,Female,Higher Secondary,Unemployed,Student,289363,24113,8,Urban,No,Yes,Yes
3154,Maharashtra,65,Female,Primary,Private,Unemployed,620939,51744,4,Urban,Yes,No,No
3155,Delhi,26,Male,Secondary,Student,Employed,344372,28697,6,Urban,Yes,No,No
3156,Tamil Nadu,40,Female,Graduate,Unemployed,Student,808728,67394,5,Rural,No,No,No
3157,Gujarat,59,Female,Higher Secondary,Healthcare,Unemployed,949599,79133,4,Rural,Yes,No,No
3158,Delhi,30,Male,Graduate,Engineer,Student,405222,33768,2,Urban,No,No,Yes
3159,Rajasthan,47,Female,Primary,Engineer,Unemployed,477937,39828,3,Urban,Yes,No,No
3160,Gujarat,76,Female,Higher Secondary,Private,Unemployed,535929,44660,3,Rural,No,Yes,No
3161,Delhi,70,Female,Postgraduate,Business,Student,457018,38084,8,Rural,Yes,No,Yes
3162,Tamil Nadu,21,Male,Primary,Farmer,Self-employed,465872,38822,5,Rural,Yes,No,Yes
3163,Gujarat,19,Male,Postgraduate,Business,Employed,1106773,92231,4,Urban,No,Yes,Yes
3164,West Bengal,36,Male,Graduate,Government,Employed,634123,52843,3,Urban,Yes,No,No
3165,Tamil Nadu,19,Female,Higher Secondary,Teacher,Unemployed,562906,46908,6,Urban,No,Yes,No
3166,Gujarat,53,Male,Postgraduate,Business,Self-employed,98107,8175,4,Urban,Yes,No,Yes
3167,Punjab,77,Female,Graduate,Farmer,Employed,348885,29073,2,Rural,Yes,No,Yes
3168,Delhi,37,Male,Higher Secondary,Healthcare,Student,563224,46935,5,Urban,No,No,No
3169,Delhi,25,Male,Primary,Business,Student,700591,58382,6,Urban,No,No,No
3170,Uttar Pradesh,23,Female,Graduate,Business,Unemployed,775975,64664,5,Rural,Yes,Yes,Yes
3171,Tamil Nadu,22,Male,Graduate,Business,Student,383170,31930,4,Urban,No,Yes,Yes
3172,Karnataka,44,Female,Postgraduate,Student,Self-employed,248750,20729,4,Rural,No,Yes,No
3173,Maharashtra,31,Male,Graduate,Farmer,Unemployed,429590,35799,4,Urban,No,No,No
3174,Haryana,75,Male,Graduate,Student,Employed,252137,21011,7,Urban,No,Yes,Yes
3175,Punjab,21,Female,Secondary,Unemployed,Self-employed,222206,18517,5,Urban,Yes,Yes,No
3176,Haryana,62,Female,Secondary,Teacher,Employed,559368,46614,5,Urban,Yes,Yes,No
3177,West Bengal,78,Male,Postgraduate,Farmer,Student,709577,59131,7,Urban,No,No,Yes
3178,Tamil Nadu,68,Female,Postgraduate,Engineer,Student,870437,72536,7,Urban,Yes,No,Yes
3179,Rajasthan,26,Male,Postgraduate,Healthcare,Unemployed,322822,26901,3,Urban,Yes,No,Yes
3180,Haryana,35,Male,Primary,Private,Student,551759,45979,6,Rural,Yes,No,No
3181,Maharashtra,53,Female,Graduate,Labour,Employed,356794,29732,3,Rural,Yes,No,Yes
3182,Rajasthan,49,Female,Graduate,Farmer,Self-employed,60000,5000,8,Rural,No,Yes,Yes
3183,Punjab,45,Female,Higher Secondary,Farmer,Student,529384,44115,5,Urban,No,Yes,Yes
3184,Uttar Pradesh,59,Male,Postgraduate,Unemployed,Employed,980412,81701,1,Rural,Yes,Yes,Yes
3185,Gujarat,20,Male,Secondary,Unemployed,Employed,514276,42856,8,Rural,Yes,No,Yes
3186,Rajasthan,66,Female,Postgraduate,Healthcare,Student,219736,18311,3,Urban,No,Yes,No
3187,West Bengal,27,Male,Secondary,Teacher,Student,622213,51851,8,Rural,No,No,No
3188,Punjab,25,Male,Higher Secondary,Student,Employed,495251,41270,5,Urban,No,Yes,No
3189,Karnataka,31,Male,Graduate,Engineer,Unemployed,728112,60676,7,Rural,No,Yes,No
3190,Rajasthan,28,Male,Postgraduate,Labour,Student,386094,32174,4,Urban,Yes,No,Yes
3191,West Bengal,78,Male,Graduate,Business,Self-employed,608923,50743,8,Urban,No,Yes,No
3192,Haryana,56,Female,Graduate,Farmer,Employed,275884,22990,8,Urban,Yes,No,Yes
3193,Uttar Pradesh,54,Male,Primary,Student,Unemployed,266427,22202,6,Rural,Yes,No,No
3194,West Bengal,60,Male,Higher Secondary,Unemployed,Self-employed,644784,53732,7,Urban,Yes,Yes,No
3195,Delhi,56,Female,Higher Secondary,Business,Student,605025,50418,8,Urban,Yes,Yes,Yes
3196,Gujarat,62,Male,Primary,Farmer,Employed,743856,61988,2,Rural,No,Yes,No
3197,Karnataka,65,Male,Primary,Teacher,Employed,825930,68827,4,Urban,No,Yes,No
3198,West Bengal,35,Male,Primary,Farmer,Employed,405291,33774,8,Urban,No,Yes,Yes
3199,Tamil Nadu,58,Male,Postgraduate,Government,Employed,575029,47919,6,Urban,Yes,Yes,Yes
3200,Haryana,37,Male,Graduate,Government,Student,605793,50482,2,Urban,Yes,No,No
3201,Tamil Nadu,67,Male,Secondary,Private,Self-employed,406252,33854,1,Urban,No,Yes,No
3202,Punjab,38,Male,Graduate,Private,Unemployed,332075,27672,7,Urban,Yes,Yes,Yes
3203,Tamil Nadu,24,Female,Higher Secondary,Labour,Student,510345,42528,2,Urban,No,Yes,No
3204,Rajasthan,69,Male,Primary,Unemployed,Self-employed,448079,37339,6,Rural,Yes,Yes,No
3205,Karnataka,74,Male,Graduate,Business,Self-employed,783799,65316,3,Urban,No,Yes,Yes
3206,Punjab,34,Male,Postgraduate,Teacher,Student,467945,38995,6,Urban,Yes,Yes,No
3207,Gujarat,41,Female,Postgraduate,Teacher,Self-employed,419018,34918,8,Rural,Yes,Yes,No
3208,Maharashtra,26,Female,Higher Secondary,Engineer,Self-employed,590138,49178,6,Urban,Yes,No,Yes
3209,Rajasthan,68,Female,Graduate,Teacher,Employed,818012,68167,2,Rural,No,Yes,No
3210,Uttar Pradesh,27,Male,Secondary,Unemployed,Self-employed,656493,54707,5,Urban,No,No,No
3211,Delhi,20,Male,Secondary,Student,Unemployed,328317,27359,8,Urban,No,No,Yes
3212,Punjab,31,Male,Secondary,Business,Student,381417,31784,1,Rural,Yes,No,Yes
3213,Tamil Nadu,26,Male,Graduate,Unemployed,Self-employed,1010900,84241,4,Rural,No,No,No
3214,Karnataka,53,Female,Higher Secondary,Government,Student,879555,73296,4,Rural,Yes,No,Yes
3215,Delhi,42,Male,Higher Secondary,Farmer,Unemployed,323223,26935,7,Urban,Yes,Yes,Yes
3216,Rajasthan,48,Male,Higher Secondary,Teacher,Unemployed,221597,18466,4,Urban,Yes,Yes,Yes
3217,Karnataka,72,Female,Primary,Engineer,Student,82467,6872,6,Rural,No,No,No
3218,Karnataka,35,Female,Higher Secondary,Business,Employed,273171,22764,4,Rural,Yes,Yes,No
3219,Maharashtra,55,Male,Graduate,Business,Self-employed,578487,48207,3,Urban,Yes,Yes,Yes
3220,Tamil Nadu,61,Female,Graduate,Engineer,Employed,392927,32743,6,Urban,Yes,No,No
3221,Tamil Nadu,75,Female,Graduate,Business,Student,60000,5000,6,Rural,Yes,Yes,Yes
3222,Uttar Pradesh,44,Female,Secondary,Government,Employed,311553,25962,7,Rural,No,Yes,No
3223,Punjab,37,Female,Secondary,Healthcare,Self-employed,368025,30668,3,Urban,No,No,Yes
3224,Karnataka,48,Female,Graduate,Engineer,Employed,293776,24481,8,Rural,No,Yes,No
3225,West Bengal,33,Male,Postgraduate,Teacher,Employed,993396,82783,7,Rural,Yes,No,No
3226,Punjab,76,Male,Primary,Labour,Self-employed,154080,12840,4,Rural,No,No,Yes
3227,Maharashtra,47,Female,Postgraduate,Labour,Self-employed,761693,63474,7,Rural,No,Yes,Yes
3228,Punjab,70,Female,Primary,Government,Unemployed,237674,19806,3,Rural,No,Yes,Yes
3229,West Bengal,49,Male,Graduate,Private,Student,521112,43426,3,Urban,Yes,Yes,Yes
3230,West Bengal,42,Male,Secondary,Private,Self-employed,840853,70071,4,Urban,Yes,No,No
3231,Punjab,55,Male,Postgraduate,Government,Unemployed,528330,44027,1,Rural,Yes,No,Yes
3232,Maharashtra,72,Male,Primary,Farmer,Student,723550,60295,2,Urban,No,Yes,No
3233,Gujarat,57,Male,Postgraduate,Labour,Employed,291931,24327,8,Rural,No,No,No
3234,Uttar Pradesh,35,Female,Postgraduate,Farmer,Unemployed,518904,43242,8,Rural,No,Yes,No
3235,West Bengal,78,Female,Postgraduate,Business,Employed,562024,46835,3,Urban,Yes,Yes,Yes
3236,Maharashtra,50,Male,Secondary,Private,Employed,347202,28933,5,Urban,No,No,Yes
3237,West Bengal,21,Female,Secondary,Farmer,Student,1097993,91499,2,Rural,No,Yes,No
3238,Maharashtra,68,Male,Graduate,Government,Self-employed,420306,35025,3,Rural,Yes,Yes,Yes
3239,Punjab,50,Female,Primary,Healthcare,Employed,930188,77515,4,Urban,Yes,Yes,No
3240,Gujarat,32,Female,Secondary,Engineer,Self-employed,495270,41272,6,Urban,No,No,No
3241,Delhi,43,Male,Secondary,Student,Unemployed,858714,71559,2,Rural,Yes,Yes,No
3242,Delhi,52,Female,Postgraduate,Teacher,Unemployed,534918,44576,3,Urban,Yes,No,No
3243,Maharashtra,54,Female,Primary,Unemployed,Student,411840,34320,1,Urban,No,Yes,No
3244,Tamil Nadu,35,Male,Postgraduate,Farmer,Employed,425774,35481,1,Rural,No,Yes,Yes
3245,Punjab,64,Female,Postgraduate,Private,Employed,60000,5000,5,Rural,Yes,No,No
3246,Gujarat,70,Male,Postgraduate,Teacher,Employed,977938,81494,6,Rural,No,Yes,Yes
3247,Delhi,50,Male,Higher Secondary,Business,Unemployed,470093,39174,7,Rural,Yes,Yes,No
3248,Rajasthan,47,Male,Primary,Engineer,Self-employed,340699,28391,8,Rural,Yes,Yes,Yes
3249,Gujarat,23,Male,Postgraduate,Government,Employed,632494,52707,1,Rural,No,Yes,Yes
3250,Karnataka,71,Female,Postgraduate,Student,Self-employed,746351,62195,3,Rural,No,Yes,Yes
3251,Haryana,20,Male,Higher Secondary,Engineer,Employed,560022,46668,2,Urban,No,No,Yes
3252,Rajasthan,42,Male,Secondary,Private,Unemployed,318581,26548,8,Urban,Yes,Yes,No
3253,Gujarat,70,Female,Postgraduate,Private,Employed,230065,19172,7,Urban,No,Yes,Yes
3254,Punjab,18,Female,Primary,Government,Student,547304,45608,3,Urban,Yes,No,Yes
3255,Rajasthan,54,Female,Higher Secondary,Business,Unemployed,599502,49958,8,Urban,No,No,No
3256,West Bengal,54,Male,Postgraduate,Labour,Unemployed,595814,49651,6,Rural,Yes,No,No
3257,West Bengal,73,Female,Higher Secondary,Student,Employed,363539,30294,8,Urban,No,No,No
3258,Karnataka,80,Female,Graduate,Labour,Employed,538259,44854,4,Urban,Yes,Yes,No
3259,West Bengal,40,Female,Primary,Private,Employed,178122,14843,6,Rural,Yes,Yes,No
3260,Delhi,46,Male,Graduate,Business,Employed,507136,42261,7,Rural,No,Yes,No
3261,Rajasthan,56,Female,Postgraduate,Unemployed,Employed,236362,19696,7,Urban,No,No,No
3262,Rajasthan,70,Male,Graduate,Engineer,Student,434937,36244,4,Urban,No,Yes,No
3263,Gujarat,53,Female,Postgraduate,Unemployed,Self-employed,395043,32920,1,Urban,No,Yes,Yes
3264,Maharashtra,42,Female,Primary,Farmer,Student,435458,36288,2,Urban,Yes,No,Yes
3265,West Bengal,36,Female,Primary,Government,Student,493486,41123,3,Rural,No,Yes,Yes
3266,Uttar Pradesh,65,Male,Postgraduate,Private,Self-employed,961456,80121,8,Rural,Yes,No,No
3267,Gujarat,23,Female,Graduate,Labour,Unemployed,194244,16187,7,Rural,Yes,Yes,Yes
3268,Karnataka,21,Female,Primary,Labour,Unemployed,251938,20994,1,Urban,No,Yes,Yes
3269,Delhi,45,Male,Higher Secondary,Healthcare,Self-employed,325129,27094,2,Rural,No,No,No
3270,Karnataka,41,Male,Secondary,Healthcare,Unemployed,184216,15351,8,Urban,Yes,Yes,Yes
3271,Haryana,35,Male,Primary,Farmer,Employed,551119,45926,2,Rural,Yes,Yes,Yes
3272,Karnataka,79,Male,Higher Secondary,Unemployed,Unemployed,819717,68309,4,Rural,No,No,Yes
3273,Uttar Pradesh,25,Female,Primary,Business,Self-employed,525048,43754,5,Rural,No,No,No
3274,Punjab,22,Female,Graduate,Engineer,Unemployed,265811,22150,5,Urban,Yes,Yes,Yes
3275,Haryana,68,Male,Postgraduate,Healthcare,Student,180547,15045,7,Urban,No,Yes,Yes
3276,Gujarat,46,Female,Secondary,Farmer,Student,908518,75709,2,Rural,No,No,No
3277,Tamil Nadu,60,Female,Higher Secondary,Government,Unemployed,919649,76637,5,Rural,No,Yes,Yes
3278,Delhi,50,Male,Graduate,Healthcare,Unemployed,218403,18200,7,Rural,Yes,Yes,No
3279,Uttar Pradesh,40,Male,Higher Secondary,Healthcare,Student,282588,23549,6,Urban,No,Yes,Yes
3280,West Bengal,73,Male,Secondary,Business,Self-employed,932228,77685,8,Urban,Yes,Yes,No
3281,Punjab,23,Female,Secondary,Teacher,Self-employed,249644,20803,4,Rural,No,No,Yes
3282,Delhi,35,Male,Primary,Farmer,Employed,525760,43813,5,Rural,Yes,No,No
3283,Haryana,62,Male,Higher Secondary,Student,Student,117270,9772,1,Urban,Yes,No,Yes
3284,Haryana,28,Female,Secondary,Business,Employed,648620,54051,1,Urban,No,Yes,No
3285,Rajasthan,34,Male,Secondary,Government,Self-employed,709949,59162,1,Urban,No,No,No
3286,Uttar Pradesh,69,Male,Primary,Government,Self-employed,305059,25421,8,Urban,Yes,No,Yes
3287,Haryana,60,Male,Primary,Private,Self-employed,423494,35291,4,Rural,No,Yes,Yes
3288,Uttar Pradesh,41,Female,Higher Secondary,Healthcare,Self-employed,112639,9386,3,Rural,No,Yes,No
3289,Gujarat,48,Male,Higher Secondary,Private,Self-employed,367613,30634,3,Rural,Yes,No,Yes
3290,Tamil Nadu,39,Male,Higher Secondary,Farmer,Employed,124950,10412,4,Urban,No,Yes,Yes
3291,Haryana,44,Male,Secondary,Labour,Student,736671,61389,8,Urban,Yes,No,No
3292,Karnataka,38,Male,Secondary,Student,Unemployed,697989,58165,6,Urban,No,No,Yes
3293,Punjab,77,Male,Graduate,Teacher,Self-employed,458674,38222,4,Rural,Yes,Yes,Yes
3294,Delhi,57,Female,Higher Secondary,Labour,Self-employed,494617,41218,4,Urban,No,No,No
3295,West Bengal,32,Male,Secondary,Labour,Employed,566468,47205,8,Urban,Yes,Yes,No
3296,Karnataka,43,Male,Graduate,Farmer,Employed,386659,32221,4,Urban,No,No,Yes
3297,Uttar Pradesh,71,Male,Secondary,Healthcare,Unemployed,942503,78541,5,Urban,No,Yes,Yes
3298,Tamil Nadu,75,Female,Primary,Private,Employed,468095,39007,6,Rural,Yes,Yes,Yes
3299,Karnataka,75,Female,Primary,Teacher,Employed,338073,28172,5,Urban,Yes,No,Yes
3300,Tamil Nadu,71,Female,Primary,Student,Unemployed,117142,9761,7,Urban,Yes,No,No
3301,Tamil Nadu,37,Male,Primary,Engineer,Student,342883,28573,4,Urban,No,Yes,Yes
3302,West Bengal,19,Male,Graduate,Farmer,Unemployed,376040,31336,6,Rural,Yes,Yes,No
3303,Delhi,37,Male,Primary,Labour,Unemployed,522151,43512,8,Rural,No,Yes,No
3304,Delhi,52,Male,Postgraduate,Engineer,Student,543956,45329,6,Rural,No,No,Yes
3305,Gujarat,65,Female,Primary,Government,Employed,417608,34800,8,Urban,Yes,Yes,No
3306,Punjab,58,Male,Graduate,Engineer,Unemployed,795389,66282,2,Urban,No,No,No
3307,West Bengal,35,Male,Graduate,Teacher,Employed,424644,35387,2,Rural,Yes,Yes,No
3308,Gujarat,24,Male,Graduate,Unemployed,Unemployed,639535,53294,4,Urban,Yes,Yes,No
3309,Rajasthan,58,Female,Higher Secondary,Unemployed,Student,151919,12659,5,Urban,Yes,Yes,No
3310,Delhi,22,Male,Secondary,Labour,Employed,438193,36516,8,Rural,Yes,Yes,No
3311,Tamil Nadu,36,Female,Postgraduate,Farmer,Unemployed,343919,28659,7,Rural,No,No,Yes
3312,Punjab,73,Male,Postgraduate,Business,Unemployed,779405,64950,6,Rural,Yes,No,Yes
3313,Rajasthan,36,Female,Secondary,Farmer,Unemployed,60000,5000,3,Urban,No,Yes,No
3314,West Bengal,29,Female,Graduate,Government,Employed,581902,48491,1,Rural,Yes,No,No
3315,Gujarat,28,Female,Primary,Unemployed,Employed,402076,33506,8,Urban,No,No,No
3316,West Bengal,27,Female,Secondary,Private,Employed,403115,33592,3,Urban,No,No,No
3317,Karnataka,32,Male,Primary,Student,Student,455283,37940,7,Rural,No,Yes,Yes
3318,West Bengal,58,Female,Higher Secondary,Private,Self-employed,695957,57996,4,Urban,No,No,No
3319,Karnataka,57,Male,Higher Secondary,Teacher,Self-employed,744071,62005,3,Urban,Yes,Yes,Yes
3320,Haryana,40,Female,Secondary,Private,Employed,579777,48314,6,Urban,No,Yes,Yes
3321,Uttar Pradesh,28,Male,Secondary,Healthcare,Unemployed,563096,46924,4,Rural,Yes,Yes,Yes
3322,Rajasthan,44,Female,Graduate,Farmer,Self-employed,661058,55088,1,Rural,No,Yes,No
3323,Gujarat,46,Female,Primary,Teacher,Student,980847,81737,6,Rural,Yes,No,Yes
3324,Rajasthan,60,Male,Primary,Healthcare,Student,398561,33213,8,Urban,Yes,No,Yes
3325,Haryana,59,Male,Graduate,Student,Self-employed,430449,35870,7,Rural,No,Yes,Yes
3326,Delhi,42,Female,Higher Secondary,Engineer,Unemployed,221213,18434,2,Urban,Yes,No,Yes
3327,Delhi,75,Female,Higher Secondary,Farmer,Self-employed,274507,22875,7,Urban,Yes,No,Yes
3328,Punjab,54,Female,Secondary,Farmer,Employed,543885,45323,7,Rural,No,Yes,Yes
3329,Maharashtra,75,Male,Graduate,Business,Self-employed,667031,55585,6,Rural,No,Yes,No
3330,Haryana,80,Female,Higher Secondary,Unemployed,Self-employed,678236,56519,6,Urban,No,Yes,No
3331,Punjab,20,Male,Graduate,Unemployed,Unemployed,410882,34240,7,Urban,No,No,No
3332,West Bengal,52,Female,Graduate,Farmer,Unemployed,450203,37516,3,Urban,Yes,No,Yes
3333,Punjab,70,Female,Higher Secondary,Teacher,Student,316332,26361,6,Rural,No,No,No
3334,West Bengal,50,Male,Graduate,Engineer,Student,335293,27941,1,Rural,Yes,Yes,No
3335,Maharashtra,39,Male,Secondary,Private,Employed,419964,34997,2,Rural,No,No,Yes
3336,Uttar Pradesh,26,Male,Postgraduate,Labour,Self-employed,765700,63808,6,Urban,No,Yes,No
3337,Punjab,35,Female,Higher Secondary,Healthcare,Self-employed,838232,69852,2,Rural,Yes,No,No
3338,Karnataka,55,Male,Primary,Teacher,Student,424870,35405,3,Urban,Yes,Yes,Yes
3339,Haryana,41,Male,Postgraduate,Farmer,Student,150747,12562,2,Rural,No,Yes,Yes
3340,Uttar Pradesh,60,Male,Primary,Teacher,Employed,489578,40798,6,Urban,Yes,No,No
3341,Uttar Pradesh,26,Male,Higher Secondary,Teacher,Self-employed,538427,44868,7,Urban,Yes,Yes,No
3342,Gujarat,19,Female,Graduate,Government,Unemployed,142570,11880,5,Rural,Yes,Yes,Yes
3343,Maharashtra,22,Male,Secondary,Healthcare,Student,781875,65156,1,Rural,Yes,No,Yes
3344,Karnataka,40,Male,Postgraduate,Business,Unemployed,411964,34330,8,Rural,No,Yes,No
3345,Maharashtra,24,Female,Primary,Student,Employed,881883,73490,8,Rural,Yes,No,Yes
3346,Punjab,70,Female,Graduate,Business,Unemployed,425311,35442,6,Urban,No,No,No
3347,Karnataka,40,Female,Postgraduate,Teacher,Unemployed,60000,5000,6,Urban,No,No,Yes
3348,Rajasthan,67,Female,Secondary,Healthcare,Unemployed,723545,60295,7,Rural,Yes,No,No
3349,Rajasthan,47,Female,Higher Secondary,Student,Self-employed,635046,52920,6,Rural,Yes,No,Yes
3350,Maharashtra,27,Female,Postgraduate,Business,Self-employed,365520,30460,6,Rural,No,No,No
3351,Karnataka,69,Male,Postgraduate,Unemployed,Student,498465,41538,6,Urban,No,Yes,No
3352,Maharashtra,53,Female,Postgraduate,Healthcare,Unemployed,495965,41330,7,Rural,Yes,Yes,Yes
3353,Uttar Pradesh,64,Male,Secondary,Farmer,Student,460184,38348,8,Rural,No,Yes,No
3354,Delhi,39,Female,Primary,Student,Employed,668374,55697,8,Urban,Yes,No,No
3355,Gujarat,66,Male,Higher Secondary,Teacher,Student,550504,45875,5,Urban,Yes,Yes,No
3356,Delhi,52,Male,Graduate,Student,Unemployed,121199,10099,3,Urban,Yes,No,Yes
3357,Tamil Nadu,80,Male,Higher Secondary,Labour,Employed,853151,71095,2,Rural,No,Yes,Yes
3358,Uttar Pradesh,33,Female,Secondary,Healthcare,Unemployed,519668,43305,5,Rural,No,No,No
3359,Punjab,65,Female,Graduate,Labour,Employed,359713,29976,4,Urban,No,No,No
3360,Tamil Nadu,33,Male,Secondary,Labour,Self-employed,739925,61660,2,Urban,Yes,No,Yes
3361,Delhi,24,Female,Secondary,Government,Self-employed,753991,62832,5,Rural,No,Yes,No
3362,Gujarat,59,Male,Postgraduate,Government,Student,494997,41249,6,Urban,No,No,Yes
3363,Maharashtra,57,Female,Graduate,Labour,Employed,375771,31314,7,Rural,Yes,No,No
3364,Rajasthan,72,Male,Secondary,Private,Student,237687,19807,1,Urban,Yes,No,No
3365,Maharashtra,74,Male,Postgraduate,Business,Employed,743912,61992,4,Urban,No,No,Yes
3366,Rajasthan,75,Female,Higher Secondary,Healthcare,Employed,774227,64518,1,Urban,No,No,No
3367,Karnataka,43,Male,Primary,Student,Self-employed,185594,15466,1,Rural,Yes,No,No
3368,Tamil Nadu,29,Male,Secondary,Government,Employed,513825,42818,2,Rural,Yes,No,Yes
3369,Punjab,50,Male,Primary,Farmer,Student,461588,38465,6,Urban,No,Yes,No
3370,Tamil Nadu,21,Male,Secondary,Student,Self-employed,440740,36728,4,Urban,Yes,No,No
3371,Tamil Nadu,76,Male,Primary,Private,Unemployed,453201,37766,1,Rural,Yes,No,No
3372,Gujarat,55,Male,Higher Secondary,Teacher,Student,880843,73403,6,Rural,No,No,No
3373,West Bengal,25,Female,Higher Secondary,Student,Employed,510680,42556,1,Rural,Yes,No,Yes
3374,Karnataka,70,Male,Higher Secondary,Farmer,Self-employed,352098,29341,2,Urban,No,Yes,No
3375,Punjab,63,Female,Primary,Private,Self-employed,685036,57086,3,Urban,Yes,Yes,Yes
3376,Gujarat,42,Male,Secondary,Teacher,Self-employed,840984,70082,1,Rural,Yes,Yes,No
3377,Karnataka,58,Female,Postgraduate,Unemployed,Student,174246,14520,6,Rural,No,No,Yes
3378,Uttar Pradesh,34,Female,Secondary,Farmer,Employed,402696,33558,4,Rural,No,Yes,Yes
3379,Rajasthan,37,Female,Postgraduate,Teacher,Self-employed,919990,76665,4,Rural,Yes,No,No
3380,Punjab,44,Female,Secondary,Private,Student,202704,16892,2,Rural,No,Yes,Yes
3381,Delhi,50,Male,Postgraduate,Business,Unemployed,159877,13323,5,Rural,Yes,No,No
3382,Uttar Pradesh,55,Male,Secondary,Unemployed,Unemployed,818029,68169,4,Urban,Yes,No,No
3383,Uttar Pradesh,30,Female,Higher Secondary,Engineer,Student,617499,51458,7,Urban,Yes,Yes,No
3384,Uttar Pradesh,22,Female,Higher Secondary,Unemployed,Unemployed,610609,50884,7,Rural,No,Yes,No
3385,Haryana,79,Female,Graduate,Unemployed,Student,60000,5000,2,Rural,Yes,Yes,Yes
3386,Karnataka,34,Female,Secondary,Student,Self-employed,551495,45957,2,Rural,Yes,No,No
3387,Uttar Pradesh,55,Male,Primary,Student,Self-employed,185945,15495,3,Urban,No,Yes,Yes
3388,Punjab,64,Male,Postgraduate,Teacher,Unemployed,788256,65688,8,Rural,Yes,Yes,Yes
3389,Maharashtra,70,Male,Secondary,Student,Unemployed,643700,53641,4,Urban,No,Yes,No
3390,Delhi,24,Female,Postgraduate,Business,Student,942494,78541,7,Urban,No,Yes,Yes
3391,Delhi,28,Male,Postgraduate,Teacher,Unemployed,726637,60553,7,Urban,Yes,Yes,No
3392,West Bengal,30,Male,Primary,Teacher,Unemployed,178221,14851,8,Urban,Yes,Yes,No
3393,Rajasthan,40,Male,Primary,Student,Self-employed,858242,71520,3,Urban,No,No,Yes
3394,Delhi,76,Female,Graduate,Farmer,Unemployed,258327,21527,2,Urban,No,No,No
3395,Punjab,37,Female,Higher Secondary,Teacher,Self-employed,919196,76599,6,Rural,Yes,No,Yes
3396,Tamil Nadu,24,Female,Secondary,Private,Employed,417108,34759,6,Rural,No,Yes,Yes
3397,Gujarat,71,Male,Graduate,Unemployed,Self-employed,461216,38434,2,Rural,Yes,No,Yes
3398,Maharashtra,21,Male,Secondary,Healthcare,Self-employed,339371,28280,6,Rural,Yes,No,No
3399,Tamil Nadu,73,Male,Postgraduate,Private,Student,796054,66337,1,Urban,Yes,No,Yes
3400,Gujarat,34,Female,Secondary,Teacher,Employed,724428,60369,8,Rural,Yes,Yes,No
3401,West Bengal,28,Female,Secondary,Unemployed,Employed,583229,48602,4,Urban,No,No,No
3402,Delhi,47,Male,Primary,Student,Employed,60000,5000,4,Urban,Yes,No,Yes
3403,Rajasthan,76,Female,Postgraduate,Government,Student,1092426,91035,1,Urban,Yes,No,Yes
3404,Gujarat,47,Female,Secondary,Labour,Self-employed,470493,39207,8,Urban,No,Yes,Yes
3405,West Bengal,74,Female,Secondary,Government,Self-employed,342971,28580,8,Rural,No,No,No
3406,Gujarat,49,Male,Higher Secondary,Business,Employed,340585,28382,8,Urban,No,No,No
3407,Haryana,55,Male,Graduate,Healthcare,Employed,445274,37106,5,Urban,Yes,Yes,Yes
3408,Uttar Pradesh,69,Female,Postgraduate,Healthcare,Employed,648679,54056,6,Rural,Yes,Yes,No
3409,West Bengal,34,Male,Primary,Unemployed,Employed,169153,14096,4,Rural,Yes,Yes,No
3410,Gujarat,44,Female,Higher Secondary,Student,Self-employed,60000,5000,5,Urban,No,Yes,No
3411,West Bengal,59,Female,Postgraduate,Farmer,Unemployed,182940,15245,3,Rural,Yes,No,No
3412,Haryana,53,Male,Higher Secondary,Teacher,Unemployed,606477,50539,2,Rural,No,Yes,Yes
3413,Uttar Pradesh,72,Male,Higher Secondary,Engineer,Unemployed,552406,46033,8,Rural,No,No,No
3414,Punjab,68,Female,Postgraduate,Unemployed,Self-employed,166496,13874,7,Urban,Yes,Yes,Yes
3415,Haryana,78,Female,Primary,Labour,Self-employed,422598,35216,5,Urban,Yes,No,Yes
3416,Punjab,45,Male,Graduate,Engineer,Self-employed,327414,27284,8,Rural,Yes,No,Yes
3417,Gujarat,69,Male,Secondary,Farmer,Student,366879,30573,8,Urban,Yes,Yes,No
3418,Tamil Nadu,80,Female,Postgraduate,Teacher,Self-employed,718341,59861,7,Rural,Yes,No,Yes
3419,Gujarat,40,Female,Postgraduate,Labour,Student,216959,18079,4,Urban,Yes,No,No
3420,Uttar Pradesh,37,Male,Primary,Engineer,Employed,519115,43259,4,Urban,No,No,No
3421,Uttar Pradesh,37,Male,Graduate,Teacher,Self-employed,237653,19804,4,Rural,Yes,Yes,No
3422,Punjab,70,Male,Secondary,Labour,Employed,714936,59578,4,Rural,No,No,No
3423,West Bengal,75,Male,Graduate,Healthcare,Employed,416585,34715,6,Rural,No,Yes,No
3424,Uttar Pradesh,59,Female,Postgraduate,Private,Self-employed,258094,21507,6,Rural,No,No,Yes
3425,Rajasthan,71,Male,Primary,Teacher,Student,410757,34229,2,Urban,No,Yes,Yes
3426,Punjab,37,Male,Primary,Private,Self-employed,510097,42508,4,Urban,No,No,Yes
3427,Karnataka,55,Male,Graduate,Labour,Student,475237,39603,5,Rural,Yes,No,No
3428,Rajasthan,35,Female,Postgraduate,Farmer,Unemployed,721451,60120,1,Urban,Yes,No,Yes
3429,Punjab,23,Male,Postgraduate,Private,Unemployed,223256,18604,3,Urban,Yes,Yes,No
3430,Karnataka,29,Female,Graduate,Engineer,Self-employed,60000,5000,3,Urban,Yes,No,No
3431,Uttar Pradesh,36,Male,Postgraduate,Healthcare,Student,60000,5000,5,Urban,No,No,No
3432,Tamil Nadu,59,Male,Primary,Engineer,Unemployed,596275,49689,2,Urban,No,No,No
3433,Tamil Nadu,24,Female,Postgraduate,Healthcare,Employed,311602,25966,3,Urban,No,No,No
3434,Maharashtra,39,Female,Secondary,Healthcare,Self-employed,567277,47273,8,Rural,No,No,No
3435,Rajasthan,61,Female,Postgraduate,Private,Self-employed,272738,22728,8,Urban,Yes,Yes,Yes
3436,Maharashtra,56,Male,Postgraduate,Student,Employed,746403,62200,7,Rural,No,Yes,No
3437,Maharashtra,22,Female,Postgraduate,Unemployed,Unemployed,736077,61339,3,Urban,No,Yes,No
3438,Maharashtra,67,Female,Graduate,Government,Student,772347,64362,5,Rural,No,Yes,No
3439,Tamil Nadu,52,Female,Higher Secondary,Engineer,Student,391868,32655,7,Urban,No,No,Yes
3440,Delhi,77,Female,Postgraduate,Labour,Self-employed,379698,31641,5,Rural,Yes,No,No
3441,Rajasthan,43,Male,Secondary,Unemployed,Unemployed,669014,55751,7,Rural,Yes,Yes,No
3442,Karnataka,60,Female,Higher Secondary,Healthcare,Self-employed,381613,31801,8,Urban,No,Yes,No
3443,Rajasthan,50,Male,Higher Secondary,Government,Student,714060,59505,7,Rural,No,Yes,Yes
3444,Punjab,44,Male,Higher Secondary,Farmer,Employed,225613,18801,2,Rural,No,No,Yes
3445,Rajasthan,77,Male,Postgraduate,Engineer,Self-employed,314366,26197,8,Rural,No,No,No
3446,Delhi,64,Male,Postgraduate,Farmer,Student,60000,5000,1,Urban,No,No,No
3447,Karnataka,54,Male,Higher Secondary,Private,Student,363821,30318,3,Urban,Yes,No,No
3448,Punjab,61,Male,Graduate,Farmer,Student,752337,62694,8,Urban,No,Yes,Yes
3449,West Bengal,42,Male,Higher Secondary,Labour,Student,314800,26233,2,Urban,Yes,Yes,Yes
3450,Rajasthan,41,Female,Primary,Student,Unemployed,733214,61101,5,Rural,Yes,No,No
3451,Punjab,37,Male,Postgraduate,Business,Employed,429882,35823,1,Rural,Yes,Yes,No
3452,Karnataka,66,Female,Graduate,Government,Employed,437850,36487,6,Urban,No,Yes,Yes
3453,Delhi,68,Male,Postgraduate,Labour,Student,488030,40669,7,Rural,Yes,No,No
3454,Rajasthan,68,Male,Primary,Labour,Student,510178,42514,2,Rural,No,Yes,No
3455,Delhi,25,Female,Secondary,Unemployed,Employed,655631,54635,2,Urban,No,Yes,Yes
3456,Rajasthan,59,Female,Postgraduate,Private,Unemployed,347103,28925,3,Urban,No,No,No
3457,Delhi,72,Male,Primary,Labour,Employed,477168,39764,4,Rural,Yes,No,No
3458,Gujarat,32,Female,Graduate,Business,Employed,935347,77945,3,Rural,No,No,Yes
3459,Uttar Pradesh,29,Male,Higher Secondary,Government,Employed,582230,48519,6,Urban,No,No,No
3460,Karnataka,78,Female,Higher Secondary,Unemployed,Employed,884464,73705,5,Rural,Yes,No,Yes
3461,Delhi,30,Female,Primary,Government,Unemployed,543809,45317,6,Urban,No,Yes,No
3462,Uttar Pradesh,74,Male,Secondary,Student,Employed,855310,71275,4,Urban,No,No,No
3463,Delhi,75,Female,Higher Secondary,Business,Unemployed,757464,63122,6,Urban,Yes,No,Yes
3464,Gujarat,45,Female,Secondary,Government,Employed,484511,40375,3,Rural,Yes,Yes,Yes
3465,Karnataka,68,Female,Postgraduate,Engineer,Self-employed,686197,57183,8,Rural,No,Yes,Yes
3466,Gujarat,54,Female,Postgraduate,Teacher,Self-employed,373021,31085,6,Rural,No,No,Yes
3467,Punjab,36,Male,Graduate,Healthcare,Self-employed,647921,53993,3,Urban,Yes,Yes,Yes
3468,Haryana,64,Female,Higher Secondary,Private,Student,834742,69561,2,Urban,No,No,Yes
3469,Delhi,26,Female,Primary,Unemployed,Employed,405096,33758,2,Rural,No,Yes,No
3470,Rajasthan,79,Female,Secondary,Healthcare,Student,349919,29159,4,Rural,Yes,Yes,Yes
3471,Gujarat,77,Female,Postgraduate,Farmer,Unemployed,504840,42070,1,Rural,Yes,No,No
3472,Haryana,31,Female,Primary,Unemployed,Student,457674,38139,2,Urban,Yes,Yes,Yes
3473,Uttar Pradesh,49,Female,Postgraduate,Government,Student,456947,38078,7,Urban,Yes,No,Yes
3474,Rajasthan,25,Female,Higher Secondary,Unemployed,Unemployed,509177,42431,6,Rural,Yes,No,No
3475,Tamil Nadu,45,Male,Secondary,Unemployed,Self-employed,204665,17055,2,Urban,No,No,No
3476,Delhi,59,Female,Secondary,Healthcare,Employed,383595,31966,4,Urban,No,No,No
3477,Haryana,54,Female,Secondary,Private,Student,310939,25911,6,Urban,Yes,No,No
3478,Haryana,46,Male,Postgraduate,Student,Unemployed,462194,38516,2,Urban,No,Yes,No
3479,Karnataka,79,Female,Secondary,Business,Self-employed,415194,34599,4,Urban,Yes,Yes,No
3480,Delhi,54,Female,Graduate,Teacher,Self-employed,530807,44233,8,Urban,No,No,Yes
3481,Haryana,68,Male,Secondary,Farmer,Student,397194,33099,6,Urban,Yes,Yes,Yes
3482,Gujarat,72,Female,Postgraduate,Government,Self-employed,302893,25241,4,Rural,No,No,Yes
3483,Haryana,76,Male,Postgraduate,Farmer,Self-employed,940937,78411,2,Rural,Yes,No,No
3484,West Bengal,69,Female,Higher Secondary,Private,Self-employed,117295,9774,1,Urban,No,No,No
3485,Maharashtra,74,Male,Secondary,Farmer,Student,871564,72630,8,Rural,No,No,No
3486,Tamil Nadu,19,Male,Postgraduate,Engineer,Self-employed,755374,62947,1,Urban,No,Yes,Yes
3487,Gujarat,53,Male,Primary,Engineer,Unemployed,468966,39080,3,Urban,Yes,Yes,Yes
3488,Uttar Pradesh,62,Female,Primary,Farmer,Self-employed,378738,31561,4,Urban,Yes,Yes,No
3489,Rajasthan,39,Male,Higher Secondary,Teacher,Employed,663302,55275,5,Rural,Yes,Yes,No
3490,Rajasthan,66,Male,Postgraduate,Engineer,Student,647420,53951,3,Urban,Yes,No,Yes
3491,Punjab,77,Male,Higher Secondary,Farmer,Self-employed,825832,68819,3,Rural,No,Yes,Yes
3492,Haryana,47,Male,Secondary,Teacher,Student,192279,16023,1,Urban,No,No,Yes
3493,Delhi,38,Male,Postgraduate,Unemployed,Employed,290255,24187,1,Rural,Yes,No,Yes
3494,Gujarat,79,Female,Higher Secondary,Labour,Self-employed,968260,80688,7,Urban,No,No,No
3495,Uttar Pradesh,62,Male,Primary,Healthcare,Student,564009,47000,8,Rural,No,No,No
3496,Gujarat,65,Male,Graduate,Student,Student,429266,35772,1,Rural,Yes,No,No
3497,Karnataka,74,Female,Higher Secondary,Private,Student,372054,31004,6,Urban,No,Yes,No
3498,Rajasthan,34,Male,Graduate,Private,Unemployed,468689,39057,7,Urban,No,No,Yes
3499,West Bengal,51,Male,Secondary,Engineer,Self-employed,368413,30701,6,Urban,Yes,No,No
3500,Karnataka,48,Male,Secondary,Business,Self-employed,372297,31024,4,Urban,Yes,Yes,Yes
3501,Gujarat,41,Male,Graduate,Healthcare,Self-employed,392735,32727,6,Rural,No,No,Yes
3502,Uttar Pradesh,51,Female,Higher Secondary,Business,Student,583598,48633,1,Rural,No,Yes,Yes
3503,Karnataka,29,Male,Primary,Teacher,Unemployed,403448,33620,2,Urban,No,No,No
3504,Gujarat,30,Female,Graduate,Private,Employed,946142,78845,5,Urban,No,Yes,No
3505,Gujarat,66,Male,Higher Secondary,Business,Self-employed,727959,60663,5,Rural,No,Yes,No
3506,Karnataka,46,Male,Higher Secondary,Student,Employed,620763,51730,6,Rural,Yes,No,Yes
3507,Rajasthan,55,Female,Secondary,Labour,Student,320857,26738,3,Urban,Yes,No,No
3508,West Bengal,77,Male,Graduate,Student,Student,231601,19300,1,Rural,Yes,Yes,Yes
3509,Tamil Nadu,79,Male,Graduate,Student,Unemployed,689675,57472,4,Rural,No,Yes,No
3510,Karnataka,69,Female,Postgraduate,Engineer,Student,498892,41574,6,Rural,No,No,Yes
3511,Uttar Pradesh,43,Female,Higher Secondary,Private,Unemployed,60000,5000,6,Rural,No,No,Yes
3512,Delhi,52,Male,Graduate,Farmer,Student,438460,36538,2,Urban,No,No,No
3513,West Bengal,55,Male,Primary,Unemployed,Student,591670,49305,7,Urban,Yes,No,No
3514,Maharashtra,64,Male,Graduate,Engineer,Self-employed,650430,54202,3,Urban,Yes,No,Yes
3515,West Bengal,36,Male,Postgraduate,Labour,Unemployed,708747,59062,1,Rural,Yes,No,No
3516,Haryana,39,Female,Higher Secondary,Unemployed,Employed,364515,30376,5,Rural,Yes,No,Yes
3517,Karnataka,36,Male,Primary,Labour,Unemployed,514095,42841,5,Urban,No,No,No
3518,Haryana,67,Female,Higher Secondary,Student,Student,694049,57837,1,Urban,Yes,Yes,Yes
3519,Uttar Pradesh,67,Male,Primary,Labour,Unemployed,93652,7804,8,Rural,Yes,Yes,Yes
3520,Tamil Nadu,80,Male,Primary,Business,Unemployed,1326571,110547,2,Rural,Yes,Yes,No
3521,Uttar Pradesh,55,Female,Secondary,Labour,Self-employed,1036978,86414,2,Rural,Yes,Yes,Yes
3522,Haryana,20,Female,Primary,Student,Unemployed,926928,77244,7,Urban,Yes,Yes,No
3523,Uttar Pradesh,33,Male,Postgraduate,Business,Student,412707,34392,1,Urban,Yes,Yes,Yes
3524,Punjab,52,Female,Secondary,Government,Employed,202563,16880,7,Urban,Yes,No,No
3525,Karnataka,68,Male,Higher Secondary,Private,Self-employed,308923,25743,8,Rural,Yes,No,Yes
3526,West Bengal,33,Male,Postgraduate,Student,Self-employed,602343,50195,5,Urban,Yes,No,No
3527,Haryana,61,Female,Postgraduate,Private,Unemployed,704382,58698,4,Urban,Yes,No,No
3528,Punjab,36,Male,Postgraduate,Teacher,Student,198247,16520,4,Rural,No,Yes,Yes
3529,Delhi,26,Male,Graduate,Private,Student,558614,46551,5,Urban,Yes,Yes,Yes
3530,Uttar Pradesh,46,Male,Higher Secondary,Engineer,Unemployed,724135,60344,6,Rural,Yes,Yes,Yes
3531,Karnataka,40,Male,Primary,Student,Employed,728957,60746,7,Urban,No,Yes,No
3532,Punjab,33,Male,Postgraduate,Healthcare,Employed,455658,37971,2,Urban,No,No,Yes
3533,Karnataka,19,Male,Graduate,Business,Self-employed,391858,32654,1,Urban,No,Yes,Yes
3534,Haryana,45,Female,Postgraduate,Private,Student,443895,36991,6,Rural,No,No,Yes
3535,Tamil Nadu,55,Male,Postgraduate,Government,Student,415346,34612,6,Rural,No,Yes,Yes
3536,Maharashtra,73,Male,Higher Secondary,Government,Student,663051,55254,7,Urban,No,Yes,No
3537,Delhi,46,Male,Primary,Labour,Unemployed,513134,42761,7,Rural,No,Yes,Yes
3538,Gujarat,41,Male,Secondary,Business,Employed,386412,32201,3,Urban,No,No,No
3539,Haryana,41,Female,Graduate,Engineer,Student,361519,30126,3,Rural,Yes,Yes,Yes
3540,Tamil Nadu,61,Female,Postgraduate,Government,Student,573391,47782,4,Rural,Yes,Yes,No
3541,Gujarat,20,Female,Secondary,Labour,Student,512687,42723,5,Urban,No,Yes,Yes
3542,Uttar Pradesh,72,Female,Postgraduate,Student,Self-employed,901712,75142,1,Rural,No,No,No
3543,Tamil Nadu,80,Female,Higher Secondary,Private,Self-employed,630899,52574,4,Rural,No,Yes,No
3544,Karnataka,61,Male,Graduate,Farmer,Employed,171775,14314,2,Rural,No,No,Yes
3545,West Bengal,42,Female,Secondary,Teacher,Employed,484084,40340,4,Urban,No,No,Yes
3546,Punjab,67,Male,Postgraduate,Teacher,Student,478735,39894,3,Rural,No,Yes,Yes
3547,Punjab,52,Male,Secondary,Business,Self-employed,429180,35765,8,Rural,Yes,No,Yes
3548,Maharashtra,32,Female,Postgraduate,Farmer,Self-employed,680176,56681,1,Rural,No,Yes,No
3549,Haryana,75,Male,Secondary,Government,Unemployed,893101,74425,6,Urban,No,No,Yes
3550,Rajasthan,26,Male,Secondary,Teacher,Self-employed,538425,44868,5,Rural,Yes,Yes,Yes
3551,Gujarat,49,Male,Primary,Teacher,Employed,481559,40129,8,Urban,No,No,No
3552,Maharashtra,61,Female,Secondary,Business,Self-employed,941613,78467,5,Urban,No,Yes,Yes
3553,Tamil Nadu,60,Male,Graduate,Private,Student,618444,51537,7,Urban,Yes,No,No
3554,Delhi,78,Female,Primary,Student,Employed,232271,19355,8,Urban,Yes,No,Yes
3555,Delhi,57,Female,Primary,Private,Employed,105183,8765,4,Rural,Yes,No,No
3556,Rajasthan,22,Female,Graduate,Farmer,Employed,394077,32839,4,Rural,Yes,No,Yes
3557,Uttar Pradesh,20,Male,Postgraduate,Unemployed,Student,465160,38763,2,Rural,Yes,No,No
3558,Punjab,42,Female,Primary,Healthcare,Self-employed,812649,67720,2,Urban,No,No,Yes
3559,Gujarat,68,Female,Higher Secondary,Unemployed,Employed,1032121,86010,2,Urban,Yes,Yes,Yes
3560,Delhi,61,Male,Secondary,Government,Self-employed,261829,21819,7,Urban,Yes,No,Yes
3561,West Bengal,30,Female,Primary,Healthcare,Student,313469,26122,3,Rural,No,No,No
3562,Haryana,62,Female,Postgraduate,Healthcare,Student,328380,27365,8,Urban,No,No,Yes
3563,Punjab,41,Female,Secondary,Labour,Student,86832,7236,7,Rural,Yes,No,Yes
3564,Tamil Nadu,33,Male,Postgraduate,Engineer,Self-employed,60000,5000,6,Rural,Yes,Yes,Yes
3565,Tamil Nadu,77,Male,Higher Secondary,Healthcare,Student,427955,35662,6,Rural,Yes,No,No
3566,Maharashtra,42,Female,Postgraduate,Healthcare,Unemployed,520900,43408,3,Rural,No,No,No
3567,Gujarat,24,Female,Postgraduate,Government,Student,684168,57014,2,Urban,Yes,No,No
3568,Uttar Pradesh,27,Male,Postgraduate,Engineer,Unemployed,546525,45543,4,Urban,No,Yes,No
3569,Haryana,58,Female,Graduate,Business,Unemployed,462574,38547,4,Urban,No,No,No
3570,Tamil Nadu,68,Male,Secondary,Engineer,Unemployed,168834,14069,7,Rural,No,Yes,No
3571,Uttar Pradesh,42,Male,Graduate,Engineer,Employed,604096,50341,6,Rural,No,No,Yes
3572,Maharashtra,35,Female,Secondary,Private,Self-employed,454358,37863,7,Rural,Yes,Yes,Yes
3573,Punjab,36,Male,Graduate,Teacher,Student,564178,47014,1,Rural,Yes,No,No
3574,Karnataka,74,Female,Secondary,Labour,Unemployed,467407,38950,6,Rural,No,No,Yes
3575,Karnataka,42,Male,Secondary,Unemployed,Self-employed,479689,39974,2,Rural,No,No,Yes
3576,Punjab,52,Male,Secondary,Private,Employed,421846,35153,7,Urban,No,Yes,No
3577,Tamil Nadu,77,Female,Primary,Business,Self-employed,711058,59254,8,Urban,Yes,No,No
3578,Uttar Pradesh,32,Male,Primary,Unemployed,Student,385443,32120,2,Urban,No,No,Yes
3579,Uttar Pradesh,32,Male,Graduate,Unemployed,Unemployed,495300,41275,7,Urban,Yes,Yes,Yes
3580,Delhi,46,Female,Higher Secondary,Government,Self-employed,265438,22119,5,Urban,Yes,No,No
3581,Rajasthan,61,Male,Primary,Private,Unemployed,606511,50542,3,Urban,Yes,Yes,No
3582,Haryana,66,Female,Higher Secondary,Engineer,Student,441393,36782,4,Rural,Yes,Yes,No
3583,Maharashtra,73,Male,Postgraduate,Farmer,Unemployed,363931,30327,2,Rural,Yes,No,Yes
3584,Uttar Pradesh,77,Female,Postgraduate,Business,Self-employed,891325,74277,1,Urban,Yes,No,No
3585,Tamil Nadu,56,Female,Secondary,Unemployed,Self-employed,427037,35586,4,Rural,No,No,Yes
3586,Karnataka,49,Male,Higher Secondary,Government,Student,568878,47406,1,Urban,No,Yes,No
3587,Gujarat,69,Male,Primary,Labour,Unemployed,544154,45346,7,Urban,No,No,Yes
3588,Karnataka,28,Male,Graduate,Private,Student,126285,10523,2,Rural,No,No,No
3589,Gujarat,50,Female,Secondary,Student,Unemployed,425067,35422,1,Rural,Yes,No,No
3590,Uttar Pradesh,73,Male,Primary,Teacher,Self-employed,348549,29045,5,Urban,No,Yes,Yes
3591,Delhi,29,Female,Secondary,Engineer,Employed,488174,40681,4,Rural,No,No,No
3592,Rajasthan,42,Female,Secondary,Labour,Student,334176,27848,7,Rural,No,No,Yes
3593,Haryana,34,Female,Secondary,Teacher,Employed,676191,56349,1,Rural,Yes,Yes,Yes
3594,Gujarat,71,Female,Postgraduate,Student,Employed,60000,5000,1,Rural,No,No,No
3595,Haryana,68,Female,Graduate,Student,Self-employed,72793,6066,8,Urban,No,Yes,Yes
3596,Delhi,57,Female,Graduate,Labour,Self-employed,967081,80590,2,Urban,Yes,No,No
3597,Gujarat,55,Female,Postgraduate,Teacher,Employed,868796,72399,5,Rural,No,No,No
3598,Maharashtra,37,Female,Primary,Business,Self-employed,331822,27651,3,Rural,Yes,Yes,Yes
3599,Haryana,79,Male,Graduate,Engineer,Unemployed,803855,66987,4,Rural,No,Yes,Yes
3600,Tamil Nadu,56,Male,Secondary,Unemployed,Employed,304563,25380,1,Urban,No,Yes,Yes
3601,Uttar Pradesh,63,Male,Secondary,Student,Student,60000,5000,6,Rural,Yes,Yes,No
3602,Delhi,23,Male,Primary,Labour,Self-employed,742728,61894,5,Urban,Yes,Yes,Yes
3603,West Bengal,30,Male,Secondary,Private,Employed,503892,41991,5,Rural,Yes,Yes,No
3604,Maharashtra,23,Male,Graduate,Student,Self-employed,587565,48963,6,Urban,Yes,No,Yes
3605,Tamil Nadu,56,Female,Higher Secondary,Farmer,Self-employed,537420,44785,3,Urban,Yes,Yes,No
3606,Uttar Pradesh,49,Male,Secondary,Business,Employed,435659,36304,8,Urban,Yes,No,No
3607,Tamil Nadu,52,Female,Higher Secondary,Business,Self-employed,255433,21286,1,Urban,Yes,Yes,Yes
3608,Maharashtra,19,Female,Graduate,Teacher,Student,800427,66702,7,Rural,No,No,Yes
3609,Punjab,43,Female,Higher Secondary,Engineer,Employed,328127,27343,5,Urban,Yes,No,No
3610,Uttar Pradesh,18,Male,Graduate,Student,Student,767686,63973,1,Urban,Yes,No,Yes
3611,West Bengal,55,Male,Secondary,Labour,Student,797150,66429,5,Urban,No,Yes,Yes
3612,Punjab,67,Female,Primary,Teacher,Unemployed,567584,47298,4,Rural,No,No,No
3613,Gujarat,69,Female,Secondary,Private,Self-employed,60000,5000,4,Rural,No,Yes,No
3614,Delhi,41,Male,Primary,Student,Unemployed,254485,21207,8,Urban,No,No,Yes
3615,Haryana,26,Male,Graduate,Student,Student,449726,37477,3,Urban,No,No,No
3616,Haryana,48,Male,Higher Secondary,Engineer,Employed,496603,41383,3,Urban,Yes,Yes,No
3617,Maharashtra,44,Female,Higher Secondary,Student,Self-employed,561222,46768,4,Rural,No,Yes,No
3618,Punjab,54,Male,Higher Secondary,Student,Employed,465749,38812,1,Urban,No,Yes,No
3619,Haryana,57,Female,Secondary,Teacher,Employed,380860,31738,1,Rural,Yes,No,Yes
3620,West Bengal,54,Female,Higher Secondary,Government,Employed,564030,47002,3,Urban,Yes,No,Yes
3621,Tamil Nadu,57,Male,Primary,Private,Unemployed,358943,29911,8,Rural,Yes,Yes,No
3622,Tamil Nadu,73,Female,Secondary,Teacher,Self-employed,530219,44184,3,Rural,Yes,No,No
3623,Rajasthan,26,Male,Secondary,Healthcare,Student,483206,40267,4,Urban,No,No,Yes
3624,Maharashtra,71,Male,Primary,Teacher,Unemployed,320522,26710,6,Rural,Yes,Yes,Yes
3625,Haryana,64,Female,Graduate,Government,Student,431189,35932,4,Urban,No,Yes,Yes
3626,Gujarat,72,Male,Secondary,Government,Self-employed,430156,35846,2,Rural,Yes,No,No
3627,Haryana,74,Female,Graduate,Farmer,Self-employed,485784,40482,1,Urban,No,Yes,Yes
3628,Karnataka,72,Female,Primary,Engineer,Employed,633597,52799,5,Urban,Yes,Yes,No
3629,Gujarat,28,Male,Postgraduate,Student,Self-employed,435353,36279,6,Rural,No,Yes,No
3630,Maharashtra,57,Male,Secondary,Labour,Employed,282342,23528,7,Rural,No,Yes,Yes
3631,West Bengal,63,Male,Primary,Government,Unemployed,745468,62122,5,Urban,Yes,No,Yes
3632,West Bengal,32,Male,Higher Secondary,Healthcare,Self-employed,910582,75881,3,Urban,Yes,Yes,Yes
3633,Karnataka,61,Female,Secondary,Healthcare,Student,151237,12603,5,Rural,No,Yes,Yes
3634,Haryana,69,Female,Higher Secondary,Teacher,Unemployed,66487,5540,4,Rural,No,No,No
3635,Gujarat,63,Male,Higher Secondary,Unemployed,Self-employed,618031,51502,8,Urban,No,No,Yes
3636,Tamil Nadu,64,Female,Primary,Unemployed,Unemployed,63281,5273,6,Urban,Yes,Yes,No
3637,Uttar Pradesh,33,Male,Higher Secondary,Government,Unemployed,471199,39266,1,Rural,No,No,Yes
3638,Karnataka,71,Female,Secondary,Government,Employed,232437,19369,7,Urban,No,No,Yes
3639,West Bengal,55,Female,Primary,Government,Student,265119,22093,2,Rural,Yes,No,No
3640,Rajasthan,70,Male,Graduate,Labour,Self-employed,60000,5000,4,Urban,Yes,Yes,Yes
3641,Punjab,42,Male,Secondary,Private,Student,327250,27270,1,Urban,Yes,Yes,Yes
3642,Uttar Pradesh,68,Male,Secondary,Healthcare,Self-employed,960031,80002,7,Urban,Yes,No,Yes
3643,West Bengal,41,Male,Secondary,Business,Self-employed,1092603,91050,3,Rural,No,No,No
3644,Uttar Pradesh,29,Male,Higher Secondary,Private,Self-employed,537692,44807,8,Urban,Yes,Yes,Yes
3645,Delhi,67,Female,Postgraduate,Business,Employed,291442,24286,5,Urban,No,No,No
3646,Tamil Nadu,55,Female,Primary,Government,Student,698528,58210,7,Rural,No,Yes,Yes
3647,Tamil Nadu,72,Male,Secondary,Healthcare,Employed,823774,68647,4,Rural,No,Yes,Yes
3648,Rajasthan,40,Male,Primary,Student,Self-employed,465426,38785,1,Rural,Yes,Yes,Yes
3649,Maharashtra,73,Male,Secondary,Unemployed,Employed,399467,33288,7,Rural,Yes,No,No
3650,Karnataka,18,Male,Higher Secondary,Government,Employed,60000,5000,5,Urban,No,Yes,Yes
3651,Haryana,73,Female,Primary,Healthcare,Unemployed,294425,24535,6,Urban,Yes,Yes,No
3652,Punjab,42,Female,Primary,Unemployed,Self-employed,848063,70671,1,Urban,Yes,Yes,No
3653,Uttar Pradesh,72,Female,Secondary,Government,Employed,692641,57720,2,Urban,Yes,Yes,No
3654,Delhi,23,Male,Postgraduate,Healthcare,Employed,197684,16473,3,Rural,Yes,No,Yes
3655,Tamil Nadu,45,Male,Graduate,Labour,Self-employed,305961,25496,8,Urban,No,No,No
3656,Tamil Nadu,51,Male,Graduate,Private,Employed,290347,24195,4,Urban,Yes,Yes,No
3657,West Bengal,26,Female,Secondary,Unemployed,Student,756630,63052,2,Rural,Yes,No,No
3658,Rajasthan,78,Female,Postgraduate,Engineer,Student,434245,36187,6,Urban,Yes,No,No
3659,Tamil Nadu,34,Female,Higher Secondary,Engineer,Employed,483949,40329,2,Urban,No,No,No
3660,Haryana,45,Male,Primary,Business,Unemployed,463743,38645,8,Rural,No,No,No
3661,Rajasthan,70,Male,Secondary,Private,Employed,456820,38068,3,Urban,No,Yes,Yes
3662,Tamil Nadu,65,Female,Primary,Engineer,Student,277805,23150,6,Urban,No,No,Yes
3663,Haryana,66,Male,Primary,Private,Employed,687241,57270,2,Urban,No,Yes,Yes
3664,West Bengal,24,Male,Higher Secondary,Healthcare,Employed,390610,32550,1,Urban,Yes,Yes,No
3665,Delhi,40,Male,Primary,Student,Employed,303749,25312,3,Urban,Yes,Yes,No
3666,Maharashtra,54,Female,Higher Secondary,Labour,Employed,740233,61686,7,Rural,Yes,Yes,Yes
3667,West Bengal,54,Female,Higher Secondary,Business,Unemployed,219041,18253,7,Urban,Yes,Yes,No
3668,West Bengal,19,Male,Higher Secondary,Government,Employed,253524,21127,2,Urban,No,No,No
3669,Maharashtra,36,Male,Higher Secondary,Teacher,Unemployed,246468,20539,1,Rural,Yes,Yes,No
3670,Delhi,67,Male,Higher Secondary,Teacher,Employed,769406,64117,1,Urban,Yes,No,No
3671,Haryana,72,Female,Secondary,Business,Student,236167,19680,2,Rural,Yes,Yes,Yes
3672,Karnataka,58,Female,Higher Secondary,Business,Student,743440,61953,1,Urban,No,Yes,Yes
3673,Rajasthan,71,Male,Higher Secondary,Business,Employed,359908,29992,4,Rural,No,Yes,Yes
3674,Haryana,40,Female,Primary,Healthcare,Student,709194,59099,6,Urban,No,Yes,No
3675,Haryana,54,Male,Postgraduate,Farmer,Unemployed,734194,61182,2,Urban,No,No,Yes
3676,Uttar Pradesh,71,Female,Graduate,Government,Unemployed,85410,7117,7,Rural,Yes,Yes,Yes
3677,Uttar Pradesh,78,Female,Higher Secondary,Healthcare,Self-employed,855685,71307,8,Rural,No,Yes,No
3678,Punjab,66,Male,Postgraduate,Government,Unemployed,396988,33082,7,Urban,No,Yes,Yes
3679,West Bengal,42,Female,Primary,Government,Unemployed,476057,39671,3,Urban,No,Yes,Yes
3680,Haryana,48,Female,Secondary,Business,Student,374195,31182,1,Rural,No,Yes,Yes
3681,Rajasthan,60,Female,Primary,Labour,Self-employed,488744,40728,1,Rural,No,Yes,Yes
3682,Uttar Pradesh,42,Male,Higher Secondary,Teacher,Employed,740430,61702,1,Rural,No,No,No
3683,Punjab,45,Female,Postgraduate,Healthcare,Unemployed,925676,77139,7,Urban,No,No,No
3684,Maharashtra,34,Male,Primary,Student,Self-employed,727795,60649,5,Rural,Yes,Yes,Yes
3685,Tamil Nadu,53,Female,Secondary,Government,Self-employed,708871,59072,1,Rural,No,Yes,No
3686,Rajasthan,68,Female,Secondary,Farmer,Employed,546696,45558,4,Urban,No,Yes,No
3687,Uttar Pradesh,69,Female,Primary,Unemployed,Unemployed,640996,53416,8,Rural,No,No,Yes
3688,Punjab,64,Female,Postgraduate,Engineer,Unemployed,841555,70129,4,Urban,No,No,No
3689,Maharashtra,73,Female,Secondary,Government,Student,779220,64935,6,Urban,Yes,No,No
3690,Maharashtra,21,Female,Higher Secondary,Unemployed,Self-employed,205308,17109,3,Urban,No,No,Yes
3691,Tamil Nadu,34,Female,Primary,Private,Employed,654975,54581,2,Rural,Yes,No,No
3692,Gujarat,37,Male,Graduate,Farmer,Student,169717,14143,2,Urban,No,No,No
3693,Punjab,64,Male,Graduate,Labour,Student,690818,57568,2,Rural,Yes,No,Yes
3694,Maharashtra,20,Male,Higher Secondary,Teacher,Unemployed,656345,54695,2,Rural,No,Yes,Yes
3695,Delhi,68,Female,Primary,Farmer,Self-employed,217304,18108,3,Rural,Yes,No,No
3696,Gujarat,76,Male,Secondary,Farmer,Student,563022,46918,3,Rural,Yes,Yes,Yes
3697,Gujarat,68,Male,Higher Secondary,Unemployed,Student,143113,11926,8,Rural,No,No,Yes
3698,Tamil Nadu,26,Male,Postgraduate,Labour,Employed,656047,54670,2,Rural,No,Yes,Yes
3699,Gujarat,56,Male,Primary,Government,Unemployed,636200,53016,2,Urban,Yes,No,No
3700,Tamil Nadu,23,Male,Postgraduate,Teacher,Employed,373867,31155,8,Rural,No,No,No
3701,Punjab,47,Female,Primary,Government,Self-employed,60000,5000,1,Rural,Yes,No,No
3702,Haryana,80,Female,Secondary,Government,Student,847573,70631,4,Urban,No,Yes,No
3703,West Bengal,57,Male,Graduate,Teacher,Unemployed,482815,40234,4,Urban,Yes,Yes,Yes
3704,Uttar Pradesh,47,Male,Postgraduate,Labour,Self-employed,598555,49879,7,Rural,Yes,Yes,Yes
3705,Karnataka,59,Male,Secondary,Government,Unemployed,519979,43331,4,Urban,Yes,No,Yes
3706,Haryana,52,Female,Postgraduate,Student,Self-employed,504568,42047,4,Rural,Yes,Yes,No
3707,Gujarat,50,Female,Graduate,Private,Student,379919,31659,6,Urban,No,Yes,No
3708,Punjab,23,Female,Higher Secondary,Unemployed,Self-employed,446984,37248,8,Rural,Yes,No,No
3709,Gujarat,72,Male,Secondary,Business,Student,130399,10866,7,Rural,Yes,Yes,Yes
3710,Karnataka,70,Female,Postgraduate,Healthcare,Self-employed,269523,22460,5,Rural,No,No,No
3711,Haryana,78,Male,Primary,Unemployed,Self-employed,747605,62300,7,Urban,Yes,No,No
3712,Gujarat,45,Male,Graduate,Engineer,Employed,234789,19565,8,Urban,Yes,Yes,No
3713,Gujarat,47,Female,Primary,Unemployed,Employed,104574,8714,6,Urban,No,No,Yes
3714,Delhi,61,Male,Higher Secondary,Student,Employed,287684,23973,1,Urban,Yes,Yes,No
3715,Delhi,46,Male,Higher Secondary,Student,Self-employed,331581,27631,1,Rural,Yes,Yes,Yes
3716,West Bengal,63,Male,Graduate,Government,Self-employed,838482,69873,1,Rural,No,Yes,No
3717,Punjab,64,Female,Primary,Farmer,Self-employed,774352,64529,3,Urban,No,No,Yes
3718,Tamil Nadu,43,Male,Postgraduate,Labour,Employed,679795,56649,2,Urban,No,No,Yes
3719,West Bengal,76,Female,Graduate,Healthcare,Student,598934,49911,8,Rural,No,Yes,Yes
3720,Gujarat,42,Male,Primary,Engineer,Self-employed,282180,23515,5,Urban,No,Yes,No
3721,West Bengal,72,Male,Primary,Labour,Unemployed,491556,40963,4,Rural,No,Yes,No
3722,Haryana,69,Male,Higher Secondary,Government,Unemployed,497830,41485,5,Rural,Yes,No,No
3723,Karnataka,22,Male,Secondary,Engineer,Self-employed,182559,15213,4,Rural,No,No,Yes
3724,Haryana,29,Female,Primary,Unemployed,Employed,322112,26842,4,Rural,Yes,No,Yes
3725,Punjab,27,Male,Higher Secondary,Farmer,Student,288383,24031,6,Rural,No,No,No
3726,Maharashtra,42,Female,Secondary,Unemployed,Employed,611880,50990,5,Rural,Yes,Yes,Yes
3727,Maharashtra,61,Female,Postgraduate,Farmer,Employed,881566,73463,6,Rural,Yes,Yes,No
3728,Gujarat,19,Female,Higher Secondary,Unemployed,Student,350735,29227,5,Urban,Yes,No,No
3729,Tamil Nadu,72,Male,Primary,Student,Unemployed,875919,72993,2,Urban,No,Yes,Yes
3730,Gujarat,35,Male,Higher Secondary,Labour,Self-employed,287563,23963,6,Urban,Yes,No,No
3731,Maharashtra,41,Male,Postgraduate,Business,Unemployed,528239,44019,3,Rural,No,No,Yes
3732,Rajasthan,74,Male,Primary,Engineer,Employed,274495,22874,6,Urban,No,No,Yes
3733,Uttar Pradesh,37,Male,Secondary,Student,Unemployed,358189,29849,4,Urban,No,No,No
3734,Haryana,18,Female,Primary,Unemployed,Self-employed,195621,16301,6,Rural,Yes,Yes,Yes
3735,Maharashtra,30,Female,Higher Secondary,Healthcare,Student,784312,65359,4,Urban,Yes,No,Yes
3736,Tamil Nadu,41,Male,Postgraduate,Labour,Self-employed,728247,60687,7,Urban,Yes,No,No
3737,Tamil Nadu,57,Female,Higher Secondary,Healthcare,Self-employed,893415,74451,7,Rural,No,Yes,No
3738,Haryana,73,Male,Primary,Unemployed,Employed,197407,16450,2,Urban,No,Yes,No
3739,Haryana,66,Male,Secondary,Student,Self-employed,395680,32973,7,Rural,Yes,No,No
3740,Uttar Pradesh,76,Female,Higher Secondary,Student,Employed,60000,5000,2,Urban,No,No,No
3741,Punjab,47,Female,Secondary,Private,Unemployed,791525,65960,7,Urban,No,Yes,No
3742,Gujarat,32,Female,Higher Secondary,Engineer,Self-employed,788326,65693,3,Urban,Yes,Yes,Yes
3743,Rajasthan,70,Male,Graduate,Government,Student,314366,26197,6,Rural,No,Yes,No
3744,Maharashtra,24,Male,Higher Secondary,Student,Employed,699357,58279,4,Urban,Yes,Yes,Yes
3745,Rajasthan,42,Male,Primary,Government,Self-employed,693827,57818,4,Urban,Yes,No,Yes
3746,West Bengal,63,Female,Secondary,Government,Unemployed,505680,42140,5,Rural,Yes,Yes,Yes
3747,Gujarat,30,Male,Postgraduate,Labour,Employed,327979,27331,4,Urban,No,No,No
3748,Maharashtra,20,Female,Higher Secondary,Healthcare,Unemployed,302336,25194,7,Urban,No,No,No
3749,Rajasthan,47,Female,Primary,Farmer,Employed,72371,6030,5,Urban,No,Yes,Yes
3750,Punjab,21,Male,Graduate,Private,Employed,489473,40789,7,Rural,Yes,No,No
3751,Maharashtra,41,Female,Graduate,Engineer,Unemployed,635622,52968,7,Rural,Yes,Yes,Yes
3752,Karnataka,43,Female,Secondary,Private,Student,483005,40250,3,Rural,No,No,Yes
3753,Uttar Pradesh,27,Male,Postgraduate,Engineer,Unemployed,583327,48610,4,Rural,No,No,Yes
3754,West Bengal,54,Female,Higher Secondary,Business,Self-employed,814003,67833,1,Urban,No,No,No
3755,Rajasthan,23,Female,Graduate,Unemployed,Self-employed,267084,22257,6,Urban,No,No,Yes
3756,West Bengal,56,Male,Primary,Private,Self-employed,391983,32665,3,Urban,No,Yes,No
3757,West Bengal,70,Male,Primary,Unemployed,Unemployed,231217,19268,1,Rural,Yes,No,Yes
3758,Gujarat,29,Female,Secondary,Private,Unemployed,430191,35849,5,Rural,Yes,No,Yes
3759,Karnataka,64,Female,Higher Secondary,Business,Employed,594072,49506,2,Urban,No,Yes,Yes
3760,Uttar Pradesh,59,Female,Higher Secondary,Engineer,Employed,472371,39364,6,Urban,No,No,Yes
3761,Uttar Pradesh,66,Male,Graduate,Healthcare,Employed,778078,64839,2,Rural,Yes,Yes,No
3762,Tamil Nadu,77,Male,Primary,Farmer,Self-employed,293370,24447,1,Rural,No,Yes,No
3763,Tamil Nadu,73,Female,Secondary,Student,Student,745222,62101,5,Rural,No,Yes,Yes
3764,Gujarat,68,Male,Primary,Business,Self-employed,696253,58021,5,Rural,No,Yes,Yes
3765,Rajasthan,44,Male,Postgraduate,Engineer,Self-employed,394786,32898,7,Urban,No,No,Yes
3766,Punjab,60,Female,Secondary,Labour,Student,519647,43303,6,Urban,No,No,No
3767,West Bengal,21,Female,Postgraduate,Farmer,Self-employed,111737,9311,7,Rural,No,No,No
3768,Rajasthan,25,Male,Primary,Student,Student,543414,45284,7,Urban,Yes,No,Yes
3769,Punjab,53,Male,Postgraduate,Engineer,Self-employed,465587,38798,4,Urban,Yes,Yes,No
3770,Delhi,40,Female,Postgraduate,Government,Student,279677,23306,2,Rural,No,Yes,Yes
3771,Karnataka,58,Female,Primary,Farmer,Self-employed,598129,49844,1,Rural,Yes,Yes,No
3772,Karnataka,70,Male,Postgraduate,Teacher,Employed,156791,13065,6,Urban,No,No,Yes
3773,Haryana,39,Female,Graduate,Private,Student,732599,61049,3,Rural,Yes,Yes,Yes
3774,Rajasthan,28,Female,Primary,Unemployed,Unemployed,559346,46612,6,Urban,Yes,No,Yes
3775,Punjab,66,Male,Primary,Unemployed,Unemployed,356724,29727,6,Urban,No,Yes,Yes
3776,Haryana,56,Male,Postgraduate,Unemployed,Employed,282441,23536,7,Rural,Yes,Yes,Yes
3777,Haryana,29,Male,Secondary,Business,Self-employed,509984,42498,2,Rural,Yes,No,No
3778,Karnataka,39,Female,Secondary,Engineer,Employed,437583,36465,5,Rural,No,No,Yes
3779,Karnataka,22,Male,Higher Secondary,Private,Student,335856,27988,5,Urban,No,No,Yes
3780,West Bengal,62,Female,Primary,Teacher,Self-employed,852340,71028,8,Rural,No,No,No
3781,Delhi,68,Male,Higher Secondary,Student,Employed,487808,40650,5,Rural,No,No,Yes
3782,Punjab,28,Female,Postgraduate,Healthcare,Unemployed,698510,58209,2,Rural,Yes,Yes,No
3783,Tamil Nadu,29,Female,Primary,Labour,Self-employed,433160,36096,3,Urban,Yes,No,No
3784,Tamil Nadu,49,Male,Postgraduate,Private,Employed,60000,5000,5,Rural,No,Yes,No
3785,Punjab,26,Male,Higher Secondary,Government,Unemployed,60000,5000,4,Rural,No,Yes,No
3786,Delhi,47,Female,Graduate,Unemployed,Self-employed,704874,58739,3,Urban,No,Yes,No
3787,Gujarat,36,Male,Higher Secondary,Teacher,Student,618038,51503,4,Urban,No,Yes,Yes
3788,Rajasthan,54,Male,Primary,Engineer,Unemployed,519377,43281,2,Rural,No,No,Yes
3789,Tamil Nadu,24,Female,Secondary,Labour,Student,933151,77762,7,Urban,No,Yes,No
3790,Rajasthan,50,Male,Higher Secondary,Private,Student,155797,12983,6,Urban,Yes,No,Yes
3791,Uttar Pradesh,61,Female,Postgraduate,Teacher,Self-employed,229590,19132,4,Urban,Yes,Yes,Yes
3792,Rajasthan,57,Male,Higher Secondary,Engineer,Student,305474,25456,4,Rural,Yes,No,No
3793,Gujarat,68,Male,Secondary,Unemployed,Student,550779,45898,5,Rural,No,No,No
3794,Tamil Nadu,78,Male,Secondary,Business,Unemployed,635146,52928,3,Urban,Yes,No,Yes
3795,Karnataka,41,Male,Postgraduate,Engineer,Self-employed,371168,30930,4,Urban,Yes,No,Yes
3796,Punjab,33,Female,Higher Secondary,Healthcare,Employed,165191,13765,3,Urban,Yes,No,No
3797,Haryana,74,Male,Secondary,Labour,Student,207640,17303,8,Urban,No,No,No
3798,Uttar Pradesh,18,Male,Graduate,Labour,Employed,727312,60609,4,Rural,No,Yes,Yes
3799,Tamil Nadu,79,Male,Higher Secondary,Government,Unemployed,423443,35286,4,Rural,Yes,Yes,No
3800,Delhi,56,Male,Graduate,Farmer,Employed,383399,31949,5,Rural,No,No,No
3801,Maharashtra,72,Male,Graduate,Engineer,Employed,364827,30402,1,Rural,No,No,No
3802,Haryana,48,Male,Postgraduate,Government,Employed,585804,48817,2,Rural,Yes,Yes,Yes
3803,Maharashtra,64,Female,Higher Secondary,Government,Self-employed,1197047,99753,3,Urban,Yes,No,No
3804,Tamil Nadu,55,Female,Graduate,Student,Student,370700,30891,8,Urban,Yes,Yes,No
3805,Gujarat,73,Male,Secondary,Engineer,Student,955764,79647,2,Urban,No,Yes,Yes
3806,West Bengal,48,Male,Higher Secondary,Private,Student,431029,35919,5,Urban,Yes,Yes,Yes
3807,Gujarat,38,Female,Secondary,Labour,Student,251240,20936,7,Urban,Yes,Yes,No
3808,Gujarat,28,Female,Higher Secondary,Labour,Employed,367841,30653,4,Urban,No,No,Yes
3809,Punjab,80,Male,Graduate,Farmer,Employed,395443,32953,7,Urban,No,Yes,Yes
3810,Gujarat,43,Male,Primary,Teacher,Self-employed,847206,70600,2,Rural,No,No,No
3811,Tamil Nadu,65,Male,Primary,Farmer,Unemployed,500248,41687,5,Rural,Yes,No,No
3812,Maharashtra,62,Male,Higher Secondary,Unemployed,Self-employed,746010,62167,8,Rural,Yes,No,Yes
3813,Maharashtra,25,Female,Primary,Engineer,Self-employed,703037,58586,6,Urban,No,No,No
3814,Tamil Nadu,72,Female,Higher Secondary,Healthcare,Employed,377945,31495,8,Urban,Yes,No,Yes
3815,Punjab,31,Female,Graduate,Healthcare,Unemployed,493573,41131,2,Rural,Yes,Yes,No
3816,Haryana,24,Female,Higher Secondary,Farmer,Employed,950576,79214,6,Urban,Yes,No,No
3817,Rajasthan,23,Male,Graduate,Private,Unemployed,281233,23436,1,Rural,Yes,Yes,Yes
3818,Haryana,77,Female,Secondary,Government,Student,502830,41902,4,Rural,No,No,Yes
3819,Tamil Nadu,65,Male,Higher Secondary,Healthcare,Student,60000,5000,4,Urban,Yes,No,No
3820,Punjab,62,Male,Primary,Engineer,Employed,541252,45104,2,Rural,Yes,Yes,Yes
3821,Rajasthan,26,Female,Higher Secondary,Teacher,Employed,184469,15372,5,Urban,Yes,No,Yes
3822,Haryana,65,Male,Secondary,Unemployed,Self-employed,99347,8278,8,Rural,No,Yes,No
3823,Uttar Pradesh,36,Female,Primary,Farmer,Student,108559,9046,1,Urban,No,No,No
3824,Uttar Pradesh,57,Male,Primary,Engineer,Unemployed,115617,9634,4,Urban,Yes,Yes,No
3825,Punjab,65,Male,Primary,Labour,Unemployed,583921,48660,2,Rural,Yes,Yes,Yes
3826,Karnataka,52,Female,Higher Secondary,Engineer,Self-employed,803963,66996,3,Rural,Yes,No,No
3827,Rajasthan,45,Female,Primary,Healthcare,Self-employed,60000,5000,2,Rural,No,Yes,Yes
3828,Karnataka,25,Male,Secondary,Student,Student,929562,77463,5,Urban,No,Yes,Yes
3829,Punjab,18,Male,Higher Secondary,Teacher,Unemployed,481350,40112,4,Urban,No,Yes,Yes
3830,Delhi,46,Male,Postgraduate,Healthcare,Unemployed,204620,17051,8,Rural,Yes,No,No
3831,West Bengal,39,Male,Higher Secondary,Farmer,Employed,875263,72938,5,Rural,Yes,No,No
3832,Delhi,20,Female,Postgraduate,Labour,Self-employed,454317,37859,2,Urban,Yes,Yes,Yes
3833,Rajasthan,43,Male,Higher Secondary,Healthcare,Self-employed,597947,49828,3,Rural,No,No,Yes
3834,Punjab,30,Female,Postgraduate,Government,Student,380544,31712,8,Rural,No,Yes,Yes
3835,Gujarat,48,Male,Secondary,Healthcare,Self-employed,612551,51045,4,Rural,Yes,Yes,No
3836,Delhi,24,Male,Postgraduate,Healthcare,Self-employed,119568,9964,6,Rural,Yes,Yes,Yes
3837,Gujarat,50,Female,Graduate,Business,Student,568452,47371,5,Rural,No,No,Yes
3838,Tamil Nadu,72,Female,Secondary,Government,Student,821018,68418,2,Rural,Yes,No,Yes
3839,Uttar Pradesh,62,Male,Primary,Business,Unemployed,96151,8012,2,Rural,Yes,Yes,No
3840,Haryana,33,Male,Higher Secondary,Engineer,Self-employed,343725,28643,4,Rural,No,No,No
3841,Haryana,63,Male,Primary,Healthcare,Unemployed,472925,39410,1,Urban,Yes,No,Yes
3842,Maharashtra,44,Male,Primary,Student,Student,160696,13391,5,Urban,Yes,Yes,Yes
3843,Gujarat,70,Female,Secondary,Healthcare,Employed,581689,48474,8,Urban,No,Yes,Yes
3844,Karnataka,62,Female,Primary,Private,Employed,550941,45911,7,Rural,Yes,No,Yes
3845,Haryana,76,Male,Higher Secondary,Healthcare,Student,766933,63911,6,Rural,No,Yes,No
3846,Delhi,40,Male,Higher Secondary,Unemployed,Self-employed,626660,52221,6,Rural,No,No,Yes
3847,Maharashtra,23,Female,Primary,Unemployed,Employed,592440,49370,3,Rural,No,Yes,No
3848,Karnataka,74,Male,Primary,Farmer,Self-employed,596150,49679,3,Rural,No,No,Yes
3849,Punjab,18,Female,Graduate,Student,Self-employed,120185,10015,7,Rural,No,Yes,No
3850,Delhi,23,Female,Secondary,Student,Unemployed,341182,28431,7,Urban,Yes,No,No
3851,Delhi,36,Male,Graduate,Teacher,Employed,383059,31921,8,Rural,Yes,Yes,No
3852,Karnataka,53,Female,Postgraduate,Engineer,Student,86846,7237,1,Rural,Yes,No,Yes
3853,Uttar Pradesh,40,Female,Higher Secondary,Labour,Employed,178034,14836,2,Urban,No,Yes,Yes
3854,Tamil Nadu,39,Male,Postgraduate,Teacher,Student,540895,45074,3,Urban,No,No,No
3855,Tamil Nadu,56,Female,Secondary,Unemployed,Self-employed,533039,44419,1,Urban,Yes,Yes,No
3856,Haryana,44,Female,Primary,Labour,Employed,683916,56993,4,Rural,No,No,Yes
3857,Haryana,23,Female,Graduate,Business,Self-employed,393936,32828,7,Rural,No,No,Yes
3858,Haryana,61,Female,Secondary,Engineer,Employed,403206,33600,8,Rural,No,No,Yes
3859,Punjab,58,Male,Postgraduate,Government,Employed,436599,36383,1,Rural,Yes,Yes,Yes
3860,Uttar Pradesh,72,Male,Primary,Government,Unemployed,297048,24754,1,Rural,Yes,No,Yes
3861,Uttar Pradesh,51,Female,Graduate,Business,Unemployed,379465,31622,1,Rural,Yes,Yes,Yes
3862,Karnataka,78,Female,Postgraduate,Engineer,Unemployed,451522,37626,3,Urban,Yes,No,Yes
3863,West Bengal,43,Female,Postgraduate,Unemployed,Employed,278181,23181,7,Urban,No,No,No
3864,Tamil Nadu,50,Male,Primary,Teacher,Unemployed,741394,61782,2,Rural,No,Yes,Yes
3865,Uttar Pradesh,28,Female,Higher Secondary,Healthcare,Student,668215,55684,4,Rural,No,Yes,Yes
3866,Uttar Pradesh,69,Male,Graduate,Teacher,Employed,552359,46029,2,Rural,No,Yes,Yes
3867,Tamil Nadu,44,Male,Primary,Business,Unemployed,980614,81717,4,Rural,No,No,No
3868,Delhi,22,Male,Secondary,Teacher,Unemployed,565199,47099,3,Urban,Yes,Yes,Yes
3869,Maharashtra,38,Female,Primary,Student,Employed,60000,5000,7,Rural,No,Yes,Yes
3870,Punjab,53,Female,Primary,Engineer,Employed,733737,61144,5,Rural,Yes,No,No
3871,Rajasthan,18,Female,Higher Secondary,Student,Unemployed,415883,34656,4,Rural,No,No,No
3872,Punjab,29,Female,Secondary,Unemployed,Unemployed,649528,54127,8,Urban,No,No,Yes
3873,Uttar Pradesh,41,Male,Graduate,Business,Student,593743,49478,6,Urban,Yes,No,Yes
3874,Karnataka,79,Male,Postgraduate,Unemployed,Self-employed,459483,38290,3,Rural,No,No,No
3875,Maharashtra,39,Male,Primary,Farmer,Student,119172,9931,2,Rural,No,Yes,Yes
3876,Karnataka,27,Female,Primary,Unemployed,Employed,120272,10022,5,Rural,Yes,Yes,No
3877,Karnataka,62,Female,Primary,Teacher,Unemployed,362127,30177,6,Rural,Yes,Yes,No
3878,Tamil Nadu,44,Female,Postgraduate,Private,Student,105704,8808,3,Rural,Yes,No,No
3879,Delhi,70,Female,Higher Secondary,Student,Unemployed,1036833,86402,8,Urban,Yes,Yes,Yes
3880,Karnataka,23,Male,Graduate,Teacher,Self-employed,91990,7665,2,Urban,Yes,No,Yes
3881,Maharashtra,51,Female,Postgraduate,Healthcare,Employed,763987,63665,8,Rural,No,Yes,Yes
3882,Delhi,57,Male,Postgraduate,Private,Self-employed,266068,22172,3,Urban,Yes,No,No
3883,Uttar Pradesh,41,Female,Higher Secondary,Farmer,Student,282155,23512,6,Rural,No,Yes,Yes
3884,Maharashtra,35,Male,Graduate,Student,Employed,99205,8267,5,Rural,Yes,No,Yes
3885,Haryana,38,Female,Graduate,Teacher,Self-employed,371493,30957,5,Urban,No,Yes,Yes
3886,Tamil Nadu,75,Male,Higher Secondary,Healthcare,Self-employed,483812,40317,2,Urban,Yes,Yes,No
3887,Delhi,59,Male,Postgraduate,Teacher,Employed,822186,68515,4,Rural,Yes,Yes,No
3888,West Bengal,79,Female,Postgraduate,Student,Student,462074,38506,8,Urban,No,Yes,No
3889,Delhi,71,Female,Higher Secondary,Teacher,Employed,413711,34475,1,Urban,Yes,Yes,No
3890,Rajasthan,62,Female,Higher Secondary,Unemployed,Employed,382735,31894,3,Rural,No,No,No
3891,Uttar Pradesh,64,Male,Graduate,Government,Unemployed,261781,21815,1,Rural,Yes,No,No
3892,Tamil Nadu,80,Female,Secondary,Government,Unemployed,157007,13083,5,Urban,Yes,Yes,No
3893,Maharashtra,79,Female,Secondary,Teacher,Self-employed,368434,30702,8,Rural,No,No,Yes
3894,Karnataka,61,Female,Graduate,Student,Employed,305691,25474,2,Rural,Yes,Yes,No
3895,Punjab,76,Female,Higher Secondary,Labour,Employed,756040,63003,8,Urban,No,No,Yes
3896,Rajasthan,20,Female,Primary,Labour,Unemployed,776255,64687,4,Urban,Yes,Yes,No
3897,Maharashtra,62,Female,Graduate,Student,Employed,357286,29773,2,Rural,No,Yes,Yes
3898,Tamil Nadu,70,Female,Graduate,Engineer,Employed,490408,40867,1,Urban,Yes,Yes,No
3899,Punjab,36,Female,Graduate,Business,Employed,929745,77478,6,Urban,No,Yes,Yes
3900,Uttar Pradesh,29,Male,Higher Secondary,Labour,Student,259804,21650,7,Urban,Yes,No,Yes
3901,West Bengal,25,Female,Higher Secondary,Student,Student,460682,38390,8,Rural,Yes,No,Yes
3902,Punjab,78,Male,Primary,Government,Employed,548887,45740,2,Rural,No,No,No
3903,Haryana,50,Male,Primary,Private,Student,466098,38841,3,Rural,Yes,Yes,Yes
3904,Uttar Pradesh,46,Male,Secondary,Healthcare,Employed,373119,31093,2,Rural,No,Yes,Yes
3905,Tamil Nadu,43,Female,Secondary,Teacher,Self-employed,350750,29229,1,Urban,Yes,No,No
3906,Karnataka,19,Male,Primary,Student,Student,883018,73584,2,Rural,Yes,No,Yes
3907,Uttar Pradesh,21,Female,Graduate,Student,Unemployed,583674,48639,2,Rural,No,Yes,No
3908,Tamil Nadu,26,Female,Primary,Labour,Employed,416711,34725,2,Rural,No,No,No
3909,Maharashtra,67,Female,Graduate,Government,Employed,352639,29386,7,Urban,Yes,Yes,No
3910,Uttar Pradesh,46,Female,Graduate,Teacher,Employed,438233,36519,3,Rural,Yes,No,No
3911,Karnataka,61,Female,Higher Secondary,Private,Unemployed,273564,22797,1,Urban,No,No,No
3912,Uttar Pradesh,44,Female,Secondary,Farmer,Self-employed,589708,49142,5,Rural,No,No,No
3913,Punjab,78,Male,Postgraduate,Farmer,Student,750914,62576,1,Rural,No,Yes,No
3914,Rajasthan,39,Female,Primary,Teacher,Self-employed,778014,64834,1,Urban,Yes,Yes,Yes
3915,Gujarat,28,Female,Primary,Healthcare,Student,740025,61668,6,Urban,No,No,Yes
3916,Karnataka,46,Male,Postgraduate,Labour,Unemployed,391597,32633,8,Rural,Yes,No,No
3917,Rajasthan,27,Male,Higher Secondary,Business,Self-employed,501241,41770,1,Urban,No,Yes,Yes
3918,Uttar Pradesh,59,Female,Primary,Business,Self-employed,187115,15592,7,Urban,No,No,No
3919,Delhi,48,Male,Higher Secondary,Private,Student,202541,16878,2,Urban,No,Yes,Yes
3920,Delhi,76,Female,Primary,Private,Unemployed,618846,51570,7,Rural,No,No,Yes
3921,Rajasthan,21,Female,Higher Secondary,Teacher,Self-employed,989061,82421,8,Urban,No,No,No
3922,West Bengal,80,Male,Higher Secondary,Teacher,Unemployed,824057,68671,7,Urban,No,Yes,Yes
3923,Tamil Nadu,28,Male,Primary,Private,Employed,564098,47008,1,Rural,No,Yes,No
3924,Haryana,39,Male,Graduate,Student,Self-employed,311463,25955,6,Rural,No,No,Yes
3925,Rajasthan,51,Male,Graduate,Private,Employed,60000,5000,5,Urban,No,Yes,No
3926,Tamil Nadu,56,Male,Graduate,Labour,Self-employed,740559,61713,1,Urban,Yes,Yes,No
3927,Uttar Pradesh,73,Male,Postgraduate,Government,Student,60000,5000,7,Rural,Yes,Yes,Yes
3928,Gujarat,48,Female,Graduate,Farmer,Unemployed,120267,10022,4,Urban,Yes,No,Yes
3929,Punjab,56,Male,Graduate,Student,Employed,267844,22320,1,Rural,No,No,Yes
3930,Delhi,70,Male,Postgraduate,Engineer,Self-employed,470143,39178,1,Urban,Yes,Yes,Yes
3931,Uttar Pradesh,39,Male,Higher Secondary,Farmer,Unemployed,60000,5000,2,Rural,Yes,No,Yes
3932,Karnataka,46,Male,Secondary,Engineer,Student,1038208,86517,2,Rural,No,Yes,No
3933,Karnataka,68,Female,Postgraduate,Engineer,Self-employed,60000,5000,2,Rural,No,No,Yes
3934,Rajasthan,51,Male,Postgraduate,Healthcare,Unemployed,677982,56498,4,Urban,No,No,No
3935,Tamil Nadu,60,Female,Postgraduate,Farmer,Employed,670534,55877,5,Rural,Yes,No,Yes
3936,Maharashtra,38,Female,Graduate,Private,Unemployed,735345,61278,5,Rural,Yes,Yes,No
3937,Punjab,39,Female,Postgraduate,Healthcare,Student,109915,9159,6,Rural,Yes,No,No
3938,Rajasthan,47,Female,Graduate,Teacher,Student,589597,49133,7,Rural,No,No,Yes
3939,Punjab,19,Male,Primary,Teacher,Employed,473628,39469,4,Urban,Yes,Yes,Yes
3940,West Bengal,40,Female,Postgraduate,Healthcare,Self-employed,60000,5000,8,Urban,Yes,Yes,No
3941,Punjab,25,Female,Secondary,Student,Student,608523,50710,7,Rural,Yes,Yes,No
3942,Karnataka,47,Male,Postgraduate,Unemployed,Student,561372,46781,7,Rural,No,No,Yes
3943,Haryana,49,Male,Secondary,Unemployed,Student,164356,13696,4,Rural,Yes,No,Yes
3944,Haryana,75,Male,Primary,Unemployed,Self-employed,559559,46629,3,Rural,Yes,Yes,No
3945,Punjab,62,Male,Graduate,Teacher,Employed,450625,37552,2,Rural,Yes,No,No
3946,Punjab,69,Male,Higher Secondary,Unemployed,Self-employed,231768,19314,6,Rural,Yes,Yes,Yes
3947,Uttar Pradesh,29,Female,Postgraduate,Private,Self-employed,704303,58691,8,Urban,Yes,Yes,No
3948,Gujarat,23,Female,Postgraduate,Private,Self-employed,592331,49360,1,Urban,Yes,Yes,Yes
3949,Uttar Pradesh,64,Male,Graduate,Teacher,Unemployed,239249,19937,6,Rural,Yes,No,Yes
3950,Punjab,66,Female,Primary,Teacher,Self-employed,234080,19506,6,Rural,Yes,Yes,Yes
3951,Gujarat,58,Female,Higher Secondary,Healthcare,Employed,740562,61713,5,Rural,Yes,Yes,Yes
3952,Uttar Pradesh,49,Female,Postgraduate,Student,Student,363625,30302,1,Urban,No,Yes,No
3953,Gujarat,43,Female,Primary,Student,Student,1359553,113296,7,Urban,Yes,No,No
3954,Tamil Nadu,72,Male,Primary,Private,Self-employed,60000,5000,8,Rural,Yes,Yes,Yes
3955,Rajasthan,55,Female,Secondary,Unemployed,Student,418461,34871,1,Rural,No,Yes,No
3956,Karnataka,72,Male,Primary,Business,Unemployed,348026,29002,5,Rural,No,Yes,No
3957,Maharashtra,80,Male,Higher Secondary,Healthcare,Unemployed,432915,36076,3,Urban,Yes,No,No
3958,Maharashtra,73,Female,Postgraduate,Unemployed,Unemployed,497161,41430,4,Urban,No,Yes,Yes
3959,Tamil Nadu,69,Male,Postgraduate,Farmer,Unemployed,60000,5000,4,Urban,Yes,No,Yes
3960,Maharashtra,53,Female,Postgraduate,Engineer,Employed,288884,24073,2,Urban,No,No,No
3961,Haryana,74,Male,Postgraduate,Labour,Self-employed,482458,40204,3,Urban,Yes,No,Yes
3962,Karnataka,66,Female,Graduate,Business,Student,840845,70070,3,Rural,No,Yes,No
3963,Maharashtra,76,Female,Postgraduate,Labour,Unemployed,562197,46849,1,Rural,Yes,No,No
3964,Rajasthan,71,Female,Secondary,Teacher,Student,398195,33182,8,Urban,No,No,No
3965,Delhi,49,Male,Secondary,Teacher,Self-employed,888020,74001,3,Urban,No,No,Yes
3966,West Bengal,35,Female,Postgraduate,Healthcare,Unemployed,744344,62028,5,Rural,No,Yes,Yes
3967,Uttar Pradesh,73,Male,Graduate,Farmer,Employed,254935,21244,3,Rural,Yes,Yes,Yes
3968,Karnataka,75,Female,Graduate,Teacher,Student,613015,51084,2,Urban,Yes,Yes,Yes
3969,Maharashtra,75,Male,Primary,Labour,Unemployed,628872,52406,7,Urban,No,Yes,Yes
3970,Uttar Pradesh,73,Male,Primary,Teacher,Employed,317984,26498,8,Rural,No,No,No
3971,Haryana,48,Male,Primary,Engineer,Student,60000,5000,3,Urban,No,Yes,Yes
3972,Tamil Nadu,40,Female,Graduate,Student,Self-employed,499084,41590,8,Urban,Yes,Yes,Yes
3973,Tamil Nadu,68,Male,Higher Secondary,Student,Self-employed,513708,42809,4,Rural,Yes,Yes,Yes
3974,Uttar Pradesh,26,Female,Secondary,Business,Employed,521387,43448,2,Rural,No,No,Yes
3975,Karnataka,26,Female,Secondary,Student,Unemployed,588441,49036,5,Rural,No,Yes,Yes
3976,Delhi,29,Female,Postgraduate,Business,Employed,607371,50614,6,Urban,Yes,No,Yes
3977,Tamil Nadu,65,Male,Graduate,Private,Student,606664,50555,2,Urban,No,Yes,Yes
3978,Tamil Nadu,38,Female,Secondary,Unemployed,Employed,405662,33805,1,Urban,No,No,No
3979,Haryana,19,Female,Graduate,Government,Student,468644,39053,7,Rural,No,Yes,No
3980,West Bengal,77,Female,Secondary,Teacher,Employed,60000,5000,8,Urban,No,Yes,Yes
3981,Tamil Nadu,75,Male,Postgraduate,Private,Unemployed,456636,38053,7,Rural,Yes,Yes,Yes
3982,Tamil Nadu,20,Female,Graduate,Teacher,Employed,497577,41464,4,Urban,No,Yes,Yes
3983,Haryana,44,Female,Secondary,Teacher,Student,540501,45041,1,Urban,Yes,No,Yes
3984,Delhi,76,Male,Postgraduate,Teacher,Student,316997,26416,4,Rural,No,No,No
3985,Gujarat,50,Male,Secondary,Teacher,Self-employed,654121,54510,6,Urban,Yes,No,No
3986,Punjab,49,Female,Primary,Business,Self-employed,521465,43455,5,Rural,No,No,No
3987,Punjab,42,Male,Primary,Teacher,Employed,646129,53844,6,Rural,No,No,No
3988,West Bengal,63,Male,Postgraduate,Unemployed,Student,411112,34259,3,Urban,Yes,No,No
3989,Delhi,39,Female,Postgraduate,Teacher,Employed,565995,47166,8,Rural,Yes,Yes,No
3990,Delhi,69,Female,Higher Secondary,Student,Student,241942,20161,2,Urban,Yes,No,Yes
3991,West Bengal,20,Male,Postgraduate,Business,Student,441847,36820,2,Rural,No,Yes,Yes
3992,Delhi,36,Male,Postgraduate,Farmer,Employed,113608,9467,1,Rural,Yes,No,Yes
3993,Maharashtra,32,Female,Postgraduate,Farmer,Employed,631577,52631,5,Rural,No,No,No
3994,Maharashtra,45,Female,Postgraduate,Teacher,Student,884506,73708,5,Rural,No,Yes,No
3995,Karnataka,22,Male,Primary,Healthcare,Employed,60000,5000,3,Urban,No,No,Yes
3996,Punjab,56,Male,Primary,Government,Employed,618927,51577,2,Rural,Yes,No,Yes
3997,Gujarat,63,Male,Higher Secondary,Engineer,Self-employed,700270,58355,6,Urban,No,No,No
3998,Uttar Pradesh,30,Female,Graduate,Private,Unemployed,663240,55270,1,Rural,No,No,Yes
3999,Maharashtra,53,Female,Secondary,Healthcare,Self-employed,666423,55535,1,Rural,Yes,No,Yes
4000,Tamil Nadu,37,Male,Secondary,Teacher,Self-employed,538913,44909,4,Urban,Yes,No,Yes
4001,Rajasthan,54,Male,Higher Secondary,Engineer,Self-employed,876601,73050,2,Rural,No,Yes,No
4002,Haryana,29,Female,Postgraduate,Private,Self-employed,682348,56862,6,Urban,No,Yes,Yes
4003,Haryana,55,Male,Higher Secondary,Business,Employed,507030,42252,4,Rural,Yes,No,No
4004,Maharashtra,47,Female,Graduate,Labour,Unemployed,569088,47424,5,Rural,Yes,Yes,No
4005,Uttar Pradesh,48,Female,Postgraduate,Labour,Unemployed,370813,30901,5,Urban,No,No,Yes
4006,Delhi,67,Male,Primary,Business,Employed,431328,35944,8,Rural,Yes,Yes,No
4007,Gujarat,45,Female,Primary,Teacher,Student,847505,70625,3,Rural,No,No,No
4008,Gujarat,72,Male,Primary,Healthcare,Student,331654,27637,8,Urban,No,Yes,Yes
4009,West Bengal,75,Female,Secondary,Farmer,Student,719830,59985,2,Rural,Yes,No,Yes
4010,Punjab,72,Female,Graduate,Teacher,Unemployed,638971,53247,6,Rural,Yes,Yes,Yes
4011,Rajasthan,46,Male,Primary,Healthcare,Student,777702,64808,2,Urban,No,No,Yes
4012,Maharashtra,46,Male,Higher Secondary,Government,Unemployed,381282,31773,4,Rural,Yes,No,No
4013,Karnataka,22,Male,Postgraduate,Business,Self-employed,385905,32158,1,Rural,No,No,Yes
4014,West Bengal,46,Male,Higher Secondary,Farmer,Employed,806088,67174,4,Rural,No,Yes,No
4015,Uttar Pradesh,19,Male,Secondary,Farmer,Employed,945061,78755,3,Rural,No,No,Yes
4016,Gujarat,38,Female,Postgraduate,Unemployed,Self-employed,713853,59487,6,Urban,Yes,Yes,No
4017,Punjab,50,Female,Graduate,Government,Student,818957,68246,4,Rural,Yes,Yes,No
4018,Haryana,37,Female,Secondary,Student,Student,441563,36796,5,Urban,Yes,No,No
4019,Punjab,37,Female,Graduate,Engineer,Unemployed,552859,46071,6,Urban,Yes,No,No
4020,Uttar Pradesh,46,Female,Secondary,Business,Unemployed,304304,25358,1,Urban,No,Yes,No
4021,Delhi,56,Male,Primary,Engineer,Employed,690990,57582,8,Urban,No,Yes,Yes
4022,Punjab,44,Male,Graduate,Labour,Unemployed,284539,23711,4,Rural,Yes,No,No
4023,Karnataka,26,Female,Higher Secondary,Teacher,Self-employed,303682,25306,6,Urban,Yes,Yes,Yes
4024,Tamil Nadu,45,Female,Higher Secondary,Government,Employed,412673,34389,3,Urban,Yes,No,No
4025,Haryana,66,Male,Primary,Teacher,Self-employed,549158,45763,3,Rural,No,No,No
4026,Uttar Pradesh,47,Female,Secondary,Labour,Self-employed,588951,49079,5,Urban,Yes,No,No
4027,Uttar Pradesh,72,Female,Postgraduate,Student,Employed,587742,48978,6,Rural,No,Yes,No
4028,West Bengal,21,Female,Graduate,Farmer,Student,623383,51948,8,Rural,Yes,Yes,Yes
4029,Karnataka,65,Female,Graduate,Student,Student,380597,31716,3,Rural,Yes,No,No
4030,Uttar Pradesh,20,Female,Postgraduate,Unemployed,Student,591218,49268,2,Rural,Yes,Yes,No
4031,Haryana,32,Male,Postgraduate,Engineer,Employed,79256,6604,6,Urban,Yes,No,No
4032,Rajasthan,52,Male,Secondary,Labour,Self-employed,504749,42062,1,Rural,No,Yes,Yes
4033,Haryana,55,Female,Graduate,Farmer,Student,169528,14127,3,Urban,No,No,No
4034,Punjab,72,Female,Graduate,Teacher,Employed,641868,53489,2,Urban,No,No,Yes
4035,Delhi,67,Male,Postgraduate,Teacher,Employed,673208,56100,5,Rural,Yes,Yes,Yes
4036,West Bengal,46,Male,Higher Secondary,Engineer,Employed,365967,30497,8,Urban,Yes,No,No
4037,Rajasthan,48,Male,Primary,Private,Student,60000,5000,1,Urban,No,Yes,Yes
4038,Karnataka,34,Female,Primary,Farmer,Employed,316122,26343,6,Urban,No,No,No
4039,Rajasthan,41,Male,Primary,Teacher,Student,628904,52408,3,Urban,Yes,No,No
4040,West Bengal,72,Male,Primary,Business,Unemployed,663431,55285,1,Rural,Yes,Yes,No
4041,Gujarat,73,Male,Primary,Private,Student,400774,33397,4,Urban,No,Yes,No
4042,Tamil Nadu,22,Male,Higher Secondary,Teacher,Unemployed,559412,46617,8,Urban,Yes,No,Yes
4043,Delhi,28,Male,Higher Secondary,Labour,Self-employed,461606,38467,8,Rural,No,Yes,Yes
4044,Haryana,35,Male,Secondary,Private,Unemployed,849525,70793,8,Rural,No,No,Yes
4045,Haryana,46,Female,Postgraduate,Student,Student,709142,59095,2,Urban,Yes,Yes,Yes
4046,Maharashtra,64,Male,Secondary,Student,Self-employed,288323,24026,1,Urban,No,Yes,Yes
4047,Gujarat,20,Male,Graduate,Unemployed,Employed,323653,26971,7,Urban,Yes,Yes,No
4048,Rajasthan,69,Male,Secondary,Healthcare,Self-employed,515842,42986,6,Rural,No,No,No
4049,Karnataka,40,Male,Primary,Unemployed,Employed,376140,31345,5,Urban,No,No,Yes
4050,West Bengal,28,Female,Postgraduate,Farmer,Student,371255,30937,4,Urban,No,Yes,Yes
4051,Karnataka,35,Female,Secondary,Business,Unemployed,784959,65413,1,Rural,No,No,No
4052,Punjab,64,Female,Higher Secondary,Healthcare,Employed,677222,56435,5,Rural,Yes,No,No
4053,Uttar Pradesh,57,Male,Graduate,Student,Self-employed,534496,44541,8,Urban,Yes,Yes,No
4054,Uttar Pradesh,42,Female,Primary,Healthcare,Student,467209,38934,7,Urban,Yes,Yes,Yes
4055,Rajasthan,28,Female,Higher Secondary,Student,Unemployed,208651,17387,6,Urban,No,Yes,Yes
4056,Haryana,56,Female,Graduate,Engineer,Employed,914429,76202,8,Rural,No,No,No
4057,Rajasthan,25,Female,Postgraduate,Government,Self-employed,735620,61301,3,Rural,No,Yes,Yes
4058,Tamil Nadu,56,Female,Secondary,Business,Student,434530,36210,1,Rural,No,No,Yes
4059,Karnataka,31,Male,Secondary,Student,Self-employed,826303,68858,4,Urban,No,No,Yes
4060,Haryana,69,Male,Primary,Teacher,Self-employed,165419,13784,5,Rural,No,No,No
4061,Maharashtra,73,Male,Graduate,Student,Unemployed,537422,44785,6,Rural,No,No,No
4062,Maharashtra,23,Male,Primary,Teacher,Self-employed,904742,75395,1,Rural,No,No,No
4063,Uttar Pradesh,29,Female,Higher Secondary,Government,Student,515285,42940,7,Rural,No,No,No
4064,Uttar Pradesh,49,Female,Higher Secondary,Student,Self-employed,342592,28549,5,Rural,Yes,No,No
4065,Uttar Pradesh,55,Male,Higher Secondary,Teacher,Unemployed,753266,62772,4,Urban,No,Yes,No
4066,Tamil Nadu,31,Male,Postgraduate,Farmer,Self-employed,859183,71598,5,Urban,Yes,Yes,Yes
4067,Delhi,61,Male,Postgraduate,Private,Unemployed,274978,22914,4,Rural,Yes,Yes,Yes
4068,Karnataka,64,Male,Higher Secondary,Farmer,Employed,322952,26912,3,Urban,Yes,No,No
4069,Maharashtra,65,Female,Postgraduate,Teacher,Self-employed,693595,57799,6,Rural,No,No,Yes
4070,Tamil Nadu,43,Female,Primary,Student,Self-employed,422262,35188,3,Urban,Yes,Yes,Yes
4071,Maharashtra,41,Female,Primary,Private,Unemployed,710787,59232,5,Rural,Yes,No,No
4072,Rajasthan,77,Male,Primary,Unemployed,Student,434523,36210,5,Urban,Yes,Yes,No
4073,Gujarat,18,Male,Higher Secondary,Unemployed,Employed,196985,16415,6,Rural,No,Yes,Yes
4074,Delhi,45,Male,Higher Secondary,Labour,Employed,794669,66222,2,Urban,Yes,Yes,Yes
4075,Karnataka,30,Male,Secondary,Teacher,Student,657086,54757,3,Urban,Yes,No,Yes
4076,Punjab,27,Male,Primary,Engineer,Student,267460,22288,3,Rural,No,Yes,No
4077,Tamil Nadu,77,Female,Higher Secondary,Government,Self-employed,351176,29264,3,Urban,Yes,No,Yes
4078,Gujarat,18,Female,Higher Secondary,Private,Student,366839,30569,3,Urban,Yes,Yes,No
4079,Punjab,66,Female,Primary,Business,Unemployed,345505,28792,2,Rural,Yes,No,Yes
4080,Uttar Pradesh,19,Male,Primary,Engineer,Unemployed,189252,15771,8,Rural,No,Yes,Yes
4081,Delhi,31,Male,Primary,Healthcare,Student,501877,41823,7,Rural,No,Yes,Yes
4082,Rajasthan,59,Male,Graduate,Private,Employed,807848,67320,4,Urban,No,Yes,Yes
4083,West Bengal,79,Female,Postgraduate,Business,Employed,169038,14086,8,Urban,No,Yes,Yes
4084,Rajasthan,69,Female,Primary,Business,Employed,536819,44734,6,Urban,Yes,Yes,No
4085,Tamil Nadu,34,Male,Graduate,Private,Self-employed,481246,40103,8,Urban,Yes,No,Yes
4086,Maharashtra,68,Female,Higher Secondary,Government,Self-employed,412823,34401,3,Urban,No,No,No
4087,Delhi,53,Female,Secondary,Unemployed,Unemployed,717240,59770,1,Rural,No,No,No
4088,West Bengal,29,Female,Postgraduate,Private,Employed,326272,27189,6,Urban,No,No,No
4089,Tamil Nadu,52,Male,Higher Secondary,Healthcare,Student,699719,58309,5,Urban,Yes,No,Yes
4090,West Bengal,73,Male,Secondary,Teacher,Student,155023,12918,6,Rural,No,No,No
4091,Gujarat,43,Female,Graduate,Healthcare,Self-employed,365252,30437,7,Urban,Yes,No,No
4092,Gujarat,67,Female,Secondary,Labour,Self-employed,773739,64478,2,Urban,No,No,Yes
4093,Rajasthan,26,Female,Secondary,Unemployed,Student,470081,39173,4,Urban,Yes,Yes,No
4094,Punjab,39,Male,Primary,Private,Unemployed,605220,50435,4,Urban,Yes,No,Yes
4095,West Bengal,80,Male,Higher Secondary,Student,Employed,621295,51774,7,Urban,Yes,Yes,No
4096,Punjab,69,Male,Higher Secondary,Student,Self-employed,579484,48290,2,Rural,No,Yes,No
4097,Uttar Pradesh,36,Male,Secondary,Private,Unemployed,254077,21173,7,Urban,Yes,Yes,No
4098,Gujarat,68,Male,Secondary,Unemployed,Self-employed,374562,31213,2,Rural,No,Yes,Yes
4099,Uttar Pradesh,65,Female,Postgraduate,Teacher,Unemployed,453526,37793,4,Urban,No,Yes,No
4100,Rajasthan,31,Male,Higher Secondary,Unemployed,Unemployed,186561,15546,7,Rural,No,Yes,Yes
4101,Maharashtra,25,Male,Higher Secondary,Private,Self-employed,520590,43382,5,Rural,No,No,Yes
4102,Karnataka,68,Male,Secondary,Farmer,Self-employed,325984,27165,1,Urban,No,Yes,Yes
4103,Gujarat,39,Female,Postgraduate,Student,Unemployed,116129,9677,3,Rural,No,No,No
4104,Karnataka,49,Female,Postgraduate,Teacher,Self-employed,161970,13497,8,Urban,Yes,Yes,No
4105,West Bengal,37,Female,Primary,Labour,Self-employed,184114,15342,1,Urban,Yes,No,Yes
4106,Uttar Pradesh,28,Male,Higher Secondary,Farmer,Self-employed,594565,49547,4,Urban,No,Yes,No
4107,Punjab,27,Male,Primary,Labour,Student,68341,5695,4,Urban,Yes,Yes,No
4108,Maharashtra,55,Female,Graduate,Labour,Unemployed,104536,8711,4,Urban,No,Yes,No
4109,Maharashtra,68,Female,Secondary,Business,Unemployed,515684,42973,3,Urban,No,No,Yes
4110,Uttar Pradesh,40,Male,Graduate,Student,Employed,516955,43079,3,Rural,No,Yes,No
4111,Haryana,64,Female,Graduate,Engineer,Employed,264704,22058,6,Rural,Yes,Yes,No
4112,Rajasthan,46,Male,Secondary,Unemployed,Employed,523901,43658,3,Urban,Yes,Yes,No
4113,Delhi,52,Female,Primary,Private,Employed,141792,11816,8,Rural,No,Yes,No
4114,Punjab,59,Male,Secondary,Farmer,Unemployed,925599,77133,5,Urban,No,No,Yes
4115,Karnataka,75,Male,Postgraduate,Healthcare,Unemployed,277091,23090,6,Urban,Yes,Yes,Yes
4116,Uttar Pradesh,24,Male,Postgraduate,Farmer,Student,952072,79339,8,Rural,Yes,Yes,No
4117,Punjab,65,Male,Graduate,Healthcare,Employed,545296,45441,8,Urban,Yes,No,Yes
4118,Gujarat,44,Male,Higher Secondary,Engineer,Self-employed,690783,57565,4,Urban,Yes,Yes,Yes
4119,Uttar Pradesh,19,Male,Primary,Farmer,Unemployed,439728,36644,5,Urban,No,No,Yes
4120,Maharashtra,34,Female,Secondary,Farmer,Self-employed,729437,60786,2,Rural,No,Yes,No
4121,Haryana,54,Male,Graduate,Teacher,Employed,342076,28506,4,Urban,Yes,No,Yes
4122,Rajasthan,57,Male,Postgraduate,Farmer,Employed,567634,47302,4,Urban,No,Yes,No
4123,Haryana,40,Female,Graduate,Government,Self-employed,747440,62286,4,Rural,No,Yes,Yes
4124,Maharashtra,67,Female,Higher Secondary,Private,Employed,390680,32556,7,Rural,Yes,No,Yes
4125,Tamil Nadu,22,Female,Graduate,Private,Employed,462470,38539,5,Rural,No,No,Yes
4126,Uttar Pradesh,69,Male,Higher Secondary,Business,Employed,724466,60372,1,Urban,No,Yes,No
4127,Maharashtra,38,Female,Secondary,Engineer,Employed,255986,21332,1,Urban,No,No,No
4128,West Bengal,35,Male,Primary,Engineer,Self-employed,514931,42910,4,Rural,Yes,Yes,Yes
4129,Haryana,64,Male,Primary,Private,Self-employed,310152,25846,7,Rural,No,No,Yes
4130,Gujarat,77,Female,Graduate,Private,Student,546797,45566,6,Rural,No,No,Yes
4131,Delhi,57,Male,Secondary,Teacher,Self-employed,531659,44304,6,Rural,Yes,Yes,Yes
4132,Tamil Nadu,31,Male,Secondary,Healthcare,Employed,460954,38412,2,Urban,Yes,Yes,No
4133,Delhi,39,Male,Postgraduate,Healthcare,Student,208771,17397,4,Rural,No,Yes,Yes
4134,Punjab,59,Male,Higher Secondary,Unemployed,Unemployed,479181,39931,3,Rural,Yes,No,No
4135,Maharashtra,60,Female,Postgraduate,Unemployed,Self-employed,1248878,104073,4,Urban,No,Yes,Yes
4136,Tamil Nadu,52,Female,Secondary,Labour,Employed,888114,74009,1,Rural,Yes,No,No
4137,Rajasthan,34,Female,Higher Secondary,Labour,Self-employed,506327,42193,8,Urban,Yes,Yes,No
4138,Delhi,80,Male,Secondary,Teacher,Self-employed,93067,7755,5,Urban,Yes,Yes,Yes
4139,Rajasthan,78,Male,Primary,Farmer,Unemployed,505690,42140,4,Rural,No,No,Yes
4140,Punjab,25,Female,Postgraduate,Engineer,Employed,822184,68515,1,Urban,No,Yes,Yes
4141,Gujarat,70,Female,Primary,Labour,Self-employed,605322,50443,5,Urban,Yes,Yes,Yes
4142,Rajasthan,77,Male,Secondary,Engineer,Employed,385539,32128,6,Rural,Yes,Yes,No
4143,Delhi,72,Female,Graduate,Healthcare,Employed,523372,43614,6,Urban,Yes,Yes,Yes
4144,Gujarat,49,Male,Higher Secondary,Farmer,Employed,653482,54456,6,Rural,No,Yes,Yes
4145,Uttar Pradesh,29,Female,Graduate,Student,Student,60000,5000,1,Urban,No,Yes,No
4146,West Bengal,72,Male,Secondary,Student,Student,342363,28530,7,Urban,Yes,No,No
4147,West Bengal,63,Female,Higher Secondary,Farmer,Self-employed,682461,56871,4,Urban,No,Yes,No
4148,Tamil Nadu,63,Male,Higher Secondary,Student,Self-employed,1039098,86591,4,Rural,Yes,No,No
4149,Tamil Nadu,66,Female,Primary,Healthcare,Unemployed,333105,27758,7,Urban,Yes,Yes,No
4150,Maharashtra,63,Male,Graduate,Unemployed,Student,698736,58228,2,Rural,No,No,Yes
4151,Uttar Pradesh,52,Female,Higher Secondary,Teacher,Student,215812,17984,8,Urban,Yes,No,No
4152,Gujarat,41,Male,Secondary,Teacher,Employed,455808,37984,1,Rural,Yes,No,No
4153,Punjab,30,Male,Primary,Private,Unemployed,641740,53478,2,Urban,No,Yes,No
4154,Maharashtra,47,Female,Graduate,Farmer,Unemployed,586954,48912,2,Rural,No,Yes,Yes
4155,Punjab,56,Female,Primary,Farmer,Student,816175,68014,5,Rural,No,Yes,Yes
4156,West Bengal,61,Female,Primary,Government,Student,162178,13514,7,Urban,No,Yes,Yes
4157,Karnataka,46,Male,Secondary,Farmer,Unemployed,246349,20529,3,Urban,Yes,No,No
4158,Rajasthan,77,Male,Graduate,Farmer,Employed,782779,65231,8,Urban,Yes,Yes,No
4159,Rajasthan,58,Male,Secondary,Business,Employed,559147,46595,8,Rural,No,Yes,Yes
4160,Maharashtra,22,Male,Graduate,Business,Student,173778,14481,2,Urban,Yes,No,Yes
4161,Uttar Pradesh,27,Male,Postgraduate,Engineer,Self-employed,313590,26132,7,Urban,No,No,Yes
4162,Tamil Nadu,35,Female,Primary,Labour,Employed,694418,57868,4,Rural,Yes,No,Yes
4163,Delhi,48,Female,Primary,Engineer,Self-employed,191283,15940,4,Rural,Yes,Yes,No
4164,Punjab,29,Female,Secondary,Unemployed,Employed,356669,29722,8,Rural,No,Yes,No
4165,Punjab,33,Male,Primary,Student,Self-employed,321482,26790,1,Urban,No,Yes,Yes
4166,Rajasthan,43,Female,Secondary,Healthcare,Unemployed,494117,41176,1,Urban,Yes,Yes,Yes
4167,Maharashtra,44,Female,Postgraduate,Labour,Unemployed,440987,36748,5,Urban,No,Yes,No
4168,Gujarat,76,Female,Secondary,Farmer,Employed,722159,60179,3,Rural,Yes,No,No
4169,Delhi,57,Female,Primary,Business,Employed,239865,19988,6,Urban,Yes,Yes,No
4170,Haryana,26,Male,Higher Secondary,Student,Unemployed,612613,51051,6,Urban,No,Yes,No
4171,Delhi,77,Female,Primary,Farmer,Self-employed,314963,26246,6,Urban,No,Yes,Yes
4172,Haryana,21,Female,Postgraduate,Private,Self-employed,364819,30401,2,Rural,No,Yes,No
4173,Rajasthan,63,Male,Primary,Teacher,Student,391785,32648,6,Urban,No,Yes,Yes
4174,Maharashtra,47,Male,Graduate,Government,Employed,870874,72572,1,Rural,Yes,Yes,No
4175,Karnataka,21,Male,Graduate,Private,Student,642658,53554,5,Rural,No,Yes,Yes
4176,Gujarat,39,Female,Secondary,Teacher,Student,501303,41775,2,Urban,No,No,No
4177,Tamil Nadu,37,Female,Postgraduate,Business,Student,60000,5000,6,Urban,Yes,No,No
4178,Uttar Pradesh,45,Male,Secondary,Farmer,Self-employed,792570,66047,7,Rural,No,No,Yes
4179,Punjab,79,Female,Graduate,Government,Student,481816,40151,8,Urban,Yes,No,No
4180,Uttar Pradesh,27,Male,Postgraduate,Student,Unemployed,953188,79432,5,Urban,No,Yes,Yes
4181,Haryana,27,Female,Postgraduate,Unemployed,Employed,382600,31883,6,Urban,Yes,No,Yes
4182,Gujarat,66,Male,Secondary,Teacher,Student,489937,40828,6,Rural,Yes,No,Yes
4183,Delhi,32,Female,Primary,Unemployed,Self-employed,677597,56466,7,Urban,No,Yes,Yes
4184,Rajasthan,37,Female,Graduate,Engineer,Self-employed,792218,66018,7,Rural,No,No,No
4185,Maharashtra,79,Female,Higher Secondary,Engineer,Self-employed,587024,48918,8,Urban,No,Yes,Yes
4186,Maharashtra,77,Female,Postgraduate,Farmer,Employed,739097,61591,5,Urban,Yes,No,No
4187,Rajasthan,29,Female,Graduate,Teacher,Employed,354641,29553,1,Rural,Yes,Yes,No
4188,West Bengal,62,Female,Postgraduate,Government,Self-employed,383591,31965,5,Urban,No,Yes,No
4189,Maharashtra,57,Male,Postgraduate,Farmer,Unemployed,428521,35710,7,Rural,No,No,No
4190,Rajasthan,54,Female,Primary,Healthcare,Unemployed,542355,45196,4,Urban,Yes,No,Yes
4191,Maharashtra,73,Female,Secondary,Healthcare,Student,640595,53382,2,Urban,No,Yes,Yes
4192,Karnataka,67,Male,Higher Secondary,Labour,Unemployed,156468,13039,7,Urban,No,No,No
4193,Uttar Pradesh,27,Male,Graduate,Healthcare,Unemployed,281762,23480,7,Rural,No,Yes,Yes
4194,Karnataka,46,Male,Postgraduate,Business,Student,530801,44233,5,Urban,No,Yes,Yes
4195,West Bengal,51,Female,Secondary,Healthcare,Student,714969,59580,5,Urban,No,Yes,Yes
4196,Delhi,22,Female,Higher Secondary,Business,Student,187969,15664,2,Urban,Yes,Yes,No
4197,Uttar Pradesh,76,Female,Graduate,Farmer,Employed,841547,70128,1,Rural,No,Yes,Yes
4198,Karnataka,36,Male,Postgraduate,Labour,Unemployed,319028,26585,5,Urban,Yes,Yes,No
4199,Tamil Nadu,78,Female,Primary,Private,Student,158191,13182,5,Rural,No,Yes,No
4200,Tamil Nadu,37,Male,Secondary,Teacher,Unemployed,447531,37294,8,Urban,No,No,No
4201,Rajasthan,80,Female,Graduate,Teacher,Unemployed,783879,65323,5,Rural,No,Yes,No
4202,Uttar Pradesh,63,Male,Secondary,Business,Unemployed,918532,76544,2,Rural,Yes,No,Yes
4203,Tamil Nadu,56,Female,Postgraduate,Teacher,Employed,859262,71605,3,Urban,No,Yes,Yes
4204,Uttar Pradesh,74,Female,Higher Secondary,Business,Employed,340192,28349,5,Urban,No,No,Yes
4205,Punjab,65,Female,Secondary,Government,Student,272551,22712,2,Urban,No,No,Yes
4206,Tamil Nadu,25,Female,Primary,Unemployed,Self-employed,250242,20853,3,Rural,No,Yes,No
4207,West Bengal,40,Female,Postgraduate,Labour,Unemployed,95276,7939,2,Urban,Yes,No,No
4208,Punjab,19,Male,Graduate,Unemployed,Student,598890,49907,3,Urban,No,No,No
4209,Maharashtra,67,Female,Postgraduate,Business,Employed,447071,37255,6,Rural,Yes,No,No
4210,Delhi,23,Male,Secondary,Unemployed,Self-employed,694069,57839,7,Rural,Yes,Yes,Yes
4211,Uttar Pradesh,65,Female,Primary,Unemployed,Employed,579532,48294,3,Urban,No,Yes,Yes
4212,Gujarat,23,Female,Secondary,Private,Employed,299015,24917,2,Rural,Yes,Yes,No
4213,Haryana,20,Male,Higher Secondary,Government,Employed,222414,18534,7,Rural,No,Yes,Yes
4214,Karnataka,58,Female,Postgraduate,Business,Student,406219,33851,5,Urban,Yes,No,No
4215,Maharashtra,79,Female,Primary,Engineer,Unemployed,634703,52891,3,Urban,Yes,No,No
4216,Rajasthan,24,Female,Postgraduate,Business,Employed,240146,20012,4,Rural,Yes,No,No
4217,Punjab,59,Male,Postgraduate,Healthcare,Unemployed,1084721,90393,1,Rural,No,Yes,No
4218,Uttar Pradesh,46,Female,Higher Secondary,Unemployed,Employed,537456,44788,4,Rural,No,Yes,Yes
4219,Gujarat,76,Female,Primary,Private,Unemployed,463928,38660,6,Rural,Yes,Yes,No
4220,Karnataka,52,Male,Graduate,Farmer,Self-employed,737473,61456,1,Rural,No,Yes,No
4221,Gujarat,50,Female,Secondary,Student,Employed,771258,64271,4,Urban,No,Yes,No
4222,Haryana,19,Male,Secondary,Engineer,Unemployed,361650,30137,7,Rural,Yes,No,No
4223,Delhi,23,Female,Graduate,Labour,Employed,60000,5000,6,Urban,No,Yes,No
4224,Karnataka,63,Female,Postgraduate,Government,Employed,694371,57864,8,Rural,Yes,No,Yes
4225,Punjab,80,Female,Primary,Engineer,Self-employed,850136,70844,1,Rural,No,No,Yes
4226,Rajasthan,72,Male,Graduate,Unemployed,Employed,416946,34745,7,Urban,No,No,No
4227,Maharashtra,66,Male,Graduate,Student,Student,585760,48813,6,Urban,Yes,Yes,No
4228,Karnataka,60,Male,Graduate,Business,Employed,673294,56107,8,Rural,No,No,Yes
4229,Uttar Pradesh,76,Male,Postgraduate,Healthcare,Employed,318886,26573,6,Rural,Yes,No,Yes
4230,Punjab,48,Male,Postgraduate,Private,Employed,656280,54690,2,Urban,No,Yes,No
4231,Karnataka,22,Male,Higher Secondary,Healthcare,Employed,564606,47050,8,Urban,No,No,Yes
4232,Delhi,22,Male,Primary,Private,Unemployed,546489,45540,5,Rural,Yes,Yes,No
4233,Maharashtra,60,Male,Postgraduate,Engineer,Self-employed,553530,46127,5,Rural,No,Yes,No
4234,Rajasthan,58,Female,Secondary,Labour,Self-employed,557393,46449,4,Rural,Yes,No,No
4235,Tamil Nadu,55,Male,Primary,Engineer,Self-employed,558703,46558,6,Rural,No,No,Yes
4236,Delhi,35,Female,Graduate,Engineer,Unemployed,806243,67186,6,Rural,No,No,Yes
4237,West Bengal,45,Male,Secondary,Teacher,Student,725576,60464,5,Urban,No,No,No
4238,Delhi,44,Female,Higher Secondary,Business,Unemployed,392464,32705,5,Rural,No,No,Yes
4239,Maharashtra,74,Female,Secondary,Government,Unemployed,112632,9386,2,Urban,No,Yes,No
4240,Punjab,28,Male,Secondary,Teacher,Self-employed,724565,60380,1,Rural,No,No,No
4241,West Bengal,70,Female,Higher Secondary,Private,Unemployed,424209,35350,7,Urban,No,Yes,No
4242,West Bengal,23,Male,Secondary,Labour,Employed,793129,66094,5,Urban,Yes,Yes,No
4243,Haryana,19,Male,Secondary,Labour,Self-employed,322901,26908,8,Rural,Yes,Yes,Yes
4244,Uttar Pradesh,31,Male,Secondary,Business,Employed,444386,37032,2,Urban,No,No,Yes
4245,Karnataka,56,Male,Secondary,Student,Unemployed,637407,53117,2,Urban,No,Yes,No
4246,West Bengal,39,Male,Secondary,Teacher,Self-employed,603448,50287,3,Rural,Yes,No,Yes
4247,Punjab,39,Female,Graduate,Teacher,Self-employed,780776,65064,5,Rural,No,Yes,No
4248,Punjab,65,Male,Secondary,Engineer,Self-employed,454768,37897,2,Rural,No,No,Yes
4249,Uttar Pradesh,46,Male,Postgraduate,Private,Self-employed,108556,9046,4,Urban,No,Yes,Yes
4250,Tamil Nadu,50,Male,Graduate,Business,Self-employed,200163,16680,3,Urban,Yes,No,No
4251,Gujarat,48,Male,Graduate,Farmer,Unemployed,456797,38066,1,Urban,No,Yes,Yes
4252,Tamil Nadu,69,Male,Higher Secondary,Farmer,Unemployed,297491,24790,1,Urban,No,Yes,No
4253,Uttar Pradesh,32,Male,Graduate,Private,Unemployed,510719,42559,3,Urban,Yes,Yes,Yes
4254,Rajasthan,74,Male,Primary,Farmer,Self-employed,628748,52395,6,Rural,No,Yes,No
4255,Delhi,44,Male,Postgraduate,Labour,Employed,152240,12686,6,Rural,No,No,No
4256,Rajasthan,71,Male,Higher Secondary,Private,Unemployed,664193,55349,7,Urban,No,Yes,No
4257,Tamil Nadu,53,Male,Higher Secondary,Labour,Self-employed,188236,15686,4,Urban,No,Yes,No
4258,Rajasthan,50,Female,Graduate,Teacher,Unemployed,331863,27655,1,Rural,Yes,No,Yes
4259,Punjab,66,Female,Primary,Private,Employed,603969,50330,8,Rural,Yes,Yes,No
4260,West Bengal,40,Female,Primary,Student,Student,579899,48324,5,Rural,No,No,No
4261,Karnataka,23,Male,Secondary,Government,Employed,380201,31683,7,Urban,No,No,No
4262,Gujarat,22,Female,Postgraduate,Engineer,Self-employed,60000,5000,1,Urban,No,Yes,No
4263,Gujarat,43,Female,Graduate,Unemployed,Employed,434886,36240,4,Urban,No,Yes,Yes
4264,Punjab,53,Female,Secondary,Healthcare,Student,631118,52593,4,Rural,No,No,Yes
4265,Rajasthan,62,Male,Primary,Labour,Student,337739,28144,5,Rural,Yes,No,Yes
4266,Tamil Nadu,69,Male,Secondary,Government,Employed,460511,38375,7,Urban,Yes,Yes,Yes
4267,Karnataka,78,Male,Primary,Unemployed,Unemployed,432803,36066,2,Urban,No,No,No
4268,Karnataka,59,Female,Secondary,Healthcare,Student,903980,75331,5,Urban,Yes,Yes,No
4269,Gujarat,39,Male,Graduate,Labour,Student,371336,30944,2,Rural,Yes,Yes,Yes
4270,West Bengal,57,Male,Secondary,Government,Unemployed,385257,32104,5,Rural,No,No,Yes
4271,Haryana,58,Female,Higher Secondary,Engineer,Student,552861,46071,5,Urban,Yes,Yes,No
4272,Gujarat,64,Female,Higher Secondary,Unemployed,Self-employed,529441,44120,7,Rural,No,No,Yes
4273,Gujarat,75,Male,Primary,Labour,Employed,532720,44393,1,Rural,No,No,No
4274,Tamil Nadu,50,Male,Higher Secondary,Healthcare,Student,405369,33780,5,Urban,Yes,No,No
4275,Punjab,72,Female,Primary,Labour,Self-employed,638360,53196,8,Rural,Yes,Yes,No
4276,West Bengal,45,Female,Higher Secondary,Student,Unemployed,363157,30263,6,Rural,No,Yes,No
4277,Tamil Nadu,39,Female,Higher Secondary,Private,Employed,814637,67886,5,Urban,No,No,Yes
4278,Delhi,36,Male,Secondary,Engineer,Employed,467336,38944,4,Urban,No,Yes,No
4279,Karnataka,69,Female,Postgraduate,Private,Employed,982256,81854,1,Urban,No,Yes,Yes
4280,Tamil Nadu,61,Male,Secondary,Student,Student,617574,51464,8,Rural,Yes,Yes,No
4281,West Bengal,63,Female,Higher Secondary,Business,Unemployed,60000,5000,2,Rural,Yes,No,Yes
4282,Delhi,78,Female,Higher Secondary,Business,Employed,621463,51788,3,Urban,Yes,No,No
4283,West Bengal,23,Male,Graduate,Labour,Employed,593173,49431,8,Urban,Yes,Yes,No
4284,Gujarat,57,Female,Postgraduate,Teacher,Employed,433299,36108,2,Rural,No,Yes,Yes
4285,Delhi,43,Male,Postgraduate,Government,Student,682589,56882,7,Rural,No,Yes,Yes
4286,Karnataka,73,Female,Graduate,Private,Student,760252,63354,6,Rural,No,Yes,Yes
4287,Rajasthan,25,Male,Secondary,Private,Self-employed,313994,26166,2,Urban,Yes,Yes,No
4288,Gujarat,58,Female,Graduate,Student,Self-employed,851357,70946,5,Rural,Yes,Yes,Yes
4289,Haryana,27,Female,Secondary,Labour,Self-employed,405509,33792,6,Rural,No,Yes,No
4290,Punjab,72,Male,Postgraduate,Healthcare,Student,616974,51414,6,Urban,No,Yes,Yes
4291,Haryana,33,Male,Secondary,Business,Employed,307079,25589,5,Rural,Yes,No,No
4292,Rajasthan,67,Male,Graduate,Farmer,Employed,585358,48779,8,Urban,Yes,No,Yes
4293,Delhi,70,Male,Higher Secondary,Business,Student,412603,34383,1,Urban,No,No,Yes
4294,Karnataka,22,Male,Secondary,Labour,Employed,200820,16735,5,Urban,No,Yes,No
4295,Maharashtra,53,Male,Graduate,Government,Self-employed,582393,48532,1,Urban,No,No,Yes
4296,Karnataka,40,Female,Graduate,Private,Unemployed,825527,68793,7,Rural,No,No,No
4297,West Bengal,46,Female,Primary,Student,Employed,500803,41733,3,Urban,Yes,Yes,Yes
4298,Karnataka,63,Male,Postgraduate,Private,Student,473413,39451,2,Rural,Yes,Yes,No
4299,Punjab,39,Female,Higher Secondary,Engineer,Unemployed,588598,49049,2,Rural,Yes,Yes,Yes
4300,Tamil Nadu,76,Male,Primary,Private,Student,242286,20190,7,Rural,Yes,Yes,No
4301,Rajasthan,49,Male,Postgraduate,Labour,Unemployed,527784,43982,1,Urban,No,Yes,No
4302,Haryana,78,Male,Primary,Labour,Unemployed,967757,80646,8,Urban,No,No,Yes
4303,Tamil Nadu,79,Male,Secondary,Teacher,Student,518254,43187,4,Urban,No,Yes,Yes
4304,Tamil Nadu,29,Male,Graduate,Healthcare,Student,561458,46788,6,Rural,No,No,No
4305,Uttar Pradesh,65,Female,Higher Secondary,Private,Unemployed,542567,45213,1,Rural,Yes,Yes,Yes
4306,Karnataka,34,Male,Secondary,Government,Unemployed,376990,31415,2,Rural,No,No,No
4307,Punjab,18,Male,Postgraduate,Teacher,Unemployed,659432,54952,6,Rural,No,Yes,No
4308,Maharashtra,27,Male,Secondary,Business,Self-employed,696251,58020,6,Urban,Yes,Yes,No
4309,West Bengal,40,Male,Graduate,Engineer,Self-employed,89065,7422,8,Urban,Yes,No,No
4310,West Bengal,70,Female,Higher Secondary,Government,Unemployed,360850,30070,4,Rural,Yes,Yes,Yes
4311,Gujarat,46,Male,Graduate,Business,Unemployed,905836,75486,1,Urban,Yes,No,Yes
4312,Tamil Nadu,35,Female,Postgraduate,Student,Student,372702,31058,3,Urban,No,Yes,Yes
4313,Punjab,54,Male,Primary,Engineer,Self-employed,852139,71011,7,Urban,Yes,No,Yes
4314,Uttar Pradesh,57,Female,Higher Secondary,Business,Student,291098,24258,3,Urban,Yes,Yes,No
4315,Gujarat,68,Female,Graduate,Engineer,Employed,271905,22658,7,Urban,Yes,Yes,No
4316,Punjab,57,Male,Primary,Healthcare,Self-employed,573028,47752,4,Urban,Yes,No,Yes
4317,Delhi,80,Female,Secondary,Private,Self-employed,814631,67885,5,Rural,No,Yes,No
4318,Delhi,70,Female,Secondary,Government,Employed,498029,41502,2,Urban,No,Yes,Yes
4319,Rajasthan,67,Female,Secondary,Government,Employed,551607,45967,8,Urban,Yes,No,Yes
4320,West Bengal,41,Male,Higher Secondary,Teacher,Employed,583657,48638,7,Rural,Yes,Yes,Yes
4321,Gujarat,23,Female,Higher Secondary,Government,Employed,787072,65589,8,Rural,Yes,No,Yes
4322,Uttar Pradesh,66,Male,Postgraduate,Student,Unemployed,551110,45925,7,Urban,No,No,No
4323,Punjab,49,Female,Secondary,Unemployed,Self-employed,717787,59815,2,Rural,Yes,No,No
4324,Haryana,70,Female,Graduate,Business,Self-employed,331400,27616,6,Rural,No,Yes,No
4325,Haryana,53,Male,Primary,Engineer,Student,658766,54897,5,Rural,Yes,Yes,No
4326,Haryana,33,Male,Higher Secondary,Healthcare,Unemployed,360164,30013,5,Rural,Yes,Yes,No
4327,Tamil Nadu,28,Female,Postgraduate,Farmer,Student,589959,49163,8,Urban,Yes,Yes,No
4328,Delhi,28,Female,Graduate,Labour,Student,502571,41880,2,Rural,Yes,No,No
4329,Gujarat,60,Male,Graduate,Labour,Self-employed,178060,14838,8,Urban,Yes,Yes,Yes
4330,Maharashtra,21,Female,Primary,Teacher,Student,599654,49971,2,Urban,Yes,Yes,Yes
4331,Delhi,63,Male,Graduate,Teacher,Employed,370041,30836,8,Urban,No,No,No
4332,Rajasthan,73,Female,Primary,Business,Unemployed,124510,10375,1,Urban,Yes,No,No
4333,Tamil Nadu,73,Female,Primary,Private,Employed,713656,59471,1,Urban,No,Yes,Yes
4334,Haryana,44,Male,Primary,Labour,Unemployed,297429,24785,5,Rural,No,No,Yes
4335,Haryana,31,Female,Graduate,Private,Self-employed,254135,21177,1,Rural,No,Yes,No
4336,Maharashtra,55,Male,Postgraduate,Teacher,Employed,582879,48573,2,Urban,Yes,No,Yes
4337,Karnataka,25,Female,Graduate,Farmer,Unemployed,714358,59529,7,Rural,No,No,Yes
4338,Maharashtra,65,Male,Graduate,Government,Self-employed,627921,52326,2,Rural,No,Yes,No
4339,Rajasthan,47,Male,Higher Secondary,Engineer,Student,773415,64451,5,Rural,No,Yes,No
4340,Gujarat,76,Female,Postgraduate,Private,Unemployed,592226,49352,3,Rural,No,No,No
4341,West Bengal,59,Female,Primary,Unemployed,Student,600084,50007,3,Urban,No,No,Yes
4342,Haryana,40,Male,Graduate,Unemployed,Employed,519337,43278,2,Urban,No,No,No
4343,West Bengal,44,Male,Graduate,Teacher,Student,640917,53409,3,Urban,No,No,Yes
4344,Karnataka,69,Male,Higher Secondary,Student,Employed,428817,35734,6,Rural,No,Yes,No
4345,Maharashtra,23,Female,Primary,Engineer,Student,337626,28135,7,Rural,No,Yes,No
4346,Maharashtra,50,Female,Primary,Student,Student,489451,40787,1,Urban,Yes,Yes,No
4347,Uttar Pradesh,41,Female,Graduate,Engineer,Unemployed,336921,28076,2,Rural,No,No,No
4348,Uttar Pradesh,43,Female,Higher Secondary,Farmer,Employed,399420,33285,2,Urban,Yes,No,No
4349,Karnataka,24,Female,Graduate,Private,Self-employed,275883,22990,8,Urban,No,Yes,No
4350,Uttar Pradesh,69,Male,Primary,Farmer,Employed,317626,26468,4,Urban,No,Yes,Yes
4351,Tamil Nadu,65,Female,Postgraduate,Government,Employed,438591,36549,5,Rural,Yes,No,Yes
4352,Uttar Pradesh,48,Female,Graduate,Student,Self-employed,701903,58491,3,Rural,No,No,No
4353,Haryana,61,Male,Higher Secondary,Healthcare,Unemployed,578974,48247,6,Rural,Yes,No,Yes
4354,Rajasthan,78,Female,Secondary,Healthcare,Student,1160254,96687,4,Rural,No,No,No
4355,West Bengal,59,Female,Postgraduate,Business,Employed,933328,77777,7,Rural,No,No,Yes
4356,Rajasthan,68,Male,Graduate,Student,Unemployed,573445,47787,2,Urban,No,Yes,No
4357,Punjab,30,Female,Secondary,Teacher,Student,524713,43726,2,Urban,Yes,Yes,No
4358,Gujarat,27,Male,Primary,Private,Unemployed,582576,48548,7,Rural,Yes,Yes,Yes
4359,Delhi,59,Male,Postgraduate,Labour,Unemployed,68745,5728,2,Rural,No,Yes,Yes
4360,Delhi,22,Female,Primary,Engineer,Employed,640179,53348,7,Urban,No,Yes,No
4361,Rajasthan,36,Female,Graduate,Government,Employed,439967,36663,8,Urban,Yes,No,No
4362,Maharashtra,37,Female,Graduate,Private,Unemployed,200341,16695,8,Urban,Yes,Yes,Yes
4363,Punjab,69,Male,Primary,Healthcare,Employed,694429,57869,6,Rural,No,Yes,Yes
4364,Tamil Nadu,38,Male,Higher Secondary,Engineer,Student,469496,39124,2,Urban,No,No,No
4365,Uttar Pradesh,72,Female,Graduate,Unemployed,Student,428553,35712,1,Rural,Yes,Yes,No
4366,Delhi,43,Male,Primary,Business,Employed,622938,51911,5,Urban,Yes,No,Yes
4367,Gujarat,51,Male,Postgraduate,Engineer,Unemployed,474505,39542,1,Urban,Yes,Yes,Yes
4368,Karnataka,39,Female,Secondary,Engineer,Employed,586676,48889,6,Urban,Yes,No,No
4369,Haryana,63,Male,Postgraduate,Unemployed,Self-employed,614758,51229,8,Urban,No,No,No
4370,Rajasthan,72,Female,Secondary,Engineer,Self-employed,133200,11100,5,Rural,Yes,Yes,Yes
4371,Gujarat,39,Male,Graduate,Labour,Student,563681,46973,6,Rural,No,No,No
4372,Uttar Pradesh,20,Female,Higher Secondary,Teacher,Employed,373837,31153,1,Urban,Yes,Yes,Yes
4373,Maharashtra,74,Female,Postgraduate,Teacher,Unemployed,684780,57065,4,Urban,No,No,No
4374,Karnataka,19,Male,Postgraduate,Business,Self-employed,709923,59160,1,Urban,No,No,No
4375,Maharashtra,62,Male,Higher Secondary,Unemployed,Employed,610918,50909,5,Urban,No,Yes,No
4376,Haryana,80,Male,Postgraduate,Labour,Unemployed,359190,29932,4,Rural,Yes,Yes,No
4377,Delhi,28,Female,Postgraduate,Private,Self-employed,437306,36442,2,Rural,No,Yes,No
4378,Gujarat,36,Male,Secondary,Teacher,Unemployed,455023,37918,8,Rural,Yes,Yes,Yes
4379,Gujarat,19,Female,Graduate,Private,Employed,493443,41120,7,Urban,Yes,Yes,No
4380,Delhi,52,Female,Graduate,Unemployed,Employed,1283356,106946,5,Rural,No,Yes,Yes
4381,Uttar Pradesh,59,Female,Higher Secondary,Student,Student,377304,31442,8,Urban,Yes,No,No
4382,Haryana,79,Female,Postgraduate,Farmer,Employed,488435,40702,3,Rural,Yes,No,Yes
4383,Uttar Pradesh,61,Female,Primary,Student,Self-employed,801909,66825,4,Urban,Yes,No,No
4384,West Bengal,52,Male,Graduate,Private,Self-employed,386596,32216,3,Urban,No,Yes,No
4385,West Bengal,25,Female,Primary,Student,Unemployed,387634,32302,6,Rural,Yes,Yes,No
4386,Gujarat,28,Female,Graduate,Labour,Unemployed,351397,29283,5,Urban,No,No,Yes
4387,Delhi,28,Female,Primary,Unemployed,Self-employed,520998,43416,1,Urban,No,Yes,Yes
4388,West Bengal,76,Female,Graduate,Government,Self-employed,195964,16330,6,Rural,No,Yes,Yes
4389,Karnataka,76,Male,Higher Secondary,Labour,Unemployed,473439,39453,1,Rural,Yes,Yes,No
4390,Maharashtra,33,Female,Higher Secondary,Student,Employed,221695,18474,6,Urban,No,No,Yes
4391,Punjab,43,Female,Graduate,Business,Unemployed,392157,32679,1,Urban,Yes,No,Yes
4392,Uttar Pradesh,28,Male,Primary,Healthcare,Employed,725944,60495,1,Rural,Yes,Yes,Yes
4393,Haryana,56,Female,Higher Secondary,Government,Student,365558,30463,5,Rural,No,Yes,No
4394,Delhi,22,Male,Secondary,Labour,Unemployed,60000,5000,4,Urban,No,Yes,No
4395,Gujarat,33,Male,Secondary,Labour,Unemployed,394156,32846,1,Rural,No,No,Yes
4396,Uttar Pradesh,23,Male,Secondary,Teacher,Employed,841143,70095,1,Rural,No,Yes,No
4397,Punjab,33,Male,Secondary,Engineer,Student,293783,24481,8,Rural,Yes,No,Yes
4398,Karnataka,37,Female,Higher Secondary,Farmer,Employed,1001731,83477,4,Rural,No,No,Yes
4399,Tamil Nadu,64,Male,Graduate,Private,Employed,620694,51724,5,Rural,Yes,Yes,Yes
4400,Rajasthan,65,Male,Postgraduate,Teacher,Unemployed,994005,82833,5,Rural,No,No,Yes
4401,Maharashtra,43,Male,Graduate,Student,Self-employed,227715,18976,2,Rural,No,Yes,Yes
4402,Maharashtra,19,Female,Higher Secondary,Teacher,Unemployed,398987,33248,8,Urban,Yes,Yes,Yes
4403,Haryana,77,Male,Postgraduate,Teacher,Student,60000,5000,6,Urban,No,Yes,No
4404,Punjab,45,Female,Secondary,Private,Unemployed,713133,59427,3,Rural,No,No,Yes
4405,Uttar Pradesh,62,Female,Secondary,Farmer,Student,744623,62051,6,Urban,No,No,Yes
4406,West Bengal,31,Male,Graduate,Student,Student,242376,20198,8,Urban,No,No,Yes
4407,Gujarat,80,Female,Postgraduate,Labour,Unemployed,794768,66230,6,Rural,Yes,No,No
4408,Tamil Nadu,31,Female,Primary,Engineer,Self-employed,359126,29927,6,Rural,Yes,No,Yes
4409,West Bengal,69,Male,Graduate,Teacher,Self-employed,496129,41344,2,Urban,Yes,No,Yes
4410,West Bengal,77,Female,Primary,Government,Student,259404,21617,3,Rural,Yes,No,No
4411,Karnataka,71,Male,Graduate,Business,Self-employed,654472,54539,5,Urban,No,No,No
4412,Karnataka,66,Male,Higher Secondary,Business,Unemployed,571513,47626,2,Urban,No,No,No
4413,Punjab,60,Female,Primary,Private,Self-employed,661035,55086,6,Urban,Yes,Yes,Yes
4414,Maharashtra,30,Female,Higher Secondary,Unemployed,Unemployed,627209,52267,3,Urban,Yes,Yes,Yes
4415,Punjab,35,Male,Graduate,Labour,Employed,477662,39805,7,Rural,No,Yes,Yes
4416,Tamil Nadu,73,Female,Higher Secondary,Teacher,Student,684612,57051,8,Urban,Yes,No,Yes
4417,Maharashtra,32,Female,Primary,Business,Self-employed,316793,26399,1,Rural,Yes,No,No
4418,Gujarat,19,Female,Higher Secondary,Unemployed,Student,96376,8031,3,Urban,No,Yes,No
4419,Tamil Nadu,26,Male,Primary,Unemployed,Student,628255,52354,5,Rural,Yes,No,Yes
4420,Punjab,77,Male,Higher Secondary,Labour,Student,407687,33973,8,Rural,No,Yes,No
4421,West Bengal,51,Male,Graduate,Teacher,Unemployed,933369,77780,5,Rural,Yes,No,No
4422,Rajasthan,24,Male,Secondary,Farmer,Unemployed,889568,74130,4,Urban,No,Yes,Yes
4423,Gujarat,61,Male,Secondary,Business,Self-employed,219129,18260,6,Urban,No,Yes,No
4424,Delhi,74,Male,Graduate,Private,Student,235890,19657,2,Urban,No,Yes,Yes
4425,Rajasthan,64,Female,Primary,Farmer,Self-employed,566842,47236,4,Rural,No,Yes,Yes
4426,Karnataka,53,Female,Primary,Private,Employed,95020,7918,8,Urban,No,Yes,Yes
4427,Karnataka,31,Male,Postgraduate,Teacher,Student,483613,40301,6,Rural,Yes,No,Yes
4428,Gujarat,73,Male,Postgraduate,Teacher,Employed,840288,70024,2,Urban,No,No,Yes
4429,Haryana,69,Male,Postgraduate,Healthcare,Student,1325579,110464,4,Urban,Yes,No,Yes
4430,Delhi,27,Male,Graduate,Business,Self-employed,386335,32194,4,Rural,No,No,No
4431,West Bengal,38,Female,Secondary,Unemployed,Employed,902358,75196,4,Urban,Yes,No,Yes
4432,Gujarat,59,Female,Graduate,Farmer,Employed,205926,17160,5,Urban,Yes,Yes,Yes
4433,Gujarat,38,Male,Postgraduate,Private,Student,368465,30705,8,Rural,Yes,No,Yes
4434,Uttar Pradesh,39,Male,Higher Secondary,Student,Unemployed,571482,47623,3,Rural,Yes,Yes,Yes
4435,Delhi,62,Female,Secondary,Labour,Unemployed,739409,61617,7,Rural,Yes,No,No
4436,Tamil Nadu,66,Female,Graduate,Engineer,Employed,840515,70042,7,Rural,No,Yes,Yes
4437,Haryana,37,Male,Postgraduate,Engineer,Student,114854,9571,5,Urban,Yes,No,No
4438,West Bengal,75,Male,Postgraduate,Unemployed,Unemployed,641189,53432,3,Rural,No,No,Yes
4439,West Bengal,40,Male,Primary,Farmer,Student,131313,10942,1,Urban,No,No,No
4440,Karnataka,27,Male,Postgraduate,Private,Student,383184,31932,6,Urban,No,Yes,Yes
4441,Maharashtra,66,Male,Higher Secondary,Engineer,Self-employed,434527,36210,4,Urban,Yes,Yes,No
4442,Gujarat,64,Female,Higher Secondary,Farmer,Student,313583,26131,5,Urban,Yes,No,No
4443,Punjab,46,Female,Secondary,Farmer,Unemployed,774424,64535,7,Urban,Yes,No,No
4444,Karnataka,33,Male,Secondary,Teacher,Unemployed,264021,22001,6,Rural,Yes,No,No
4445,Uttar Pradesh,27,Female,Secondary,Engineer,Student,520920,43410,8,Urban,Yes,No,No
4446,Gujarat,40,Female,Graduate,Government,Student,515099,42924,4,Urban,Yes,No,No
4447,Uttar Pradesh,36,Female,Higher Secondary,Private,Student,84829,7069,4,Rural,Yes,Yes,Yes
4448,Punjab,35,Female,Higher Secondary,Farmer,Self-employed,977541,81461,2,Rural,Yes,No,No
4449,Haryana,26,Male,Higher Secondary,Government,Employed,391376,32614,2,Urban,Yes,No,No
4450,West Bengal,52,Male,Postgraduate,Student,Unemployed,1025407,85450,5,Urban,Yes,No,Yes
4451,Gujarat,32,Female,Higher Secondary,Business,Unemployed,365966,30497,1,Rural,No,Yes,Yes
4452,Maharashtra,79,Male,Secondary,Teacher,Employed,891756,74313,7,Urban,Yes,Yes,Yes
4453,West Bengal,49,Female,Secondary,Healthcare,Student,560806,46733,3,Rural,No,Yes,No
4454,West Bengal,18,Female,Secondary,Government,Employed,844081,70340,7,Urban,Yes,Yes,No
4455,Rajasthan,60,Female,Postgraduate,Government,Student,256601,21383,7,Rural,Yes,No,Yes
4456,Rajasthan,43,Female,Postgraduate,Business,Student,698685,58223,6,Rural,Yes,Yes,Yes
4457,Rajasthan,57,Male,Postgraduate,Unemployed,Unemployed,159694,13307,7,Rural,Yes,No,Yes
4458,Gujarat,67,Male,Postgraduate,Unemployed,Unemployed,721829,60152,4,Urban,Yes,Yes,No
4459,Karnataka,68,Male,Primary,Government,Student,353371,29447,4,Urban,No,Yes,No
4460,Tamil Nadu,76,Male,Graduate,Unemployed,Student,642871,53572,4,Rural,No,No,Yes
4461,Haryana,38,Male,Graduate,Farmer,Self-employed,351595,29299,1,Rural,No,Yes,No
4462,Haryana,59,Female,Graduate,Government,Student,639369,53280,6,Rural,No,No,Yes
4463,Delhi,33,Female,Primary,Business,Self-employed,866992,72249,2,Rural,Yes,No,No
4464,Punjab,73,Male,Graduate,Private,Employed,531208,44267,1,Urban,No,Yes,Yes
4465,Uttar Pradesh,58,Male,Graduate,Student,Employed,1048611,87384,7,Rural,Yes,No,Yes
4466,West Bengal,33,Male,Secondary,Farmer,Student,624237,52019,8,Rural,Yes,No,Yes
4467,Rajasthan,56,Female,Secondary,Unemployed,Unemployed,203229,16935,1,Rural,Yes,No,Yes
4468,Delhi,33,Female,Graduate,Farmer,Unemployed,338281,28190,7,Rural,No,No,Yes
4469,West Bengal,41,Female,Postgraduate,Unemployed,Unemployed,409999,34166,4,Rural,Yes,No,Yes
4470,Tamil Nadu,56,Male,Graduate,Government,Employed,802524,66877,7,Urban,No,Yes,Yes
4471,Haryana,70,Male,Secondary,Private,Unemployed,233696,19474,8,Rural,Yes,No,Yes
4472,Haryana,44,Male,Secondary,Private,Self-employed,599898,49991,8,Urban,Yes,Yes,Yes
4473,Maharashtra,72,Female,Primary,Private,Unemployed,60000,5000,7,Urban,No,Yes,Yes
4474,Gujarat,36,Female,Secondary,Private,Employed,632078,52673,2,Rural,Yes,No,No
4475,Uttar Pradesh,57,Female,Postgraduate,Private,Self-employed,93275,7772,3,Urban,No,Yes,Yes
4476,Maharashtra,42,Female,Secondary,Engineer,Student,732698,61058,2,Urban,No,No,Yes
4477,Rajasthan,50,Female,Secondary,Farmer,Unemployed,469469,39122,8,Rural,Yes,Yes,No
4478,Maharashtra,46,Male,Higher Secondary,Teacher,Student,396458,33038,2,Urban,Yes,Yes,No
4479,Gujarat,48,Female,Graduate,Engineer,Self-employed,635803,52983,7,Urban,Yes,Yes,Yes
4480,Maharashtra,73,Male,Higher Secondary,Farmer,Student,639574,53297,6,Urban,Yes,Yes,Yes
4481,Punjab,32,Male,Postgraduate,Farmer,Self-employed,378014,31501,1,Urban,No,Yes,No
4482,Punjab,57,Female,Higher Secondary,Teacher,Self-employed,164116,13676,6,Rural,No,No,Yes
4483,Karnataka,70,Male,Postgraduate,Teacher,Self-employed,618182,51515,3,Rural,No,No,No
4484,Haryana,60,Female,Postgraduate,Teacher,Unemployed,545426,45452,5,Rural,Yes,Yes,Yes
4485,Punjab,76,Female,Higher Secondary,Student,Student,756511,63042,7,Urban,No,No,Yes
4486,Haryana,51,Male,Higher Secondary,Engineer,Student,518567,43213,4,Rural,Yes,Yes,Yes
4487,Maharashtra,30,Female,Secondary,Private,Unemployed,544626,45385,5,Urban,No,No,Yes
4488,Rajasthan,61,Male,Secondary,Labour,Student,135982,11331,5,Rural,No,Yes,Yes
4489,Uttar Pradesh,79,Female,Secondary,Farmer,Self-employed,547742,45645,7,Urban,No,No,No
4490,Maharashtra,21,Male,Secondary,Private,Employed,809800,67483,4,Rural,No,No,Yes
4491,Delhi,49,Male,Primary,Student,Self-employed,282485,23540,7,Rural,No,Yes,Yes
4492,Tamil Nadu,40,Male,Secondary,Private,Employed,418235,34852,4,Rural,No,No,No
4493,Uttar Pradesh,18,Male,Graduate,Teacher,Self-employed,508415,42367,1,Urban,Yes,Yes,No
4494,Tamil Nadu,68,Male,Secondary,Private,Unemployed,826544,68878,5,Urban,No,No,Yes
4495,West Bengal,28,Male,Primary,Government,Unemployed,700626,58385,6,Urban,No,Yes,No
4496,Punjab,37,Female,Higher Secondary,Unemployed,Employed,513382,42781,4,Rural,No,No,Yes
4497,Haryana,68,Male,Secondary,Engineer,Unemployed,159992,13332,5,Rural,Yes,Yes,No
4498,Tamil Nadu,33,Male,Postgraduate,Teacher,Student,627974,52331,8,Rural,Yes,Yes,No
4499,Uttar Pradesh,72,Female,Primary,Labour,Student,658093,54841,3,Rural,Yes,No,Yes
4500,Rajasthan,72,Male,Postgraduate,Farmer,Employed,576157,48013,7,Rural,No,No,Yes
4501,Karnataka,47,Female,Postgraduate,Private,Employed,468374,39031,2,Rural,No,No,Yes
4502,Tamil Nadu,67,Male,Postgraduate,Farmer,Self-employed,140203,11683,5,Urban,No,Yes,Yes
4503,Delhi,60,Male,Primary,Teacher,Unemployed,131274,10939,3,Urban,No,No,Yes
4504,Punjab,47,Female,Secondary,Farmer,Employed,437203,36433,7,Rural,No,Yes,Yes
4505,Uttar Pradesh,50,Female,Higher Secondary,Engineer,Self-employed,60000,5000,6,Rural,No,Yes,Yes
4506,Uttar Pradesh,18,Female,Primary,Teacher,Unemployed,801215,66767,7,Urban,No,Yes,Yes
4507,Uttar Pradesh,40,Male,Higher Secondary,Engineer,Unemployed,391595,32632,1,Rural,Yes,No,No
4508,Gujarat,51,Female,Secondary,Government,Employed,523958,43663,6,Urban,No,Yes,No
4509,Delhi,43,Male,Graduate,Labour,Employed,466211,38850,6,Urban,No,No,Yes
4510,Rajasthan,25,Male,Graduate,Healthcare,Employed,354501,29541,6,Urban,Yes,Yes,Yes
4511,Gujarat,80,Female,Primary,Healthcare,Unemployed,507583,42298,3,Rural,No,Yes,No
4512,Tamil Nadu,80,Male,Secondary,Business,Student,337855,28154,4,Urban,Yes,No,Yes
4513,Uttar Pradesh,52,Female,Postgraduate,Farmer,Employed,206237,17186,5,Urban,No,Yes,Yes
4514,Gujarat,74,Male,Higher Secondary,Government,Unemployed,846893,70574,8,Urban,Yes,No,No
4515,Tamil Nadu,42,Male,Secondary,Student,Employed,233270,19439,8,Rural,No,Yes,Yes
4516,Delhi,25,Male,Higher Secondary,Healthcare,Student,644481,53706,6,Rural,No,Yes,No
4517,Punjab,79,Female,Secondary,Farmer,Self-employed,505200,42100,1,Urban,No,No,Yes
4518,Uttar Pradesh,28,Male,Higher Secondary,Farmer,Self-employed,611784,50982,5,Urban,Yes,Yes,No
4519,Delhi,37,Female,Primary,Unemployed,Self-employed,593723,49476,3,Rural,No,Yes,Yes
4520,West Bengal,76,Male,Secondary,Government,Unemployed,68404,5700,6,Urban,Yes,No,Yes
4521,West Bengal,47,Male,Graduate,Business,Student,634896,52908,3,Rural,No,Yes,Yes
4522,Uttar Pradesh,36,Male,Higher Secondary,Teacher,Unemployed,663734,55311,1,Urban,Yes,Yes,Yes
4523,West Bengal,75,Male,Graduate,Labour,Self-employed,682276,56856,4,Rural,Yes,No,Yes
4524,Punjab,67,Male,Postgraduate,Government,Unemployed,179305,14942,5,Rural,Yes,No,No
4525,West Bengal,46,Female,Graduate,Private,Employed,466506,38875,7,Rural,Yes,Yes,Yes
4526,Maharashtra,51,Female,Graduate,Healthcare,Self-employed,344515,28709,7,Rural,No,Yes,Yes
4527,Uttar Pradesh,52,Female,Higher Secondary,Farmer,Self-employed,60000,5000,4,Rural,Yes,No,Yes
4528,Gujarat,42,Female,Graduate,Healthcare,Student,787826,65652,2,Rural,Yes,No,Yes
4529,Haryana,73,Female,Postgraduate,Labour,Unemployed,524349,43695,7,Urban,Yes,Yes,Yes
4530,Punjab,34,Female,Secondary,Student,Unemployed,376327,31360,4,Urban,No,No,No
4531,Maharashtra,70,Female,Higher Secondary,Teacher,Unemployed,519656,43304,5,Urban,Yes,Yes,No
4532,Karnataka,71,Male,Higher Secondary,Farmer,Unemployed,526969,43914,8,Rural,Yes,Yes,No
4533,Punjab,36,Female,Higher Secondary,Healthcare,Student,429259,35771,1,Rural,Yes,No,No
4534,Haryana,30,Female,Graduate,Private,Employed,420056,35004,2,Urban,No,Yes,Yes
4535,Haryana,66,Male,Primary,Farmer,Self-employed,223015,18584,2,Urban,No,Yes,No
4536,Haryana,52,Female,Secondary,Labour,Self-employed,399013,33251,6,Rural,Yes,No,Yes
4537,Tamil Nadu,73,Female,Higher Secondary,Government,Employed,438814,36567,5,Urban,Yes,Yes,No
4538,Haryana,23,Male,Primary,Business,Student,326479,27206,6,Rural,No,No,Yes
4539,Maharashtra,46,Female,Primary,Business,Unemployed,551748,45979,1,Rural,Yes,Yes,Yes
4540,Maharashtra,35,Female,Secondary,Unemployed,Self-employed,597640,49803,1,Rural,Yes,No,Yes
4541,Gujarat,38,Male,Higher Secondary,Business,Employed,896189,74682,3,Rural,Yes,Yes,Yes
4542,Rajasthan,36,Female,Primary,Unemployed,Self-employed,622633,51886,7,Urban,Yes,No,No
4543,Gujarat,67,Female,Graduate,Labour,Employed,929701,77475,8,Urban,Yes,Yes,Yes
4544,Uttar Pradesh,56,Male,Postgraduate,Student,Self-employed,720449,60037,5,Rural,No,No,No
4545,Karnataka,72,Female,Secondary,Farmer,Employed,866580,72215,3,Rural,Yes,Yes,Yes
4546,Gujarat,62,Female,Higher Secondary,Engineer,Student,647366,53947,4,Rural,Yes,Yes,No
4547,Rajasthan,56,Male,Primary,Healthcare,Employed,60000,5000,3,Rural,Yes,Yes,No
4548,Karnataka,27,Male,Primary,Government,Student,72008,6000,1,Rural,Yes,No,No
4549,Maharashtra,21,Female,Postgraduate,Private,Student,589379,49114,7,Rural,Yes,Yes,No
4550,Tamil Nadu,78,Male,Primary,Labour,Self-employed,209539,17461,1,Urban,Yes,No,Yes
4551,Punjab,44,Male,Postgraduate,Teacher,Unemployed,565647,47137,2,Urban,Yes,Yes,No
4552,West Bengal,35,Female,Primary,Labour,Self-employed,301126,25093,5,Urban,No,No,No
4553,Rajasthan,43,Female,Graduate,Government,Employed,766646,63887,6,Urban,Yes,Yes,Yes
4554,West Bengal,46,Male,Postgraduate,Private,Self-employed,367911,30659,8,Urban,No,No,Yes
4555,Tamil Nadu,56,Female,Secondary,Student,Employed,402652,33554,7,Urban,Yes,Yes,Yes
4556,Delhi,77,Male,Primary,Labour,Self-employed,472420,39368,7,Rural,No,No,No
4557,Karnataka,44,Female,Higher Secondary,Unemployed,Self-employed,545006,45417,1,Urban,Yes,Yes,Yes
4558,Uttar Pradesh,47,Male,Secondary,Engineer,Self-employed,679304,56608,3,Urban,No,Yes,No
4559,Haryana,52,Male,Higher Secondary,Healthcare,Student,319291,26607,2,Rural,Yes,No,No
4560,Haryana,25,Female,Graduate,Engineer,Employed,60000,5000,4,Urban,Yes,Yes,Yes
4561,Punjab,28,Male,Higher Secondary,Student,Student,516544,43045,8,Urban,No,Yes,Yes
4562,Karnataka,57,Female,Secondary,Government,Employed,638624,53218,8,Rural,Yes,Yes,Yes
4563,Rajasthan,31,Female,Graduate,Government,Self-employed,305015,25417,6,Rural,No,Yes,No
4564,West Bengal,32,Male,Primary,Engineer,Employed,600495,50041,8,Urban,No,Yes,Yes
4565,Maharashtra,64,Male,Graduate,Healthcare,Self-employed,189332,15777,8,Urban,No,No,No
4566,Maharashtra,57,Male,Primary,Teacher,Student,459633,38302,5,Rural,No,Yes,Yes
4567,Tamil Nadu,44,Female,Graduate,Government,Student,411627,34302,8,Rural,No,Yes,Yes
4568,Punjab,35,Female,Primary,Farmer,Employed,411262,34271,2,Urban,Yes,Yes,No
4569,Haryana,25,Female,Higher Secondary,Healthcare,Unemployed,652732,54394,2,Urban,Yes,Yes,No
4570,Gujarat,56,Male,Graduate,Private,Employed,713481,59456,3,Rural,No,Yes,Yes
4571,Punjab,60,Female,Secondary,Business,Unemployed,588842,49070,6,Rural,Yes,No,No
4572,Uttar Pradesh,21,Male,Secondary,Unemployed,Self-employed,819750,68312,5,Urban,Yes,Yes,Yes
4573,Punjab,60,Female,Postgraduate,Unemployed,Self-employed,493273,41106,6,Urban,Yes,No,Yes
4574,Karnataka,72,Male,Higher Secondary,Farmer,Self-employed,468198,39016,5,Urban,Yes,Yes,No
4575,Uttar Pradesh,68,Female,Postgraduate,Business,Unemployed,989147,82428,6,Urban,No,No,Yes
4576,Tamil Nadu,53,Male,Postgraduate,Teacher,Employed,749292,62441,4,Rural,Yes,Yes,Yes
4577,Maharashtra,78,Female,Primary,Farmer,Student,715713,59642,3,Rural,No,Yes,Yes
4578,Tamil Nadu,47,Female,Secondary,Healthcare,Student,596578,49714,5,Urban,No,No,Yes
4579,Delhi,26,Male,Graduate,Government,Unemployed,942339,78528,4,Urban,Yes,No,Yes
4580,Uttar Pradesh,19,Female,Secondary,Private,Student,708603,59050,6,Urban,Yes,No,No
4581,Delhi,74,Male,Graduate,Engineer,Student,796343,66361,3,Urban,No,No,No
4582,Uttar Pradesh,60,Male,Secondary,Farmer,Unemployed,415555,34629,8,Urban,Yes,Yes,No
4583,Gujarat,41,Female,Secondary,Labour,Student,102384,8532,7,Rural,No,Yes,Yes
4584,Tamil Nadu,39,Female,Primary,Engineer,Self-employed,717216,59768,4,Rural,No,No,No
4585,Rajasthan,42,Female,Higher Secondary,Private,Employed,149990,12499,7,Rural,Yes,No,No
4586,Uttar Pradesh,79,Female,Graduate,Unemployed,Self-employed,814470,67872,7,Urban,Yes,No,No
4587,Maharashtra,20,Male,Primary,Government,Unemployed,708771,59064,2,Urban,Yes,Yes,No
4588,Tamil Nadu,32,Male,Higher Secondary,Business,Employed,911618,75968,8,Urban,Yes,Yes,No
4589,Haryana,35,Female,Secondary,Farmer,Unemployed,361468,30122,5,Urban,Yes,Yes,No
4590,Uttar Pradesh,40,Female,Postgraduate,Unemployed,Employed,402977,33581,4,Rural,No,Yes,Yes
4591,Uttar Pradesh,45,Male,Graduate,Teacher,Employed,565767,47147,2,Rural,No,Yes,No
4592,West Bengal,66,Male,Secondary,Healthcare,Employed,295167,24597,2,Urban,Yes,Yes,No
4593,Rajasthan,26,Male,Postgraduate,Government,Student,203303,16941,3,Urban,No,No,No
4594,West Bengal,55,Male,Primary,Labour,Unemployed,600616,50051,6,Urban,No,Yes,No
4595,Uttar Pradesh,22,Female,Primary,Student,Self-employed,545444,45453,2,Rural,Yes,No,Yes
4596,Delhi,30,Female,Postgraduate,Unemployed,Unemployed,495786,41315,4,Urban,No,Yes,No
4597,Karnataka,25,Male,Postgraduate,Engineer,Employed,266730,22227,7,Urban,Yes,Yes,No
4598,Rajasthan,54,Female,Primary,Labour,Unemployed,905608,75467,2,Urban,Yes,Yes,No
4599,Karnataka,59,Male,Secondary,Business,Employed,519789,43315,6,Urban,No,Yes,Yes
4600,Maharashtra,52,Male,Higher Secondary,Engineer,Self-employed,346425,28868,6,Urban,No,Yes,Yes
4601,Punjab,31,Female,Graduate,Student,Unemployed,845443,70453,2,Urban,No,Yes,No
4602,Maharashtra,20,Female,Graduate,Student,Unemployed,304227,25352,2,Rural,No,No,No
4603,Tamil Nadu,61,Female,Secondary,Healthcare,Unemployed,219067,18255,5,Rural,Yes,Yes,Yes
4604,Tamil Nadu,47,Male,Graduate,Engineer,Unemployed,1021111,85092,6,Urban,Yes,Yes,Yes
4605,Punjab,27,Female,Secondary,Healthcare,Unemployed,696933,58077,5,Rural,Yes,No,Yes
4606,Tamil Nadu,71,Male,Secondary,Unemployed,Student,683122,56926,6,Rural,No,No,No
4607,Punjab,44,Male,Primary,Farmer,Unemployed,506427,42202,3,Rural,Yes,Yes,Yes
4608,Uttar Pradesh,63,Female,Graduate,Private,Unemployed,582695,48557,8,Urban,No,Yes,Yes
4609,Rajasthan,40,Male,Higher Secondary,Labour,Employed,209613,17467,6,Rural,Yes,Yes,Yes
4610,West Bengal,59,Male,Higher Secondary,Healthcare,Student,927537,77294,3,Urban,Yes,No,No
4611,Haryana,67,Male,Graduate,Healthcare,Student,708084,59007,8,Urban,Yes,No,Yes
4612,Maharashtra,44,Female,Secondary,Healthcare,Self-employed,337111,28092,1,Rural,No,Yes,No
4613,Tamil Nadu,25,Female,Secondary,Teacher,Self-employed,263372,21947,7,Rural,No,No,Yes
4614,Punjab,21,Female,Secondary,Student,Unemployed,502865,41905,7,Urban,No,No,Yes
4615,Gujarat,75,Female,Postgraduate,Farmer,Self-employed,629912,52492,3,Rural,Yes,Yes,Yes
4616,Punjab,34,Female,Higher Secondary,Private,Unemployed,763348,63612,6,Rural,Yes,Yes,Yes
4617,Maharashtra,34,Female,Higher Secondary,Government,Self-employed,425843,35486,6,Urban,No,Yes,Yes
4618,Gujarat,27,Female,Postgraduate,Government,Unemployed,340482,28373,2,Urban,Yes,Yes,No
4619,Delhi,73,Female,Secondary,Private,Self-employed,596112,49676,3,Rural,Yes,No,No
4620,Rajasthan,78,Male,Higher Secondary,Healthcare,Self-employed,540341,45028,3,Urban,No,Yes,No
4621,Maharashtra,56,Female,Higher Secondary,Private,Employed,627691,52307,7,Rural,No,Yes,Yes
4622,Punjab,43,Male,Graduate,Private,Employed,117678,9806,7,Rural,No,Yes,Yes
4623,Tamil Nadu,74,Male,Postgraduate,Engineer,Self-employed,60000,5000,2,Urban,No,Yes,No
4624,Punjab,18,Female,Graduate,Government,Employed,428642,35720,8,Rural,Yes,Yes,No
4625,Rajasthan,36,Female,Higher Secondary,Labour,Unemployed,561752,46812,2,Urban,No,No,No
4626,Haryana,79,Female,Primary,Healthcare,Self-employed,604911,50409,4,Rural,Yes,Yes,Yes
4627,Delhi,27,Female,Graduate,Teacher,Unemployed,616219,51351,2,Urban,Yes,No,Yes
4628,Karnataka,27,Female,Postgraduate,Student,Student,369909,30825,5,Urban,Yes,Yes,No
4629,Maharashtra,80,Female,Higher Secondary,Unemployed,Employed,450815,37567,1,Rural,No,Yes,No
4630,Rajasthan,50,Male,Postgraduate,Business,Student,445199,37099,4,Urban,No,Yes,Yes
4631,West Bengal,44,Male,Graduate,Business,Self-employed,588729,49060,2,Urban,Yes,Yes,Yes
4632,Delhi,20,Male,Postgraduate,Healthcare,Student,342893,28574,6,Urban,Yes,Yes,Yes
4633,Gujarat,34,Female,Graduate,Healthcare,Self-employed,694193,57849,3,Rural,Yes,No,Yes
4634,Delhi,41,Male,Higher Secondary,Unemployed,Unemployed,668434,55702,2,Urban,Yes,Yes,Yes
4635,Maharashtra,40,Male,Graduate,Private,Self-employed,197013,16417,5,Urban,No,Yes,No
4636,Maharashtra,48,Male,Secondary,Private,Unemployed,625952,52162,5,Rural,Yes,No,No
4637,Karnataka,63,Female,Primary,Government,Self-employed,956126,79677,8,Rural,Yes,No,No
4638,West Bengal,27,Male,Graduate,Engineer,Student,462679,38556,5,Urban,Yes,Yes,Yes
4639,Gujarat,24,Male,Primary,Healthcare,Employed,626535,52211,6,Urban,Yes,No,Yes
4640,Tamil Nadu,71,Female,Primary,Engineer,Unemployed,441992,36832,6,Rural,Yes,Yes,No
4641,Punjab,59,Female,Postgraduate,Farmer,Employed,728734,60727,3,Urban,Yes,Yes,Yes
4642,Tamil Nadu,58,Female,Postgraduate,Labour,Employed,708614,59051,7,Urban,No,Yes,No
4643,Maharashtra,43,Female,Secondary,Unemployed,Student,518945,43245,6,Urban,Yes,Yes,No
4644,Maharashtra,31,Male,Postgraduate,Government,Unemployed,608194,50682,8,Urban,No,No,No
4645,Punjab,46,Female,Primary,Private,Employed,458973,38247,2,Rural,Yes,Yes,No
4646,Gujarat,46,Female,Graduate,Student,Employed,565103,47091,5,Rural,No,Yes,Yes
4647,Karnataka,53,Female,Secondary,Unemployed,Student,684285,57023,5,Urban,No,No,Yes
4648,Maharashtra,41,Male,Graduate,Farmer,Student,60000,5000,8,Urban,Yes,Yes,No
4649,Uttar Pradesh,53,Female,Primary,Business,Unemployed,397802,33150,7,Rural,Yes,Yes,No
4650,Uttar Pradesh,48,Male,Graduate,Student,Student,858954,71579,8,Rural,Yes,No,No
4651,Karnataka,23,Male,Secondary,Private,Unemployed,513473,42789,2,Urban,Yes,No,No
4652,Punjab,21,Female,Primary,Engineer,Student,322224,26852,6,Rural,No,No,No
4653,Uttar Pradesh,28,Female,Secondary,Student,Unemployed,875976,72998,4,Urban,Yes,Yes,Yes
4654,Gujarat,78,Female,Higher Secondary,Student,Unemployed,451219,37601,2,Rural,Yes,Yes,Yes
4655,Gujarat,22,Male,Higher Secondary,Engineer,Student,519246,43270,8,Urban,No,No,Yes
4656,Gujarat,47,Male,Higher Secondary,Labour,Student,655474,54622,7,Urban,Yes,Yes,Yes
4657,Haryana,26,Female,Higher Secondary,Private,Student,481601,40133,6,Urban,No,Yes,No
4658,Maharashtra,46,Male,Secondary,Government,Unemployed,360273,30022,3,Urban,No,Yes,No
4659,Uttar Pradesh,30,Male,Secondary,Labour,Self-employed,428471,35705,4,Urban,No,No,No
4660,Gujarat,21,Female,Graduate,Government,Employed,165961,13830,5,Rural,Yes,Yes,No
4661,Haryana,19,Male,Graduate,Unemployed,Student,575243,47936,2,Rural,Yes,No,Yes
4662,Maharashtra,35,Male,Higher Secondary,Healthcare,Unemployed,867435,72286,4,Urban,Yes,Yes,No
4663,Tamil Nadu,41,Male,Postgraduate,Healthcare,Employed,584767,48730,4,Urban,No,Yes,Yes
4664,Haryana,57,Female,Graduate,Government,Student,419167,34930,3,Urban,No,No,Yes
4665,Maharashtra,79,Male,Graduate,Teacher,Unemployed,648436,54036,2,Urban,Yes,No,Yes
4666,Punjab,38,Male,Postgraduate,Teacher,Student,180292,15024,5,Rural,No,Yes,Yes
4667,Gujarat,51,Male,Graduate,Private,Unemployed,480752,40062,7,Rural,Yes,Yes,No
4668,Karnataka,44,Male,Higher Secondary,Unemployed,Unemployed,60000,5000,3,Urban,No,No,No
4669,Maharashtra,80,Male,Secondary,Student,Employed,598614,49884,3,Urban,No,No,No
4670,Haryana,44,Female,Primary,Private,Unemployed,60000,5000,2,Rural,Yes,No,Yes
4671,Karnataka,61,Female,Higher Secondary,Teacher,Unemployed,853490,71124,1,Rural,No,Yes,Yes
4672,Uttar Pradesh,74,Female,Graduate,Student,Unemployed,795546,66295,3,Urban,Yes,Yes,Yes
4673,Gujarat,52,Female,Secondary,Unemployed,Student,554368,46197,8,Urban,Yes,Yes,No
4674,Tamil Nadu,35,Female,Graduate,Unemployed,Employed,283465,23622,4,Urban,Yes,No,Yes
4675,Uttar Pradesh,73,Male,Primary,Healthcare,Employed,408653,34054,1,Rural,Yes,No,Yes
4676,Uttar Pradesh,30,Male,Secondary,Healthcare,Self-employed,60000,5000,4,Urban,Yes,Yes,Yes
4677,Delhi,37,Male,Higher Secondary,Labour,Student,782545,65212,2,Rural,Yes,Yes,No
4678,Tamil Nadu,66,Male,Postgraduate,Student,Unemployed,620192,51682,1,Urban,No,Yes,No
4679,Gujarat,46,Male,Higher Secondary,Labour,Self-employed,632713,52726,5,Rural,No,Yes,Yes
4680,Tamil Nadu,56,Female,Secondary,Engineer,Student,258628,21552,6,Rural,No,No,Yes
4681,West Bengal,41,Female,Secondary,Government,Employed,270772,22564,8,Rural,No,No,No
4682,Karnataka,59,Male,Graduate,Business,Self-employed,514269,42855,3,Urban,Yes,Yes,Yes
4683,Karnataka,45,Female,Primary,Farmer,Student,456848,38070,5,Urban,Yes,Yes,No
4684,West Bengal,68,Male,Secondary,Private,Student,917748,76479,1,Urban,Yes,Yes,Yes
4685,Maharashtra,48,Male,Postgraduate,Business,Student,600529,50044,3,Urban,No,Yes,Yes
4686,Delhi,42,Female,Graduate,Government,Unemployed,393258,32771,3,Urban,No,Yes,Yes
4687,Rajasthan,58,Male,Postgraduate,Student,Unemployed,535584,44632,1,Urban,No,Yes,Yes
4688,Delhi,77,Male,Higher Secondary,Business,Employed,500440,41703,2,Rural,No,Yes,Yes
4689,Karnataka,39,Female,Graduate,Student,Employed,687672,57306,7,Urban,No,No,Yes
4690,Haryana,26,Male,Higher Secondary,Labour,Employed,861777,71814,1,Urban,No,No,Yes
4691,Maharashtra,18,Male,Postgraduate,Labour,Employed,459238,38269,4,Urban,No,Yes,No
4692,Gujarat,48,Female,Postgraduate,Private,Student,210305,17525,8,Rural,Yes,No,Yes
4693,Gujarat,79,Female,Postgraduate,Labour,Employed,275126,22927,2,Urban,No,Yes,No
4694,Tamil Nadu,72,Male,Postgraduate,Private,Employed,839709,69975,6,Urban,Yes,No,No
4695,Punjab,74,Female,Secondary,Student,Employed,60000,5000,7,Urban,Yes,No,No
4696,Gujarat,63,Female,Secondary,Government,Employed,654585,54548,5,Urban,No,No,No
4697,Punjab,64,Male,Secondary,Government,Employed,709737,59144,1,Urban,No,No,Yes
4698,Karnataka,38,Male,Graduate,Farmer,Self-employed,157723,13143,3,Urban,No,No,Yes
4699,Uttar Pradesh,35,Female,Postgraduate,Farmer,Student,60000,5000,1,Rural,Yes,No,Yes
4700,Karnataka,75,Male,Primary,Healthcare,Unemployed,572912,47742,6,Rural,Yes,Yes,Yes
4701,Haryana,28,Female,Graduate,Business,Unemployed,500980,41748,7,Rural,No,Yes,No
4702,Maharashtra,65,Male,Primary,Healthcare,Self-employed,668163,55680,4,Rural,No,Yes,No
4703,Uttar Pradesh,69,Female,Graduate,Teacher,Student,324528,27044,8,Urban,No,Yes,No
4704,Uttar Pradesh,73,Male,Higher Secondary,Farmer,Unemployed,60000,5000,6,Urban,Yes,Yes,No
4705,Maharashtra,78,Female,Primary,Government,Unemployed,509078,42423,8,Urban,Yes,Yes,No
4706,West Bengal,66,Female,Secondary,Private,Unemployed,577209,48100,8,Rural,No,No,Yes
4707,Karnataka,36,Male,Higher Secondary,Teacher,Unemployed,488812,40734,3,Urban,Yes,No,No
4708,Punjab,30,Female,Higher Secondary,Healthcare,Self-employed,414871,34572,2,Rural,Yes,No,No
4709,Tamil Nadu,62,Male,Secondary,Student,Self-employed,750701,62558,4,Rural,Yes,Yes,No
4710,Uttar Pradesh,60,Female,Primary,Government,Unemployed,376286,31357,6,Urban,Yes,Yes,Yes
4711,Delhi,19,Female,Graduate,Private,Employed,329238,27436,7,Rural,Yes,Yes,Yes
4712,Gujarat,42,Female,Secondary,Student,Student,851924,70993,4,Rural,No,No,No
4713,West Bengal,67,Female,Secondary,Government,Unemployed,630392,52532,3,Urban,No,Yes,No
4714,West Bengal,52,Female,Higher Secondary,Student,Employed,624296,52024,3,Rural,No,Yes,No
4715,Maharashtra,73,Female,Higher Secondary,Government,Unemployed,104863,8738,7,Urban,No,Yes,No
4716,Karnataka,67,Male,Graduate,Engineer,Self-employed,685183,57098,8,Urban,Yes,Yes,Yes
4717,Delhi,45,Male,Primary,Private,Unemployed,157975,13164,2,Rural,Yes,No,No
4718,Delhi,77,Female,Postgraduate,Farmer,Student,235925,19660,5,Rural,No,No,Yes
4719,Uttar Pradesh,78,Male,Primary,Student,Self-employed,970965,80913,2,Urban,Yes,No,Yes
4720,West Bengal,19,Female,Graduate,Business,Self-employed,382846,31903,1,Rural,No,No,Yes
4721,Delhi,53,Female,Graduate,Government,Unemployed,885028,73752,4,Rural,No,No,Yes
4722,Haryana,76,Male,Postgraduate,Labour,Employed,402931,33577,8,Urban,Yes,Yes,No
4723,Uttar Pradesh,68,Male,Postgraduate,Student,Employed,245873,20489,4,Urban,No,Yes,No
4724,Delhi,44,Male,Secondary,Farmer,Student,1058139,88178,7,Rural,No,No,Yes
4725,Delhi,50,Female,Postgraduate,Labour,Unemployed,1006327,83860,6,Rural,Yes,No,Yes
4726,Rajasthan,23,Female,Primary,Engineer,Student,635888,52990,7,Rural,No,No,Yes
4727,Delhi,26,Male,Secondary,Student,Student,723299,60274,1,Rural,Yes,No,No
4728,Uttar Pradesh,31,Female,Primary,Teacher,Unemployed,315840,26320,1,Rural,No,No,No
4729,West Bengal,28,Female,Primary,Unemployed,Employed,107359,8946,7,Rural,Yes,Yes,No
4730,Haryana,22,Male,Higher Secondary,Teacher,Unemployed,125909,10492,2,Urban,No,Yes,No
4731,Uttar Pradesh,42,Female,Graduate,Healthcare,Student,326580,27215,4,Urban,Yes,Yes,Yes
4732,Gujarat,18,Male,Graduate,Government,Employed,917153,76429,5,Rural,Yes,No,Yes
4733,Tamil Nadu,23,Male,Graduate,Farmer,Student,434369,36197,7,Rural,No,No,Yes
4734,Delhi,54,Female,Graduate,Farmer,Unemployed,766238,63853,7,Urban,No,Yes,Yes
4735,Karnataka,65,Female,Secondary,Unemployed,Employed,891977,74331,5,Urban,Yes,No,Yes
4736,Punjab,51,Male,Graduate,Labour,Employed,444647,37053,2,Rural,Yes,Yes,No
4737,Karnataka,80,Female,Primary,Teacher,Self-employed,810400,67533,7,Rural,No,No,Yes
4738,Gujarat,59,Female,Secondary,Teacher,Unemployed,552041,46003,1,Urban,Yes,No,No
4739,Karnataka,42,Male,Primary,Government,Unemployed,692163,57680,2,Rural,Yes,No,No
4740,Punjab,31,Female,Primary,Teacher,Student,754382,62865,2,Urban,No,No,No
4741,Tamil Nadu,80,Female,Postgraduate,Business,Employed,398260,33188,3,Urban,Yes,No,No
4742,Rajasthan,38,Male,Secondary,Healthcare,Student,157987,13165,5,Urban,Yes,Yes,No
4743,Maharashtra,38,Female,Higher Secondary,Business,Unemployed,575478,47956,2,Urban,No,No,No
4744,Maharashtra,36,Female,Secondary,Engineer,Unemployed,744168,62014,2,Urban,No,Yes,No
4745,Maharashtra,73,Female,Postgraduate,Teacher,Self-employed,633614,52801,4,Rural,No,Yes,Yes
4746,Delhi,44,Female,Secondary,Government,Employed,860293,71691,3,Urban,No,No,No
4747,Karnataka,70,Male,Higher Secondary,Farmer,Unemployed,1006472,83872,8,Urban,Yes,Yes,No
4748,West Bengal,64,Female,Primary,Student,Employed,134114,11176,6,Rural,Yes,Yes,Yes
4749,Tamil Nadu,55,Male,Higher Secondary,Student,Self-employed,696284,58023,2,Urban,Yes,No,No
4750,Delhi,53,Female,Postgraduate,Unemployed,Unemployed,456366,38030,3,Urban,Yes,No,Yes
4751,Punjab,48,Female,Primary,Government,Employed,600567,50047,6,Rural,No,Yes,Yes
4752,Delhi,59,Male,Primary,Government,Student,720825,60068,1,Rural,Yes,No,Yes
4753,Punjab,65,Male,Graduate,Private,Self-employed,588923,49076,3,Rural,No,No,Yes
4754,Maharashtra,63,Male,Postgraduate,Business,Unemployed,396789,33065,4,Urban,Yes,Yes,No
4755,Punjab,36,Male,Higher Secondary,Business,Self-employed,538430,44869,1,Urban,No,Yes,No
4756,Uttar Pradesh,45,Male,Higher Secondary,Business,Student,688390,57365,3,Rural,Yes,No,Yes
4757,Delhi,52,Female,Secondary,Healthcare,Employed,275867,22988,1,Rural,Yes,No,No
4758,Karnataka,57,Male,Postgraduate,Teacher,Self-employed,320241,26686,4,Rural,No,Yes,No
4759,Karnataka,74,Male,Secondary,Healthcare,Self-employed,77068,6422,7,Rural,No,Yes,Yes
4760,Haryana,27,Male,Higher Secondary,Teacher,Unemployed,398863,33238,4,Urban,No,No,Yes
4761,Punjab,77,Male,Higher Secondary,Student,Self-employed,429916,35826,1,Rural,No,No,Yes
4762,Tamil Nadu,62,Female,Graduate,Business,Employed,417158,34763,7,Urban,Yes,Yes,No
4763,West Bengal,64,Male,Secondary,Unemployed,Employed,867746,72312,5,Rural,Yes,Yes,No
4764,Delhi,22,Male,Secondary,Government,Self-employed,361677,30139,2,Rural,No,No,Yes
4765,Haryana,77,Female,Secondary,Government,Student,775020,64585,8,Rural,No,Yes,No
4766,Rajasthan,53,Female,Graduate,Engineer,Self-employed,146460,12205,8,Urban,Yes,Yes,Yes
4767,Rajasthan,19,Female,Primary,Student,Employed,148432,12369,5,Rural,No,No,No
4768,Delhi,30,Female,Postgraduate,Farmer,Unemployed,567666,47305,3,Urban,No,No,Yes
4769,Delhi,69,Male,Postgraduate,Farmer,Self-employed,60000,5000,2,Rural,Yes,Yes,Yes
4770,Punjab,49,Female,Higher Secondary,Healthcare,Student,764454,63704,7,Urban,No,No,Yes
4771,Delhi,27,Female,Secondary,Teacher,Self-employed,835743,69645,5,Rural,No,No,Yes
4772,Gujarat,19,Female,Higher Secondary,Labour,Employed,296056,24671,2,Rural,Yes,Yes,Yes
4773,Gujarat,43,Female,Higher Secondary,Labour,Employed,250624,20885,8,Rural,Yes,Yes,No
4774,Punjab,74,Male,Primary,Student,Employed,623785,51982,7,Urban,No,Yes,Yes
4775,Delhi,37,Male,Graduate,Student,Employed,920531,76710,3,Rural,No,Yes,No
4776,Gujarat,48,Male,Higher Secondary,Teacher,Employed,1097839,91486,7,Rural,No,No,Yes
4777,Karnataka,44,Male,Primary,Teacher,Self-employed,853530,71127,1,Rural,Yes,No,No
4778,Maharashtra,24,Female,Postgraduate,Unemployed,Self-employed,836503,69708,6,Rural,Yes,No,Yes
4779,West Bengal,55,Female,Graduate,Private,Self-employed,201520,16793,8,Rural,Yes,No,No
4780,Tamil Nadu,70,Female,Primary,Labour,Employed,498198,41516,6,Rural,Yes,Yes,No
4781,Haryana,54,Male,Primary,Student,Unemployed,617813,51484,6,Urban,No,Yes,Yes
4782,Rajasthan,66,Male,Postgraduate,Business,Student,414374,34531,5,Rural,Yes,Yes,No
4783,Punjab,57,Male,Higher Secondary,Labour,Unemployed,602296,50191,6,Rural,No,Yes,Yes
4784,Punjab,49,Male,Secondary,Business,Employed,436798,36399,7,Rural,Yes,No,Yes
4785,Karnataka,79,Male,Postgraduate,Farmer,Self-employed,561094,46757,2,Urban,No,No,No
4786,Delhi,22,Male,Primary,Labour,Employed,822151,68512,6,Rural,Yes,Yes,No
4787,Gujarat,77,Female,Postgraduate,Engineer,Unemployed,283658,23638,5,Urban,No,Yes,No
4788,Maharashtra,21,Male,Postgraduate,Engineer,Self-employed,219070,18255,2,Rural,Yes,Yes,Yes
4789,West Bengal,43,Male,Secondary,Teacher,Self-employed,126181,10515,4,Rural,No,No,Yes
4790,Rajasthan,69,Male,Primary,Healthcare,Self-employed,224373,18697,4,Rural,No,Yes,Yes
4791,Uttar Pradesh,38,Female,Higher Secondary,Healthcare,Unemployed,359715,29976,6,Urban,Yes,Yes,No
4792,Karnataka,51,Female,Postgraduate,Engineer,Employed,259660,21638,2,Rural,No,Yes,No
4793,Delhi,76,Female,Graduate,Private,Unemployed,60000,5000,7,Urban,Yes,Yes,No
4794,Maharashtra,56,Male,Graduate,Farmer,Student,642455,53537,1,Rural,Yes,No,Yes
4795,Delhi,42,Female,Primary,Student,Employed,618561,51546,2,Rural,Yes,No,No
4796,Uttar Pradesh,79,Male,Higher Secondary,Unemployed,Employed,655837,54653,8,Rural,No,Yes,No
4797,Gujarat,41,Male,Primary,Farmer,Unemployed,385008,32084,5,Rural,No,Yes,No
4798,Rajasthan,72,Male,Higher Secondary,Student,Unemployed,385427,32118,5,Urban,No,No,No
4799,Maharashtra,69,Female,Higher Secondary,Business,Unemployed,359188,29932,1,Rural,Yes,Yes,No
4800,Tamil Nadu,61,Female,Secondary,Teacher,Employed,487666,40638,7,Rural,No,Yes,No
4801,Delhi,65,Female,Secondary,Private,Unemployed,398408,33200,5,Rural,No,Yes,Yes
4802,Haryana,61,Male,Postgraduate,Farmer,Self-employed,758317,63193,5,Rural,Yes,No,Yes
4803,West Bengal,79,Male,Postgraduate,Private,Self-employed,473866,39488,5,Rural,No,Yes,No
4804,Haryana,68,Male,Secondary,Government,Student,298541,24878,7,Rural,No,No,Yes
4805,Karnataka,43,Male,Graduate,Government,Unemployed,481337,40111,2,Urban,Yes,Yes,Yes
4806,Maharashtra,61,Female,Primary,Government,Self-employed,390713,32559,2,Rural,No,Yes,No
4807,Punjab,23,Male,Secondary,Private,Employed,696286,58023,2,Urban,Yes,No,Yes
4808,Rajasthan,36,Female,Graduate,Engineer,Student,579685,48307,2,Urban,Yes,No,Yes
4809,Tamil Nadu,55,Female,Higher Secondary,Unemployed,Employed,658407,54867,2,Urban,Yes,No,Yes
4810,Gujarat,70,Female,Primary,Labour,Student,314517,26209,5,Rural,Yes,No,Yes
4811,West Bengal,76,Female,Graduate,Teacher,Self-employed,286168,23847,4,Urban,Yes,Yes,Yes
4812,Maharashtra,28,Male,Postgraduate,Government,Unemployed,60000,5000,8,Urban,Yes,No,Yes
4813,Gujarat,68,Male,Postgraduate,Teacher,Self-employed,1176927,98077,1,Rural,No,Yes,No
4814,Rajasthan,52,Female,Primary,Labour,Employed,499712,41642,2,Rural,No,Yes,No
4815,Punjab,49,Male,Graduate,Government,Unemployed,284044,23670,5,Rural,No,Yes,No
4816,Punjab,60,Female,Higher Secondary,Private,Student,97868,8155,6,Urban,No,No,Yes
4817,Gujarat,53,Female,Secondary,Unemployed,Employed,1020839,85069,3,Urban,No,No,No
4818,Delhi,21,Male,Primary,Private,Unemployed,759832,63319,6,Rural,Yes,No,No
4819,West Bengal,26,Male,Graduate,Student,Self-employed,1145427,95452,6,Rural,No,No,Yes
4820,Rajasthan,61,Male,Higher Secondary,Business,Unemployed,158778,13231,2,Urban,Yes,No,No
4821,Delhi,58,Male,Secondary,Private,Employed,552237,46019,8,Rural,No,No,Yes
4822,Tamil Nadu,70,Male,Higher Secondary,Business,Self-employed,435191,36265,1,Urban,No,Yes,Yes
4823,Karnataka,59,Male,Higher Secondary,Business,Unemployed,278837,23236,3,Rural,No,Yes,Yes
4824,Haryana,47,Male,Primary,Healthcare,Employed,178078,14839,5,Rural,No,No,Yes
4825,Tamil Nadu,61,Female,Higher Secondary,Healthcare,Self-employed,672182,56015,5,Rural,No,Yes,Yes
4826,West Bengal,42,Male,Postgraduate,Student,Unemployed,479301,39941,6,Urban,Yes,Yes,Yes
4827,Maharashtra,18,Male,Secondary,Labour,Employed,328960,27413,4,Rural,No,Yes,No
4828,Rajasthan,43,Male,Higher Secondary,Government,Employed,576762,48063,4,Rural,Yes,Yes,No
4829,Maharashtra,43,Female,Graduate,Private,Self-employed,573115,47759,5,Rural,Yes,Yes,No
4830,Rajasthan,57,Female,Postgraduate,Business,Self-employed,544569,45380,7,Rural,No,No,No
4831,Maharashtra,53,Male,Postgraduate,Unemployed,Unemployed,556713,46392,2,Rural,No,No,No
4832,Gujarat,71,Female,Secondary,Teacher,Student,563018,46918,1,Rural,Yes,Yes,No
4833,Gujarat,51,Female,Primary,Private,Employed,657024,54752,2,Rural,Yes,Yes,No
4834,Rajasthan,29,Female,Graduate,Business,Employed,374894,31241,5,Rural,No,No,Yes
4835,Rajasthan,69,Female,Graduate,Student,Student,510299,42524,2,Rural,No,No,No
4836,West Bengal,55,Female,Postgraduate,Healthcare,Employed,388691,32390,8,Rural,Yes,No,No
4837,Uttar Pradesh,64,Female,Postgraduate,Engineer,Self-employed,642043,53503,2,Urban,Yes,No,No
4838,West Bengal,29,Female,Secondary,Engineer,Self-employed,60000,5000,4,Rural,Yes,No,Yes
4839,Haryana,33,Female,Graduate,Government,Self-employed,519247,43270,6,Urban,No,Yes,Yes
4840,Haryana,21,Female,Higher Secondary,Government,Employed,736550,61379,3,Urban,No,Yes,No
4841,Haryana,54,Female,Higher Secondary,Unemployed,Employed,560759,46729,4,Urban,Yes,No,No
4842,Punjab,21,Female,Postgraduate,Labour,Self-employed,820478,68373,4,Urban,Yes,No,No
4843,Maharashtra,39,Female,Higher Secondary,Government,Unemployed,341804,28483,7,Urban,No,Yes,No
4844,Gujarat,71,Male,Postgraduate,Farmer,Student,749759,62479,8,Rural,No,No,No
4845,Maharashtra,43,Female,Graduate,Private,Employed,170421,14201,7,Urban,Yes,No,No
4846,West Bengal,80,Female,Postgraduate,Labour,Employed,931282,77606,4,Urban,Yes,Yes,No
4847,Gujarat,30,Female,Secondary,Government,Unemployed,376667,31388,6,Urban,Yes,No,No
4848,West Bengal,78,Female,Postgraduate,Student,Student,302169,25180,5,Urban,No,No,No
4849,Karnataka,26,Female,Graduate,Engineer,Unemployed,558646,46553,8,Rural,Yes,Yes,Yes
4850,Delhi,45,Female,Graduate,Engineer,Unemployed,815645,67970,4,Rural,Yes,No,Yes
4851,Punjab,50,Female,Higher Secondary,Farmer,Self-employed,60000,5000,6,Rural,No,Yes,Yes
4852,Uttar Pradesh,43,Male,Primary,Labour,Unemployed,826098,68841,8,Rural,Yes,Yes,Yes
4853,Tamil Nadu,56,Female,Secondary,Labour,Student,679248,56604,1,Rural,Yes,No,No
4854,Punjab,57,Female,Primary,Private,Unemployed,60000,5000,4,Urban,Yes,Yes,Yes
4855,Uttar Pradesh,70,Male,Postgraduate,Healthcare,Employed,663605,55300,5,Rural,Yes,No,No
4856,Haryana,49,Male,Graduate,Healthcare,Employed,649499,54124,2,Rural,Yes,No,No
4857,Maharashtra,70,Female,Primary,Engineer,Self-employed,1165819,97151,4,Urban,Yes,No,No
4858,Uttar Pradesh,63,Female,Graduate,Business,Self-employed,657705,54808,4,Rural,No,Yes,Yes
4859,Tamil Nadu,33,Female,Graduate,Farmer,Self-employed,403572,33631,8,Rural,No,No,No
4860,Rajasthan,57,Female,Secondary,Unemployed,Unemployed,673068,56089,1,Urban,No,No,Yes
4861,Maharashtra,48,Female,Secondary,Student,Self-employed,60000,5000,7,Urban,No,Yes,Yes
4862,Haryana,20,Female,Higher Secondary,Teacher,Unemployed,535366,44613,4,Rural,Yes,No,No
4863,Tamil Nadu,18,Female,Graduate,Government,Student,328091,27340,1,Rural,Yes,No,No
4864,Maharashtra,41,Male,Secondary,Farmer,Unemployed,782470,65205,4,Rural,Yes,Yes,No
4865,Punjab,59,Female,Primary,Teacher,Unemployed,562534,46877,6,Urban,No,Yes,Yes
4866,Punjab,33,Male,Postgraduate,Private,Self-employed,537671,44805,6,Rural,No,Yes,Yes
4867,Uttar Pradesh,74,Female,Higher Secondary,Private,Unemployed,69062,5755,5,Urban,Yes,Yes,Yes
4868,Uttar Pradesh,28,Female,Postgraduate,Farmer,Self-employed,897153,74762,4,Rural,Yes,Yes,No
4869,Punjab,52,Female,Higher Secondary,Unemployed,Employed,383200,31933,2,Urban,No,Yes,No
4870,Tamil Nadu,23,Male,Secondary,Unemployed,Student,273270,22772,5,Urban,No,Yes,Yes
4871,Rajasthan,71,Female,Graduate,Labour,Self-employed,629093,52424,1,Urban,Yes,Yes,Yes
4872,Punjab,22,Male,Graduate,Government,Self-employed,201550,16795,1,Rural,Yes,No,No
4873,West Bengal,43,Male,Primary,Student,Unemployed,1205894,100491,8,Urban,Yes,No,No
4874,Maharashtra,78,Female,Primary,Business,Student,60000,5000,3,Urban,No,Yes,No
4875,Tamil Nadu,31,Female,Postgraduate,Teacher,Unemployed,431661,35971,7,Urban,Yes,Yes,Yes
4876,Karnataka,40,Male,Higher Secondary,Unemployed,Unemployed,618775,51564,6,Urban,No,Yes,Yes
4877,Gujarat,58,Female,Graduate,Healthcare,Unemployed,501640,41803,7,Urban,Yes,Yes,No
4878,Tamil Nadu,79,Female,Secondary,Private,Self-employed,517259,43104,7,Rural,Yes,No,Yes
4879,West Bengal,71,Female,Higher Secondary,Teacher,Employed,352878,29406,3,Urban,Yes,Yes,Yes
4880,Uttar Pradesh,50,Female,Secondary,Engineer,Student,255567,21297,7,Urban,No,Yes,Yes
4881,Punjab,24,Male,Postgraduate,Farmer,Student,284895,23741,7,Rural,Yes,No,No
4882,Tamil Nadu,22,Female,Higher Secondary,Government,Employed,120135,10011,7,Urban,Yes,No,Yes
4883,Tamil Nadu,64,Female,Postgraduate,Business,Employed,485540,40461,1,Urban,No,No,Yes
4884,Karnataka,33,Male,Higher Secondary,Engineer,Employed,623838,51986,7,Urban,No,No,Yes
4885,Rajasthan,39,Male,Postgraduate,Healthcare,Employed,486652,40554,6,Urban,No,No,No
4886,Uttar Pradesh,77,Female,Postgraduate,Student,Self-employed,726203,60516,1,Rural,Yes,Yes,Yes
4887,Uttar Pradesh,69,Female,Postgraduate,Unemployed,Unemployed,898597,74883,7,Urban,No,Yes,Yes
4888,Maharashtra,32,Male,Graduate,Labour,Unemployed,260148,21679,7,Urban,No,No,No
4889,Maharashtra,55,Male,Secondary,Student,Self-employed,675905,56325,1,Urban,No,No,No
4890,Punjab,45,Male,Secondary,Labour,Unemployed,111838,9319,6,Urban,No,Yes,Yes
4891,Delhi,29,Male,Graduate,Business,Self-employed,296653,24721,5,Urban,No,No,No
4892,Rajasthan,56,Female,Primary,Government,Unemployed,737133,61427,8,Urban,No,Yes,Yes
4893,Tamil Nadu,41,Male,Graduate,Unemployed,Student,235264,19605,6,Rural,Yes,No,Yes
4894,Delhi,58,Female,Primary,Student,Self-employed,486988,40582,7,Rural,No,Yes,Yes
4895,Delhi,74,Female,Secondary,Engineer,Employed,397197,33099,2,Urban,Yes,No,Yes
4896,Tamil Nadu,75,Female,Postgraduate,Government,Unemployed,605403,50450,3,Rural,Yes,Yes,Yes
4897,Punjab,77,Female,Graduate,Engineer,Unemployed,515264,42938,2,Rural,No,No,No
4898,Karnataka,31,Male,Higher Secondary,Private,Self-employed,404888,33740,8,Rural,Yes,No,No
4899,Tamil Nadu,20,Male,Postgraduate,Business,Student,536300,44691,4,Rural,No,Yes,No
4900,Tamil Nadu,69,Male,Primary,Student,Student,509969,42497,4,Rural,No,No,No
4901,Delhi,20,Female,Secondary,Teacher,Unemployed,697805,58150,6,Urban,No,No,Yes
4902,Tamil Nadu,40,Male,Secondary,Unemployed,Student,795675,66306,8,Rural,Yes,Yes,No
4903,Karnataka,19,Male,Graduate,Business,Unemployed,964717,80393,5,Rural,Yes,Yes,Yes
4904,Delhi,55,Male,Higher Secondary,Teacher,Student,638520,53210,8,Rural,Yes,Yes,No
4905,Rajasthan,19,Male,Postgraduate,Engineer,Self-employed,716932,59744,6,Rural,No,No,Yes
4906,Gujarat,20,Female,Higher Secondary,Business,Employed,785796,65483,4,Urban,No,Yes,No
4907,West Bengal,55,Male,Primary,Healthcare,Employed,593477,49456,5,Urban,No,No,No
4908,West Bengal,22,Female,Graduate,Business,Employed,677399,56449,8,Rural,No,No,No
4909,Karnataka,44,Female,Secondary,Student,Student,614271,51189,6,Urban,Yes,Yes,No
4910,Maharashtra,43,Female,Postgraduate,Student,Unemployed,524883,43740,7,Urban,No,Yes,Yes
4911,Maharashtra,43,Male,Secondary,Labour,Employed,567822,47318,1,Rural,No,No,No
4912,Gujarat,43,Female,Secondary,Unemployed,Unemployed,195416,16284,5,Urban,No,Yes,No
4913,Karnataka,70,Female,Graduate,Teacher,Self-employed,859711,71642,5,Urban,No,No,Yes
4914,Haryana,75,Female,Graduate,Business,Self-employed,486194,40516,3,Urban,No,Yes,Yes
4915,Uttar Pradesh,23,Male,Graduate,Student,Self-employed,128949,10745,5,Rural,Yes,Yes,Yes
4916,Maharashtra,38,Male,Graduate,Labour,Unemployed,369702,30808,5,Urban,Yes,No,No
4917,Tamil Nadu,38,Female,Secondary,Unemployed,Employed,392116,32676,2,Rural,Yes,Yes,No
4918,Rajasthan,46,Male,Graduate,Business,Employed,822394,68532,2,Rural,Yes,No,Yes
4919,Maharashtra,44,Male,Graduate,Teacher,Student,550758,45896,5,Rural,No,No,Yes
4920,Uttar Pradesh,29,Male,Primary,Private,Self-employed,365420,30451,8,Urban,Yes,Yes,No
4921,Karnataka,34,Male,Graduate,Teacher,Unemployed,479534,39961,4,Rural,No,No,No
4922,Rajasthan,29,Male,Primary,Business,Employed,510600,42550,3,Urban,Yes,No,Yes
4923,Delhi,76,Male,Higher Secondary,Labour,Unemployed,479313,39942,1,Rural,No,Yes,Yes
4924,Maharashtra,48,Female,Secondary,Farmer,Student,942576,78548,8,Urban,No,No,Yes
4925,Rajasthan,69,Female,Postgraduate,Student,Student,500438,41703,3,Rural,Yes,No,No
4926,Karnataka,71,Male,Graduate,Healthcare,Employed,688342,57361,2,Rural,No,No,Yes
4927,Rajasthan,51,Female,Secondary,Private,Unemployed,499550,41629,2,Urban,No,No,Yes
4928,Delhi,76,Female,Graduate,Healthcare,Student,733568,61130,2,Rural,No,No,Yes
4929,West Bengal,21,Female,Postgraduate,Private,Unemployed,943398,78616,4,Rural,No,No,Yes
4930,Punjab,45,Male,Postgraduate,Government,Self-employed,356622,29718,7,Urban,No,Yes,Yes
4931,Tamil Nadu,74,Female,Higher Secondary,Private,Student,172148,14345,6,Urban,Yes,Yes,No
4932,Gujarat,58,Male,Secondary,Unemployed,Unemployed,361992,30166,4,Urban,No,No,No
4933,Punjab,65,Male,Primary,Labour,Unemployed,116188,9682,6,Urban,Yes,No,Yes
4934,West Bengal,76,Female,Primary,Private,Student,504435,42036,8,Urban,No,Yes,No
4935,Rajasthan,31,Female,Primary,Farmer,Self-employed,60000,5000,6,Urban,No,No,No
4936,Uttar Pradesh,73,Female,Higher Secondary,Government,Self-employed,60000,5000,6,Urban,No,Yes,No
4937,Punjab,71,Female,Primary,Farmer,Employed,759157,63263,6,Rural,Yes,No,No
4938,Uttar Pradesh,50,Female,Higher Secondary,Farmer,Unemployed,594302,49525,5,Rural,Yes,Yes,No
4939,Rajasthan,21,Female,Higher Secondary,Healthcare,Self-employed,329594,27466,6,Rural,No,Yes,No
4940,Rajasthan,77,Male,Primary,Private,Employed,733194,61099,6,Rural,No,No,Yes
4941,Maharashtra,47,Female,Postgraduate,Student,Unemployed,727354,60612,4,Urban,No,Yes,Yes
4942,Punjab,46,Female,Secondary,Private,Unemployed,555570,46297,2,Rural,No,No,Yes
4943,Gujarat,31,Female,Primary,Unemployed,Student,454158,37846,3,Rural,No,No,Yes
4944,Punjab,35,Female,Primary,Private,Unemployed,449789,37482,3,Urban,Yes,No,Yes
4945,Tamil Nadu,63,Male,Graduate,Government,Student,557201,46433,5,Urban,Yes,Yes,No
4946,Rajasthan,58,Male,Secondary,Student,Unemployed,135633,11302,3,Rural,No,No,No
4947,Uttar Pradesh,40,Female,Higher Secondary,Business,Self-employed,844436,70369,2,Urban,No,No,No
4948,West Bengal,64,Female,Higher Secondary,Labour,Self-employed,358379,29864,3,Urban,Yes,Yes,No
4949,Gujarat,68,Female,Graduate,Business,Unemployed,580169,48347,1,Urban,Yes,No,Yes
4950,Rajasthan,23,Male,Primary,Government,Employed,457726,38143,8,Rural,No,No,Yes
4951,Rajasthan,76,Male,Secondary,Business,Unemployed,319277,26606,7,Urban,Yes,No,No
4952,Maharashtra,77,Male,Postgraduate,Farmer,Employed,688404,57367,7,Rural,No,Yes,Yes
4953,Punjab,35,Female,Postgraduate,Healthcare,Self-employed,380822,31735,3,Rural,Yes,No,No
4954,Uttar Pradesh,18,Male,Secondary,Private,Self-employed,471491,39290,5,Rural,Yes,Yes,Yes
4955,Delhi,25,Male,Secondary,Teacher,Employed,344168,28680,2,Urban,Yes,Yes,No
4956,Uttar Pradesh,69,Female,Primary,Unemployed,Unemployed,774189,64515,3,Urban,Yes,No,No
4957,Gujarat,41,Male,Secondary,Labour,Unemployed,643707,53642,3,Rural,Yes,No,Yes
4958,Maharashtra,55,Male,Higher Secondary,Healthcare,Student,382048,31837,6,Urban,No,Yes,Yes
4959,Maharashtra,39,Female,Graduate,Healthcare,Unemployed,567734,47311,5,Rural,No,Yes,No
4960,Gujarat,49,Female,Postgraduate,Government,Self-employed,354321,29526,1,Rural,Yes,No,Yes
4961,Delhi,32,Male,Graduate,Engineer,Employed,793282,66106,6,Rural,Yes,Yes,Yes
4962,Karnataka,46,Male,Higher Secondary,Farmer,Unemployed,777675,64806,2,Rural,Yes,No,Yes
4963,Delhi,64,Female,Primary,Student,Unemployed,978150,81512,6,Rural,No,Yes,Yes
4964,Punjab,78,Male,Secondary,Healthcare,Self-employed,310851,25904,4,Rural,Yes,No,No
4965,Uttar Pradesh,61,Male,Graduate,Private,Employed,739123,61593,2,Rural,No,Yes,Yes
4966,Karnataka,68,Female,Higher Secondary,Engineer,Student,139893,11657,2,Rural,No,No,Yes
4967,West Bengal,54,Male,Primary,Student,Self-employed,60000,5000,1,Urban,Yes,No,No
4968,Gujarat,74,Male,Primary,Private,Self-employed,723778,60314,4,Rural,No,Yes,No
4969,Tamil Nadu,28,Female,Secondary,Unemployed,Self-employed,555778,46314,5,Urban,Yes,Yes,Yes
4970,Tamil Nadu,29,Male,Primary,Government,Employed,733695,61141,7,Rural,No,No,No
4971,Haryana,58,Male,Primary,Student,Employed,319873,26656,5,Rural,No,Yes,Yes
4972,Punjab,60,Female,Postgraduate,Healthcare,Student,475457,39621,5,Urban,No,Yes,Yes
4973,Tamil Nadu,22,Male,Graduate,Unemployed,Self-employed,402721,33560,7,Rural,No,Yes,Yes
4974,Gujarat,79,Male,Secondary,Unemployed,Employed,268509,22375,8,Rural,Yes,No,No
4975,West Bengal,64,Female,Secondary,Government,Employed,181023,15085,2,Urban,No,No,Yes
4976,Delhi,34,Male,Primary,Student,Self-employed,1107902,92325,2,Urban,No,No,No
4977,Rajasthan,47,Female,Secondary,Engineer,Unemployed,817219,68101,4,Urban,Yes,Yes,Yes
4978,Gujarat,78,Male,Primary,Student,Employed,753140,62761,7,Urban,No,No,Yes
4979,Delhi,21,Male,Secondary,Government,Self-employed,594940,49578,6,Urban,No,Yes,No
4980,Maharashtra,20,Female,Secondary,Labour,Unemployed,303450,25287,4,Rural,No,No,Yes
4981,Maharashtra,56,Male,Higher Secondary,Business,Self-employed,959078,79923,3,Rural,No,No,No
4982,Rajasthan,56,Female,Postgraduate,Private,Unemployed,666515,55542,5,Rural,No,Yes,No
4983,Haryana,56,Female,Higher Secondary,Unemployed,Self-employed,602992,50249,8,Urban,No,No,Yes
4984,Rajasthan,52,Female,Graduate,Student,Unemployed,711919,59326,2,Rural,Yes,Yes,No
4985,Rajasthan,60,Female,Postgraduate,Healthcare,Student,558785,46565,4,Rural,Yes,Yes,No
4986,West Bengal,22,Female,Postgraduate,Business,Unemployed,795076,66256,2,Urban,No,No,Yes
4987,Karnataka,79,Female,Primary,Teacher,Unemployed,862131,71844,6,Rural,No,Yes,Yes
4988,Tamil Nadu,46,Male,Graduate,Farmer,Employed,92623,7718,1,Urban,Yes,Yes,No
4989,Rajasthan,51,Female,Higher Secondary,Government,Student,294593,24549,6,Rural,Yes,No,No
4990,Delhi,50,Male,Postgraduate,Private,Unemployed,885006,73750,1,Rural,No,Yes,No
4991,Rajasthan,73,Male,Primary,Engineer,Self-employed,945188,78765,4,Urban,Yes,No,No
4992,Karnataka,35,Male,Higher Secondary,Unemployed,Student,249587,20798,8,Urban,Yes,No,Yes
4993,Delhi,61,Female,Secondary,Business,Unemployed,394520,32876,8,Urban,Yes,No,No
4994,West Bengal,18,Male,Secondary,Business,Student,954215,79517,6,Urban,No,Yes,No
4995,Haryana,18,Female,Secondary,Unemployed,Unemployed,175580,14631,6,Urban,Yes,Yes,No
4996,Delhi,19,Female,Primary,Engineer,Self-employed,218983,18248,8,Urban,No,No,Yes
4997,Punjab,21,Female,Graduate,Farmer,Employed,299630,24969,2,Rural,No,Yes,Yes
4998,Haryana,51,Female,Postgraduate,Government,Student,345359,28779,7,Rural,No,Yes,No
4999,Haryana,39,Male,Postgraduate,Private,Employed,295302,24608,3,Rural,No,Yes,Yes
5000,Maharashtra,32,Female,Graduate,Private,Employed,757520,63126,4,Urban,No,No,Yes
5001,Delhi,49,Male,Primary,Engineer,Student,668507,55708,4,Urban,Yes,Yes,Yes
5002,Karnataka,60,Female,Higher Secondary,Unemployed,Student,556219,46351,7,Rural,Yes,Yes,No
5003,Uttar Pradesh,39,Female,Primary,Government,Student,450529,37544,3,Rural,No,Yes,No
5004,Karnataka,66,Male,Graduate,Business,Student,715533,59627,5,Urban,No,No,No
5005,Delhi,19,Male,Primary,Private,Employed,511284,42607,5,Rural,Yes,Yes,No
5006,Haryana,32,Male,Higher Secondary,Student,Student,227357,18946,8,Urban,No,Yes,No
5007,Maharashtra,59,Male,Primary,Healthcare,Self-employed,798108,66509,4,Rural,No,No,Yes
5008,West Bengal,44,Female,Primary,Student,Unemployed,320483,26706,8,Rural,Yes,No,No
5009,Karnataka,46,Female,Primary,Business,Employed,799775,66647,8,Urban,No,No,No
5010,Karnataka,55,Female,Graduate,Private,Self-employed,426320,35526,1,Rural,Yes,No,No
5011,West Bengal,62,Female,Graduate,Healthcare,Self-employed,514375,42864,7,Urban,Yes,Yes,No
5012,Delhi,25,Male,Secondary,Farmer,Self-employed,747715,62309,5,Urban,Yes,Yes,No
5013,West Bengal,58,Female,Secondary,Student,Employed,676009,56334,4,Rural,Yes,Yes,Yes
5014,Maharashtra,74,Female,Primary,Unemployed,Self-employed,987240,82270,1,Rural,No,No,Yes
5015,Karnataka,59,Female,Primary,Labour,Self-employed,692753,57729,6,Urban,Yes,Yes,Yes
5016,West Bengal,55,Female,Graduate,Business,Self-employed,401226,33435,5,Rural,No,No,No
5017,Gujarat,27,Female,Graduate,Government,Employed,860700,71725,3,Rural,No,No,Yes
5018,Karnataka,48,Male,Graduate,Unemployed,Self-employed,147016,12251,3,Rural,Yes,No,Yes
5019,West Bengal,31,Male,Postgraduate,Teacher,Employed,447332,37277,6,Rural,No,Yes,Yes
5020,Rajasthan,38,Male,Secondary,Business,Self-employed,629331,52444,2,Rural,No,Yes,Yes
5021,Tamil Nadu,51,Female,Graduate,Business,Student,558216,46518,6,Rural,Yes,Yes,Yes
5022,Gujarat,72,Male,Graduate,Labour,Self-employed,603664,50305,2,Urban,Yes,No,No
5023,Karnataka,51,Male,Graduate,Unemployed,Student,537251,44770,4,Urban,Yes,Yes,No
5024,West Bengal,79,Female,Graduate,Teacher,Employed,746142,62178,4,Urban,Yes,Yes,No
5025,Tamil Nadu,55,Female,Primary,Business,Unemployed,410171,34180,2,Rural,No,Yes,No
5026,Gujarat,72,Male,Secondary,Farmer,Unemployed,504689,42057,1,Rural,Yes,Yes,Yes
5027,Uttar Pradesh,23,Male,Primary,Business,Self-employed,516645,43053,2,Rural,No,No,No
5028,Maharashtra,49,Female,Primary,Unemployed,Student,60000,5000,7,Urban,No,Yes,Yes
5029,Haryana,30,Male,Graduate,Unemployed,Student,633886,52823,6,Urban,Yes,No,No
5030,Delhi,37,Male,Postgraduate,Farmer,Self-employed,543610,45300,2,Urban,No,Yes,Yes
5031,Haryana,40,Male,Postgraduate,Student,Student,704623,58718,1,Urban,Yes,No,Yes
5032,Haryana,43,Female,Primary,Engineer,Employed,854201,71183,1,Urban,Yes,No,No
5033,Punjab,42,Female,Higher Secondary,Private,Employed,364302,30358,7,Rural,Yes,Yes,No
5034,Rajasthan,70,Female,Graduate,Government,Student,459563,38296,1,Urban,No,No,No
5035,Maharashtra,31,Male,Postgraduate,Engineer,Self-employed,429384,35782,1,Urban,Yes,Yes,No
5036,Punjab,22,Male,Postgraduate,Private,Employed,489638,40803,3,Urban,No,No,No
5037,Delhi,65,Male,Postgraduate,Healthcare,Employed,396085,33007,3,Urban,Yes,No,No
5038,Maharashtra,55,Female,Postgraduate,Government,Employed,546097,45508,2,Urban,Yes,No,No
5039,Punjab,28,Female,Postgraduate,Private,Unemployed,76988,6415,4,Rural,Yes,Yes,No
5040,Maharashtra,53,Male,Secondary,Teacher,Self-employed,852335,71027,2,Rural,Yes,No,Yes
5041,Tamil Nadu,22,Female,Higher Secondary,Private,Employed,443224,36935,4,Urban,No,Yes,Yes
5042,Uttar Pradesh,57,Female,Graduate,Healthcare,Student,470800,39233,1,Rural,No,No,No
5043,Karnataka,28,Male,Postgraduate,Labour,Unemployed,618075,51506,7,Rural,No,No,Yes
5044,Tamil Nadu,61,Male,Secondary,Private,Student,338825,28235,3,Urban,No,No,No
5045,Karnataka,41,Female,Higher Secondary,Private,Self-employed,305869,25489,7,Rural,Yes,Yes,Yes
5046,Uttar Pradesh,31,Female,Higher Secondary,Student,Student,289298,24108,8,Urban,Yes,Yes,Yes
5047,Rajasthan,57,Male,Higher Secondary,Teacher,Self-employed,489887,40823,6,Rural,No,Yes,Yes
5048,Tamil Nadu,73,Female,Higher Secondary,Teacher,Unemployed,785045,65420,7,Urban,No,Yes,Yes
5049,West Bengal,65,Male,Secondary,Labour,Unemployed,428709,35725,2,Urban,No,Yes,No
5050,Punjab,38,Male,Primary,Private,Student,510446,42537,5,Urban,Yes,No,Yes
5051,Maharashtra,42,Female,Higher Secondary,Farmer,Self-employed,402817,33568,4,Urban,No,No,Yes
5052,Karnataka,50,Female,Postgraduate,Farmer,Self-employed,61080,5090,1,Urban,Yes,No,Yes
5053,Uttar Pradesh,51,Female,Postgraduate,Student,Self-employed,723782,60315,5,Urban,No,Yes,Yes
5054,Uttar Pradesh,34,Male,Graduate,Teacher,Self-employed,719036,59919,1,Urban,Yes,No,No
5055,Tamil Nadu,32,Male,Postgraduate,Private,Self-employed,524098,43674,2,Rural,Yes,No,Yes
5056,Gujarat,52,Male,Postgraduate,Teacher,Unemployed,729744,60812,6,Rural,No,No,No
5057,Gujarat,54,Female,Secondary,Farmer,Self-employed,663330,55277,1,Urban,Yes,Yes,No
5058,Rajasthan,59,Male,Postgraduate,Business,Employed,454138,37844,6,Rural,No,Yes,Yes
5059,Uttar Pradesh,48,Male,Higher Secondary,Government,Unemployed,155002,12916,8,Rural,No,No,Yes
5060,Gujarat,46,Female,Higher Secondary,Private,Employed,556300,46358,4,Rural,No,No,Yes
5061,Gujarat,45,Male,Higher Secondary,Healthcare,Self-employed,292691,24390,1,Urban,No,Yes,No
5062,Uttar Pradesh,38,Female,Secondary,Labour,Student,254161,21180,4,Urban,No,Yes,Yes
5063,Rajasthan,28,Male,Postgraduate,Government,Employed,273874,22822,4,Rural,No,No,Yes
5064,West Bengal,61,Male,Postgraduate,Student,Self-employed,290056,24171,6,Rural,Yes,No,Yes
5065,West Bengal,51,Male,Primary,Labour,Self-employed,786516,65543,1,Urban,Yes,No,Yes
5066,Haryana,43,Female,Postgraduate,Private,Student,852337,71028,7,Urban,No,Yes,No
5067,Uttar Pradesh,56,Female,Higher Secondary,Private,Employed,611889,50990,3,Rural,No,Yes,No
5068,Uttar Pradesh,61,Female,Secondary,Teacher,Unemployed,651546,54295,7,Urban,Yes,No,Yes
5069,Haryana,80,Female,Higher Secondary,Student,Unemployed,159477,13289,6,Urban,Yes,Yes,Yes
5070,Punjab,68,Male,Secondary,Labour,Employed,474598,39549,3,Rural,Yes,No,Yes
5071,Karnataka,61,Male,Secondary,Engineer,Unemployed,632240,52686,7,Urban,Yes,Yes,No
5072,Karnataka,62,Female,Higher Secondary,Engineer,Employed,686288,57190,6,Rural,Yes,No,No
5073,West Bengal,73,Male,Primary,Unemployed,Student,158062,13171,5,Urban,Yes,Yes,Yes
5074,Haryana,39,Male,Secondary,Private,Employed,575821,47985,2,Urban,Yes,No,No
5075,Gujarat,65,Male,Primary,Farmer,Student,619742,51645,6,Urban,No,No,Yes
5076,Haryana,74,Female,Graduate,Government,Student,635752,52979,2,Rural,No,Yes,Yes
5077,Karnataka,37,Male,Postgraduate,Student,Unemployed,236832,19736,8,Rural,Yes,Yes,Yes
5078,Uttar Pradesh,70,Male,Secondary,Government,Unemployed,546365,45530,3,Rural,Yes,No,Yes
5079,Delhi,37,Male,Postgraduate,Farmer,Unemployed,133980,11165,4,Rural,No,No,No
5080,Punjab,54,Male,Primary,Healthcare,Employed,734901,61241,7,Urban,Yes,Yes,No
5081,Punjab,55,Male,Primary,Healthcare,Employed,510935,42577,1,Urban,No,Yes,No
5082,West Bengal,42,Female,Graduate,Farmer,Student,251195,20932,5,Rural,No,Yes,No
5083,Tamil Nadu,38,Female,Postgraduate,Business,Student,997916,83159,3,Rural,Yes,Yes,Yes
5084,Rajasthan,33,Male,Primary,Unemployed,Employed,1119443,93286,5,Rural,Yes,Yes,Yes
5085,Uttar Pradesh,77,Female,Higher Secondary,Business,Student,436595,36382,7,Urban,No,No,No
5086,West Bengal,72,Female,Secondary,Engineer,Student,561521,46793,4,Rural,No,Yes,Yes
5087,Karnataka,33,Female,Higher Secondary,Labour,Unemployed,454605,37883,8,Urban,No,No,Yes
5088,Tamil Nadu,36,Male,Secondary,Business,Employed,519915,43326,6,Urban,Yes,No,No
5089,Delhi,76,Female,Secondary,Teacher,Employed,491190,40932,1,Rural,No,No,No
5090,Gujarat,20,Male,Postgraduate,Farmer,Employed,60000,5000,2,Rural,Yes,Yes,Yes
5091,Delhi,70,Female,Secondary,Farmer,Self-employed,556839,46403,2,Urban,Yes,No,No
5092,Gujarat,41,Male,Higher Secondary,Government,Employed,536480,44706,3,Urban,Yes,Yes,Yes
5093,Maharashtra,62,Female,Secondary,Teacher,Student,458877,38239,4,Urban,Yes,Yes,No
5094,Karnataka,79,Male,Graduate,Engineer,Self-employed,912079,76006,1,Urban,Yes,Yes,No
5095,Maharashtra,45,Female,Graduate,Farmer,Unemployed,195982,16331,5,Rural,Yes,Yes,No
5096,Gujarat,41,Female,Graduate,Labour,Self-employed,339126,28260,8,Rural,No,No,Yes
5097,Delhi,38,Male,Primary,Farmer,Self-employed,335342,27945,2,Urban,Yes,No,No
5098,Gujarat,27,Male,Postgraduate,Government,Student,512318,42693,6,Rural,No,No,No
5099,Tamil Nadu,61,Female,Postgraduate,Healthcare,Student,824489,68707,2,Rural,No,No,Yes
5100,Haryana,19,Male,Primary,Business,Student,270109,22509,2,Urban,Yes,Yes,Yes
5101,Gujarat,43,Female,Primary,Farmer,Unemployed,472124,39343,3,Urban,Yes,No,Yes
5102,Karnataka,52,Female,Secondary,Teacher,Employed,248784,20732,6,Urban,No,No,No
5103,Gujarat,63,Female,Higher Secondary,Private,Employed,560712,46726,5,Urban,Yes,No,Yes
5104,Gujarat,48,Male,Secondary,Teacher,Student,1001819,83484,7,Rural,No,No,No
5105,Haryana,44,Male,Higher Secondary,Private,Employed,784923,65410,1,Urban,No,Yes,No
5106,Karnataka,25,Male,Secondary,Labour,Student,1040919,86743,7,Rural,Yes,No,Yes
5107,Karnataka,36,Female,Secondary,Healthcare,Self-employed,529938,44161,7,Rural,No,No,No
5108,West Bengal,75,Male,Secondary,Healthcare,Student,144566,12047,6,Rural,No,Yes,No
5109,Maharashtra,74,Male,Higher Secondary,Student,Employed,350698,29224,8,Rural,Yes,Yes,Yes
5110,Karnataka,35,Female,Higher Secondary,Private,Student,716939,59744,2,Urban,Yes,No,Yes
5111,Haryana,52,Male,Graduate,Labour,Unemployed,1126391,93865,2,Rural,No,No,Yes
5112,Maharashtra,76,Male,Primary,Healthcare,Employed,813261,67771,5,Rural,Yes,Yes,No
5113,Punjab,78,Female,Higher Secondary,Unemployed,Unemployed,353929,29494,3,Urban,Yes,No,No
5114,Delhi,20,Male,Postgraduate,Government,Student,644674,53722,3,Rural,No,Yes,No
5115,Haryana,41,Male,Primary,Business,Student,1067311,88942,2,Urban,Yes,No,Yes
5116,Rajasthan,78,Female,Secondary,Private,Employed,1222290,101857,8,Urban,No,Yes,Yes
5117,Karnataka,46,Female,Higher Secondary,Engineer,Self-employed,60000,5000,7,Rural,Yes,Yes,Yes
5118,Maharashtra,31,Male,Postgraduate,Business,Employed,808609,67384,4,Urban,No,Yes,No
5119,Karnataka,60,Female,Higher Secondary,Farmer,Employed,296111,24675,1,Rural,Yes,Yes,Yes
5120,Gujarat,46,Male,Primary,Student,Unemployed,542441,45203,6,Urban,Yes,Yes,No
5121,Rajasthan,35,Female,Secondary,Healthcare,Unemployed,411785,34315,7,Rural,Yes,Yes,No
5122,Haryana,29,Female,Postgraduate,Engineer,Employed,241209,20100,3,Urban,Yes,Yes,No
5123,Delhi,43,Male,Postgraduate,Unemployed,Employed,422837,35236,5,Urban,No,Yes,Yes
5124,Haryana,34,Female,Higher Secondary,Student,Self-employed,143820,11985,7,Urban,No,Yes,No
5125,West Bengal,19,Female,Postgraduate,Unemployed,Self-employed,700827,58402,8,Urban,Yes,Yes,No
5126,Uttar Pradesh,40,Female,Higher Secondary,Business,Unemployed,337792,28149,2,Urban,Yes,Yes,Yes
5127,Karnataka,71,Female,Postgraduate,Private,Self-employed,759657,63304,6,Rural,No,Yes,Yes
5128,Tamil Nadu,28,Male,Primary,Teacher,Self-employed,487233,40602,5,Urban,No,Yes,No
5129,Uttar Pradesh,60,Male,Higher Secondary,Labour,Self-employed,706611,58884,7,Urban,No,No,No
5130,Tamil Nadu,69,Male,Graduate,Private,Student,60000,5000,7,Urban,No,Yes,Yes
5131,West Bengal,64,Male,Secondary,Teacher,Unemployed,500592,41716,8,Urban,No,Yes,No
5132,Haryana,48,Female,Graduate,Farmer,Student,422267,35188,8,Rural,No,Yes,No
5133,Karnataka,64,Female,Postgraduate,Unemployed,Employed,511123,42593,5,Urban,No,No,Yes
5134,Rajasthan,34,Female,Primary,Teacher,Employed,543780,45315,4,Urban,No,Yes,No
5135,Rajasthan,23,Male,Postgraduate,Farmer,Student,61895,5157,4,Urban,No,No,No
5136,Tamil Nadu,43,Male,Primary,Student,Student,260535,21711,3,Rural,Yes,No,Yes
5137,Maharashtra,28,Female,Postgraduate,Teacher,Unemployed,757094,63091,4,Urban,Yes,Yes,No
5138,Punjab,43,Female,Postgraduate,Student,Student,597313,49776,2,Urban,Yes,No,Yes
5139,Rajasthan,78,Male,Postgraduate,Farmer,Employed,379599,31633,8,Urban,Yes,Yes,No
5140,Gujarat,76,Male,Primary,Healthcare,Self-employed,537239,44769,4,Rural,No,No,Yes
5141,Punjab,28,Female,Secondary,Healthcare,Student,490293,40857,2,Rural,Yes,No,No
5142,Haryana,45,Male,Secondary,Engineer,Student,548062,45671,4,Rural,Yes,Yes,No
5143,Gujarat,30,Female,Secondary,Unemployed,Student,744731,62060,8,Urban,Yes,No,No
5144,Maharashtra,20,Female,Higher Secondary,Labour,Self-employed,524860,43738,8,Urban,Yes,Yes,No
5145,Maharashtra,26,Female,Primary,Teacher,Unemployed,400097,33341,7,Urban,No,Yes,No
5146,Uttar Pradesh,74,Female,Secondary,Government,Self-employed,488090,40674,1,Rural,Yes,Yes,No
5147,Karnataka,23,Male,Secondary,Healthcare,Student,550548,45879,5,Urban,Yes,Yes,No
5148,Delhi,43,Female,Primary,Farmer,Employed,510089,42507,2,Urban,No,Yes,Yes
5149,Punjab,71,Male,Primary,Teacher,Employed,801038,66753,2,Rural,No,No,No
5150,Tamil Nadu,38,Female,Graduate,Unemployed,Student,400672,33389,4,Rural,No,Yes,Yes
5151,Punjab,67,Female,Secondary,Private,Unemployed,667976,55664,8,Urban,No,No,Yes
5152,Gujarat,39,Male,Secondary,Government,Student,115615,9634,6,Urban,No,No,Yes
5153,Uttar Pradesh,64,Male,Postgraduate,Private,Employed,679195,56599,5,Rural,No,No,Yes
5154,Punjab,24,Male,Postgraduate,Healthcare,Employed,768860,64071,7,Rural,No,Yes,No
5155,Karnataka,30,Male,Primary,Business,Unemployed,529279,44106,7,Rural,Yes,No,Yes
5156,Maharashtra,35,Male,Graduate,Engineer,Unemployed,60000,5000,1,Urban,Yes,Yes,No
5157,Gujarat,20,Female,Primary,Unemployed,Employed,487729,40644,3,Rural,No,No,No
5158,Rajasthan,22,Female,Primary,Business,Employed,405972,33831,3,Rural,Yes,Yes,No
5159,Tamil Nadu,66,Female,Graduate,Government,Employed,361491,30124,5,Rural,No,Yes,Yes
5160,Haryana,71,Female,Postgraduate,Government,Student,323142,26928,1,Rural,No,Yes,Yes
5161,Haryana,77,Male,Graduate,Business,Self-employed,489098,40758,3,Urban,Yes,Yes,Yes
5162,West Bengal,66,Male,Primary,Unemployed,Student,408021,34001,6,Rural,No,Yes,Yes
5163,West Bengal,32,Male,Higher Secondary,Labour,Unemployed,804586,67048,1,Rural,Yes,Yes,Yes
5164,Gujarat,76,Male,Graduate,Business,Student,734392,61199,1,Urban,Yes,No,No
5165,Gujarat,78,Female,Postgraduate,Business,Unemployed,803159,66929,3,Urban,Yes,No,Yes
5166,Uttar Pradesh,46,Male,Higher Secondary,Engineer,Self-employed,194336,16194,4,Urban,No,No,Yes
5167,Haryana,61,Female,Higher Secondary,Business,Self-employed,770694,64224,8,Rural,No,Yes,No
5168,Uttar Pradesh,60,Male,Secondary,Student,Student,442907,36908,4,Rural,Yes,Yes,No
5169,Tamil Nadu,61,Male,Secondary,Teacher,Self-employed,230107,19175,8,Urban,Yes,No,Yes
5170,Tamil Nadu,58,Female,Graduate,Farmer,Employed,833382,69448,4,Rural,Yes,Yes,No
5171,Uttar Pradesh,53,Male,Graduate,Government,Employed,420135,35011,6,Rural,No,Yes,No
5172,Tamil Nadu,38,Female,Primary,Labour,Unemployed,240791,20065,5,Urban,Yes,Yes,Yes
5173,Karnataka,30,Male,Postgraduate,Healthcare,Self-employed,654711,54559,1,Urban,Yes,Yes,No
5174,West Bengal,69,Female,Higher Secondary,Labour,Unemployed,326676,27223,6,Rural,No,Yes,Yes
5175,Haryana,42,Male,Primary,Healthcare,Self-employed,212556,17713,6,Urban,Yes,No,No
5176,Gujarat,69,Female,Graduate,Private,Student,261348,21779,1,Urban,No,No,Yes
5177,Punjab,42,Female,Primary,Healthcare,Student,310576,25881,6,Urban,No,Yes,Yes
5178,Haryana,71,Female,Postgraduate,Engineer,Employed,250405,20867,6,Rural,Yes,No,Yes
5179,Tamil Nadu,19,Female,Postgraduate,Labour,Self-employed,467540,38961,4,Urban,No,No,No
5180,Uttar Pradesh,78,Male,Secondary,Farmer,Self-employed,502186,41848,4,Rural,No,No,Yes
5181,Rajasthan,62,Male,Secondary,Private,Student,937873,78156,2,Rural,No,No,Yes
5182,West Bengal,23,Female,Higher Secondary,Engineer,Unemployed,874279,72856,6,Urban,Yes,No,Yes
5183,Rajasthan,61,Male,Graduate,Student,Employed,730119,60843,6,Rural,No,No,No
5184,West Bengal,46,Male,Higher Secondary,Labour,Employed,60000,5000,5,Urban,No,No,Yes
5185,Rajasthan,27,Female,Secondary,Teacher,Employed,884706,73725,2,Urban,Yes,No,Yes
5186,Maharashtra,29,Male,Primary,Teacher,Employed,166036,13836,8,Rural,Yes,No,No
5187,Rajasthan,48,Male,Graduate,Engineer,Self-employed,525772,43814,5,Rural,No,No,No
5188,Uttar Pradesh,64,Female,Secondary,Teacher,Student,763959,63663,5,Urban,Yes,Yes,No
5189,Rajasthan,27,Female,Higher Secondary,Farmer,Student,644588,53715,4,Urban,Yes,Yes,No
5190,Maharashtra,47,Female,Postgraduate,Business,Self-employed,474118,39509,1,Rural,Yes,No,Yes
5191,West Bengal,56,Female,Secondary,Farmer,Student,396852,33071,8,Rural,Yes,No,Yes
5192,Punjab,18,Female,Primary,Private,Unemployed,90803,7566,6,Rural,Yes,Yes,No
5193,Gujarat,23,Male,Higher Secondary,Teacher,Student,345719,28809,6,Rural,Yes,No,No
5194,Haryana,36,Female,Graduate,Business,Unemployed,465160,38763,7,Urban,No,Yes,Yes
5195,Rajasthan,22,Female,Primary,Labour,Self-employed,335852,27987,4,Urban,Yes,Yes,Yes
5196,Delhi,53,Male,Higher Secondary,Healthcare,Employed,551722,45976,2,Urban,Yes,No,Yes
5197,West Bengal,68,Male,Postgraduate,Engineer,Unemployed,852199,71016,3,Urban,No,No,No
5198,Delhi,47,Male,Higher Secondary,Unemployed,Employed,940029,78335,8,Urban,Yes,Yes,No
5199,Gujarat,66,Male,Secondary,Government,Self-employed,817017,68084,7,Rural,Yes,Yes,Yes
5200,Gujarat,20,Male,Graduate,Business,Unemployed,474236,39519,5,Rural,No,No,Yes
5201,West Bengal,78,Female,Postgraduate,Student,Student,60000,5000,6,Urban,No,No,Yes
5202,Maharashtra,45,Female,Graduate,Engineer,Unemployed,582319,48526,8,Urban,Yes,No,No
5203,Maharashtra,27,Female,Higher Secondary,Healthcare,Student,1062465,88538,5,Urban,Yes,Yes,Yes
5204,Rajasthan,19,Male,Graduate,Government,Student,700533,58377,3,Rural,No,No,Yes
5205,Tamil Nadu,71,Female,Secondary,Private,Employed,364756,30396,8,Urban,No,Yes,No
5206,Maharashtra,40,Female,Graduate,Unemployed,Self-employed,601222,50101,3,Rural,No,Yes,No
5207,Gujarat,34,Female,Postgraduate,Labour,Employed,764729,63727,4,Rural,Yes,No,Yes
5208,West Bengal,25,Female,Higher Secondary,Student,Unemployed,356675,29722,7,Rural,Yes,No,Yes
5209,Delhi,78,Female,Graduate,Business,Student,388843,32403,5,Urban,No,No,Yes
5210,Rajasthan,23,Female,Postgraduate,Government,Self-employed,416364,34697,1,Rural,No,No,Yes
5211,Tamil Nadu,34,Male,Postgraduate,Labour,Employed,895297,74608,5,Urban,Yes,Yes,No
5212,Delhi,59,Male,Primary,Student,Unemployed,207413,17284,1,Rural,Yes,Yes,Yes
5213,Delhi,72,Male,Higher Secondary,Private,Student,348762,29063,7,Urban,No,No,Yes
5214,Gujarat,25,Male,Primary,Student,Self-employed,526100,43841,5,Rural,Yes,No,Yes
5215,Gujarat,58,Male,Higher Secondary,Government,Unemployed,324434,27036,1,Urban,No,No,Yes
5216,Karnataka,46,Male,Primary,Labour,Self-employed,236093,19674,7,Rural,No,No,No
5217,Maharashtra,52,Female,Higher Secondary,Business,Self-employed,361277,30106,3,Urban,No,Yes,No
5218,West Bengal,67,Female,Postgraduate,Private,Unemployed,1173413,97784,4,Urban,No,Yes,Yes
5219,Tamil Nadu,78,Female,Primary,Student,Unemployed,423339,35278,2,Rural,No,No,Yes
5220,Punjab,26,Male,Graduate,Healthcare,Unemployed,828776,69064,7,Urban,Yes,Yes,No
5221,Tamil Nadu,61,Female,Secondary,Labour,Unemployed,693564,57797,7,Rural,Yes,Yes,No
5222,Karnataka,76,Male,Graduate,Farmer,Self-employed,60000,5000,7,Rural,No,Yes,No
5223,Maharashtra,76,Female,Postgraduate,Private,Self-employed,337817,28151,6,Rural,Yes,No,No
5224,West Bengal,39,Female,Secondary,Engineer,Unemployed,269635,22469,7,Rural,Yes,No,Yes
5225,Haryana,56,Male,Primary,Farmer,Self-employed,565095,47091,8,Urban,No,Yes,No
5226,Rajasthan,66,Male,Secondary,Student,Student,682672,56889,2,Urban,Yes,No,No
5227,Tamil Nadu,72,Male,Graduate,Government,Unemployed,812931,67744,2,Urban,No,No,Yes
5228,Punjab,67,Male,Higher Secondary,Labour,Self-employed,603982,50331,5,Rural,No,No,Yes
5229,Gujarat,78,Male,Primary,Private,Self-employed,527510,43959,8,Rural,No,No,No
5230,Punjab,60,Male,Secondary,Engineer,Employed,560416,46701,2,Urban,Yes,No,Yes
5231,West Bengal,37,Female,Graduate,Student,Self-employed,197008,16417,5,Rural,No,No,Yes
5232,Haryana,78,Female,Graduate,Private,Self-employed,611745,50978,6,Urban,Yes,Yes,No
5233,Karnataka,50,Female,Secondary,Engineer,Unemployed,855924,71327,2,Urban,No,Yes,No
5234,Tamil Nadu,58,Female,Higher Secondary,Farmer,Unemployed,217121,18093,5,Urban,No,Yes,Yes
5235,Haryana,27,Male,Secondary,Unemployed,Employed,609687,50807,2,Urban,Yes,Yes,Yes
5236,Maharashtra,69,Male,Secondary,Unemployed,Student,563700,46975,1,Rural,No,No,No
5237,Gujarat,72,Female,Higher Secondary,Healthcare,Employed,568716,47393,8,Urban,Yes,Yes,Yes
5238,Haryana,26,Male,Graduate,Labour,Employed,962017,80168,6,Rural,Yes,No,No
5239,Haryana,62,Female,Primary,Teacher,Unemployed,382193,31849,3,Rural,Yes,No,Yes
5240,West Bengal,61,Female,Graduate,Teacher,Self-employed,839694,69974,8,Rural,No,Yes,Yes
5241,Rajasthan,35,Female,Higher Secondary,Farmer,Student,682155,56846,3,Rural,Yes,No,No
5242,Punjab,27,Female,Postgraduate,Healthcare,Self-employed,605485,50457,2,Rural,Yes,Yes,Yes
5243,Punjab,68,Male,Higher Secondary,Healthcare,Employed,544317,45359,6,Urban,No,Yes,Yes
5244,Gujarat,58,Male,Graduate,Student,Employed,396137,33011,7,Rural,Yes,No,Yes
5245,Maharashtra,70,Male,Secondary,Teacher,Unemployed,394790,32899,2,Rural,Yes,No,Yes
5246,Uttar Pradesh,20,Male,Higher Secondary,Unemployed,Self-employed,428104,35675,1,Urban,No,No,Yes
5247,Haryana,80,Male,Postgraduate,Government,Self-employed,60000,5000,6,Rural,No,Yes,Yes
5248,Rajasthan,62,Male,Secondary,Private,Employed,787231,65602,6,Rural,No,Yes,Yes
5249,Haryana,22,Female,Postgraduate,Business,Unemployed,453182,37765,4,Rural,Yes,No,Yes
5250,Gujarat,27,Female,Postgraduate,Government,Unemployed,389424,32452,1,Urban,Yes,Yes,No
5251,Karnataka,39,Female,Postgraduate,Government,Self-employed,645697,53808,6,Rural,No,Yes,No
5252,Punjab,30,Female,Higher Secondary,Student,Employed,357808,29817,7,Urban,No,No,Yes
5253,Delhi,60,Male,Graduate,Private,Self-employed,509589,42465,5,Rural,No,Yes,Yes
5254,Delhi,78,Female,Graduate,Farmer,Unemployed,441151,36762,8,Rural,Yes,Yes,Yes
5255,West Bengal,33,Male,Graduate,Business,Student,457701,38141,6,Rural,No,Yes,Yes
5256,Delhi,66,Female,Primary,Business,Self-employed,624803,52066,3,Rural,No,No,No
5257,Maharashtra,21,Male,Higher Secondary,Engineer,Self-employed,657285,54773,4,Rural,Yes,No,Yes
5258,Punjab,23,Female,Secondary,Government,Student,254040,21170,4,Urban,No,No,Yes
5259,Haryana,39,Female,Primary,Labour,Self-employed,588987,49082,6,Rural,Yes,Yes,Yes
5260,West Bengal,60,Female,Graduate,Unemployed,Employed,565711,47142,1,Rural,No,Yes,Yes
5261,Tamil Nadu,52,Female,Primary,Labour,Student,528763,44063,5,Rural,No,No,No
5262,Tamil Nadu,76,Male,Primary,Teacher,Student,351503,29291,1,Rural,No,No,Yes
5263,Karnataka,67,Female,Secondary,Teacher,Self-employed,414892,34574,3,Urban,No,Yes,No
5264,Tamil Nadu,36,Female,Graduate,Unemployed,Student,411860,34321,8,Rural,No,Yes,Yes
5265,Tamil Nadu,79,Female,Graduate,Healthcare,Self-employed,376786,31398,6,Rural,No,Yes,No
5266,Tamil Nadu,34,Female,Secondary,Healthcare,Self-employed,541033,45086,4,Urban,No,No,Yes
5267,Tamil Nadu,39,Female,Postgraduate,Engineer,Self-employed,323205,26933,5,Rural,Yes,Yes,No
5268,Gujarat,61,Male,Secondary,Engineer,Student,356715,29726,3,Rural,No,No,No
5269,West Bengal,38,Female,Postgraduate,Government,Student,303576,25298,6,Urban,Yes,Yes,Yes
5270,Haryana,39,Female,Secondary,Unemployed,Self-employed,411732,34311,3,Urban,Yes,Yes,Yes
5271,Haryana,30,Female,Secondary,Labour,Employed,482063,40171,6,Rural,No,No,No
5272,Punjab,52,Male,Secondary,Engineer,Employed,920004,76667,1,Urban,Yes,Yes,Yes
5273,Uttar Pradesh,58,Female,Primary,Government,Student,579749,48312,2,Urban,Yes,No,No
5274,Gujarat,53,Male,Postgraduate,Unemployed,Student,729552,60796,2,Rural,Yes,No,No
5275,Karnataka,44,Female,Higher Secondary,Student,Employed,492694,41057,2,Urban,Yes,No,Yes
5276,Uttar Pradesh,77,Female,Primary,Student,Self-employed,491471,40955,1,Rural,Yes,Yes,No
5277,Uttar Pradesh,45,Male,Postgraduate,Unemployed,Student,214085,17840,4,Rural,No,Yes,Yes
5278,Tamil Nadu,72,Female,Postgraduate,Business,Employed,473866,39488,4,Rural,Yes,No,Yes
5279,Haryana,33,Female,Secondary,Private,Student,779492,64957,1,Urban,No,No,No
5280,Rajasthan,56,Female,Secondary,Student,Self-employed,436247,36353,8,Rural,Yes,No,Yes
5281,Tamil Nadu,40,Male,Primary,Labour,Unemployed,816841,68070,6,Rural,No,No,Yes
5282,Tamil Nadu,68,Male,Secondary,Private,Self-employed,398081,33173,4,Urban,No,Yes,No
5283,Karnataka,45,Male,Higher Secondary,Engineer,Student,538778,44898,3,Urban,Yes,Yes,Yes
5284,Gujarat,47,Female,Postgraduate,Student,Unemployed,255569,21297,3,Rural,No,Yes,Yes
5285,Gujarat,22,Male,Primary,Business,Unemployed,60000,5000,6,Rural,No,Yes,No
5286,Maharashtra,39,Female,Graduate,Engineer,Employed,505428,42119,7,Urban,Yes,Yes,Yes
5287,Punjab,50,Female,Secondary,Government,Student,436761,36396,7,Rural,No,Yes,No
5288,Gujarat,79,Female,Primary,Healthcare,Self-employed,412864,34405,6,Rural,No,No,No
5289,Tamil Nadu,63,Male,Postgraduate,Healthcare,Student,573524,47793,5,Rural,No,Yes,No
5290,West Bengal,46,Male,Higher Secondary,Healthcare,Self-employed,662642,55220,8,Rural,No,Yes,Yes
5291,Maharashtra,65,Female,Higher Secondary,Healthcare,Student,262518,21876,6,Rural,No,No,Yes
5292,Tamil Nadu,44,Female,Primary,Labour,Unemployed,739814,61651,1,Rural,No,No,Yes
5293,Karnataka,43,Male,Higher Secondary,Government,Student,316763,26396,4,Rural,No,No,No
5294,Haryana,50,Female,Higher Secondary,Farmer,Employed,409320,34110,5,Rural,No,No,No
5295,Haryana,22,Male,Secondary,Student,Self-employed,494527,41210,3,Rural,No,Yes,Yes
5296,Delhi,32,Female,Secondary,Healthcare,Student,1062085,88507,2,Rural,Yes,No,Yes
5297,Rajasthan,39,Female,Primary,Unemployed,Student,278837,23236,5,Rural,Yes,Yes,No
5298,Punjab,51,Female,Primary,Unemployed,Unemployed,449046,37420,4,Urban,Yes,Yes,Yes
5299,Karnataka,65,Female,Graduate,Labour,Self-employed,448519,37376,1,Rural,No,No,No
5300,Karnataka,59,Female,Graduate,Unemployed,Student,578735,48227,4,Rural,Yes,No,No
5301,Haryana,75,Male,Postgraduate,Private,Unemployed,355751,29645,2,Rural,No,Yes,No
5302,Tamil Nadu,38,Male,Secondary,Business,Self-employed,720872,60072,1,Urban,Yes,Yes,Yes
5303,Delhi,75,Female,Primary,Private,Student,557411,46450,5,Rural,No,No,No
5304,Punjab,78,Female,Postgraduate,Private,Student,625998,52166,8,Urban,Yes,Yes,No
5305,West Bengal,49,Male,Graduate,Labour,Unemployed,602976,50248,8,Rural,No,Yes,Yes
5306,Delhi,52,Female,Graduate,Labour,Unemployed,356893,29741,4,Urban,Yes,No,Yes
5307,Punjab,56,Male,Graduate,Government,Employed,1027276,85606,5,Urban,No,No,No
5308,Karnataka,43,Female,Secondary,Government,Unemployed,893951,74495,4,Urban,Yes,Yes,Yes
5309,Delhi,79,Male,Secondary,Labour,Unemployed,642547,53545,5,Rural,No,Yes,No
5310,Uttar Pradesh,56,Male,Secondary,Student,Employed,391202,32600,6,Urban,No,No,Yes
5311,Rajasthan,66,Female,Primary,Private,Self-employed,503998,41999,3,Rural,No,No,Yes
5312,Tamil Nadu,24,Female,Higher Secondary,Unemployed,Self-employed,274681,22890,8,Urban,Yes,Yes,Yes
5313,Gujarat,57,Female,Higher Secondary,Government,Self-employed,754591,62882,1,Rural,Yes,No,No
5314,Uttar Pradesh,60,Male,Secondary,Engineer,Student,60000,5000,4,Urban,No,No,No
5315,Punjab,53,Female,Postgraduate,Business,Unemployed,1062068,88505,2,Rural,No,Yes,Yes
5316,Haryana,37,Male,Graduate,Business,Self-employed,230351,19195,3,Rural,No,Yes,Yes
5317,Maharashtra,25,Female,Secondary,Healthcare,Self-employed,281229,23435,5,Urban,Yes,Yes,No
5318,West Bengal,70,Female,Graduate,Business,Unemployed,448153,37346,1,Rural,No,Yes,Yes
5319,Gujarat,79,Male,Secondary,Farmer,Student,552235,46019,3,Urban,No,Yes,No
5320,Gujarat,35,Female,Postgraduate,Business,Student,462306,38525,5,Urban,Yes,No,Yes
5321,Karnataka,80,Female,Postgraduate,Healthcare,Student,837341,69778,8,Rural,No,Yes,Yes
5322,Tamil Nadu,40,Male,Primary,Engineer,Student,358209,29850,8,Urban,Yes,Yes,No
5323,Rajasthan,52,Female,Graduate,Unemployed,Employed,788307,65692,5,Rural,No,No,Yes
5324,Gujarat,24,Female,Higher Secondary,Unemployed,Unemployed,510991,42582,5,Rural,No,No,No
5325,Delhi,22,Female,Higher Secondary,Unemployed,Student,291260,24271,5,Rural,No,No,No
5326,Delhi,28,Female,Postgraduate,Healthcare,Unemployed,60000,5000,4,Urban,Yes,No,No
5327,Gujarat,29,Male,Primary,Unemployed,Self-employed,575924,47993,6,Rural,No,Yes,Yes
5328,Karnataka,18,Male,Graduate,Teacher,Student,520650,43387,7,Rural,Yes,Yes,Yes
5329,Delhi,65,Female,Primary,Business,Unemployed,583724,48643,8,Rural,No,Yes,No
5330,Punjab,21,Male,Secondary,Business,Student,494904,41242,1,Urban,No,No,No
5331,Maharashtra,74,Female,Secondary,Farmer,Employed,477475,39789,2,Urban,Yes,Yes,No
5332,Rajasthan,59,Female,Postgraduate,Student,Self-employed,586064,48838,1,Rural,No,No,No
5333,Uttar Pradesh,55,Male,Graduate,Labour,Self-employed,423323,35276,6,Rural,No,Yes,No
5334,Punjab,69,Female,Primary,Business,Self-employed,329346,27445,8,Rural,No,No,No
5335,Punjab,45,Male,Higher Secondary,Government,Unemployed,60000,5000,4,Urban,No,Yes,No
5336,Karnataka,77,Female,Graduate,Labour,Self-employed,875382,72948,3,Urban,Yes,Yes,Yes
5337,Uttar Pradesh,37,Male,Graduate,Teacher,Unemployed,472905,39408,8,Rural,No,No,No
5338,Punjab,51,Male,Graduate,Private,Student,760825,63402,2,Rural,Yes,No,Yes
5339,Maharashtra,33,Female,Primary,Engineer,Employed,416462,34705,6,Rural,No,Yes,No
5340,Tamil Nadu,35,Female,Postgraduate,Private,Unemployed,60000,5000,7,Rural,Yes,Yes,No
5341,Gujarat,50,Female,Graduate,Healthcare,Self-employed,651669,54305,2,Urban,Yes,Yes,Yes
5342,Gujarat,23,Female,Graduate,Farmer,Self-employed,632413,52701,7,Urban,Yes,Yes,Yes
5343,Maharashtra,74,Female,Postgraduate,Government,Self-employed,474207,39517,4,Rural,No,Yes,Yes
5344,Punjab,38,Female,Higher Secondary,Business,Employed,774204,64517,8,Rural,Yes,No,No
5345,Gujarat,38,Male,Postgraduate,Unemployed,Employed,846112,70509,4,Rural,Yes,No,Yes
5346,Delhi,71,Male,Postgraduate,Student,Student,667417,55618,5,Urban,Yes,No,Yes
5347,Punjab,47,Male,Postgraduate,Unemployed,Unemployed,770582,64215,5,Rural,No,Yes,No
5348,Gujarat,31,Male,Primary,Unemployed,Employed,570683,47556,4,Rural,No,No,No
5349,Gujarat,43,Male,Postgraduate,Unemployed,Unemployed,544985,45415,3,Urban,No,No,No
5350,Delhi,65,Female,Secondary,Labour,Self-employed,206590,17215,7,Urban,Yes,No,No
5351,West Bengal,24,Male,Higher Secondary,Government,Unemployed,216215,18017,7,Rural,No,Yes,No
5352,Uttar Pradesh,52,Male,Graduate,Unemployed,Student,60000,5000,6,Urban,No,Yes,Yes
5353,Gujarat,58,Female,Secondary,Student,Unemployed,428094,35674,7,Urban,No,Yes,Yes
5354,Karnataka,34,Male,Graduate,Unemployed,Unemployed,318009,26500,2,Rural,No,No,No
5355,Punjab,64,Female,Postgraduate,Labour,Student,985935,82161,5,Rural,Yes,No,Yes
5356,Punjab,38,Female,Primary,Healthcare,Unemployed,463413,38617,8,Rural,Yes,No,No
5357,Haryana,31,Female,Higher Secondary,Farmer,Self-employed,305203,25433,2,Urban,Yes,Yes,Yes
5358,Rajasthan,61,Female,Secondary,Teacher,Employed,659637,54969,5,Rural,No,No,No
5359,Haryana,49,Male,Postgraduate,Healthcare,Employed,501785,41815,7,Urban,Yes,No,No
5360,Tamil Nadu,55,Male,Graduate,Engineer,Employed,298952,24912,5,Urban,Yes,Yes,No
5361,Maharashtra,52,Male,Postgraduate,Business,Student,733213,61101,1,Urban,Yes,No,No
5362,Uttar Pradesh,27,Female,Secondary,Healthcare,Self-employed,370104,30842,6,Urban,Yes,Yes,No
5363,Delhi,53,Male,Primary,Unemployed,Unemployed,536356,44696,7,Urban,Yes,Yes,Yes
5364,Maharashtra,39,Male,Higher Secondary,Farmer,Student,858540,71545,5,Rural,No,No,Yes
5365,Rajasthan,57,Male,Postgraduate,Government,Employed,685575,57131,7,Urban,Yes,Yes,Yes
5366,Rajasthan,49,Male,Primary,Student,Student,425802,35483,4,Rural,Yes,Yes,No
5367,Delhi,73,Male,Graduate,Government,Self-employed,762565,63547,5,Rural,Yes,Yes,Yes
5368,Rajasthan,29,Male,Primary,Labour,Self-employed,71003,5916,4,Rural,No,Yes,Yes
5369,Punjab,22,Male,Secondary,Healthcare,Unemployed,517231,43102,2,Rural,Yes,Yes,Yes
5370,West Bengal,58,Female,Secondary,Business,Student,415462,34621,8,Rural,Yes,No,No
5371,Uttar Pradesh,68,Male,Graduate,Business,Employed,456145,38012,7,Rural,No,No,No
5372,Maharashtra,36,Male,Secondary,Unemployed,Self-employed,575192,47932,2,Urban,No,No,Yes
5373,Uttar Pradesh,75,Female,Secondary,Student,Unemployed,137764,11480,5,Rural,No,No,No
5374,Karnataka,60,Male,Graduate,Healthcare,Self-employed,300946,25078,5,Rural,Yes,Yes,No
5375,Delhi,54,Male,Postgraduate,Business,Employed,390930,32577,7,Rural,No,Yes,No
5376,West Bengal,75,Female,Secondary,Engineer,Unemployed,441852,36821,4,Rural,Yes,Yes,No
5377,Rajasthan,61,Male,Graduate,Teacher,Unemployed,414962,34580,5,Urban,Yes,Yes,No
5378,Maharashtra,30,Female,Higher Secondary,Government,Employed,566976,47248,7,Urban,Yes,Yes,Yes
5379,Uttar Pradesh,40,Female,Graduate,Unemployed,Unemployed,270373,22531,3,Rural,No,Yes,Yes
5380,West Bengal,48,Female,Postgraduate,Unemployed,Employed,656023,54668,6,Urban,Yes,Yes,Yes
5381,Punjab,35,Female,Graduate,Student,Unemployed,264475,22039,7,Urban,Yes,No,No
5382,West Bengal,72,Female,Graduate,Teacher,Unemployed,432580,36048,6,Rural,Yes,No,No
5383,West Bengal,44,Male,Primary,Labour,Student,661029,55085,6,Rural,No,Yes,Yes
5384,Uttar Pradesh,37,Male,Secondary,Unemployed,Employed,207005,17250,3,Urban,No,Yes,Yes
5385,Maharashtra,51,Female,Graduate,Farmer,Employed,418052,34837,5,Urban,No,Yes,Yes
5386,Uttar Pradesh,79,Male,Postgraduate,Healthcare,Unemployed,713498,59458,1,Urban,No,Yes,No
5387,Delhi,41,Female,Primary,Private,Self-employed,671841,55986,3,Urban,Yes,Yes,No
5388,Punjab,80,Female,Graduate,Student,Student,505231,42102,4,Rural,Yes,Yes,No
5389,Delhi,29,Female,Secondary,Healthcare,Self-employed,173363,14446,5,Urban,Yes,No,No
5390,Uttar Pradesh,72,Female,Higher Secondary,Government,Unemployed,572345,47695,2,Urban,Yes,Yes,No
5391,Gujarat,64,Male,Primary,Unemployed,Self-employed,214255,17854,2,Rural,Yes,Yes,No
5392,Karnataka,40,Male,Higher Secondary,Unemployed,Employed,75480,6290,7,Urban,No,No,Yes
5393,Karnataka,51,Male,Higher Secondary,Labour,Unemployed,79267,6605,6,Rural,Yes,Yes,Yes
5394,Uttar Pradesh,73,Female,Primary,Private,Self-employed,499115,41592,3,Rural,Yes,No,Yes
5395,West Bengal,76,Male,Graduate,Student,Unemployed,674155,56179,1,Urban,Yes,Yes,Yes
5396,Rajasthan,73,Male,Secondary,Government,Student,270447,22537,6,Urban,Yes,Yes,No
5397,Delhi,71,Male,Postgraduate,Private,Student,1016940,84745,8,Rural,Yes,No,Yes
5398,Maharashtra,49,Male,Postgraduate,Healthcare,Employed,882868,73572,2,Urban,Yes,Yes,No
5399,Uttar Pradesh,49,Female,Postgraduate,Business,Unemployed,675661,56305,2,Rural,Yes,Yes,Yes
5400,Maharashtra,46,Female,Secondary,Teacher,Employed,593314,49442,6,Urban,No,No,Yes
5401,Maharashtra,65,Male,Graduate,Unemployed,Unemployed,403809,33650,3,Rural,Yes,Yes,No
5402,Tamil Nadu,32,Female,Primary,Government,Self-employed,77267,6438,8,Urban,Yes,No,Yes
5403,Gujarat,20,Male,Secondary,Student,Self-employed,315948,26329,1,Urban,Yes,No,Yes
5404,Punjab,53,Male,Graduate,Business,Employed,750088,62507,4,Rural,No,Yes,Yes
5405,Punjab,79,Female,Primary,Private,Self-employed,762191,63515,3,Urban,Yes,No,No
5406,Maharashtra,77,Male,Higher Secondary,Teacher,Unemployed,437468,36455,4,Rural,Yes,Yes,Yes
5407,Haryana,54,Female,Postgraduate,Unemployed,Employed,433297,36108,2,Urban,Yes,No,No
5408,Uttar Pradesh,40,Female,Secondary,Government,Unemployed,107507,8958,4,Urban,Yes,Yes,No
5409,West Bengal,44,Male,Graduate,Government,Self-employed,506606,42217,7,Rural,No,Yes,No
5410,Maharashtra,49,Male,Primary,Private,Employed,330433,27536,8,Rural,Yes,No,No
5411,Tamil Nadu,59,Female,Postgraduate,Labour,Unemployed,429349,35779,5,Rural,Yes,Yes,Yes
5412,Uttar Pradesh,76,Female,Graduate,Student,Self-employed,411011,34250,6,Urban,No,No,Yes
5413,Punjab,19,Female,Postgraduate,Farmer,Self-employed,152009,12667,1,Rural,Yes,Yes,Yes
5414,Haryana,53,Male,Graduate,Unemployed,Self-employed,803436,66953,3,Rural,Yes,No,No
5415,Karnataka,30,Male,Graduate,Unemployed,Unemployed,347568,28964,8,Rural,Yes,No,No
5416,Gujarat,74,Female,Higher Secondary,Government,Student,885698,73808,5,Urban,Yes,Yes,Yes
5417,Rajasthan,31,Male,Higher Secondary,Farmer,Unemployed,922126,76843,5,Urban,No,Yes,Yes
5418,Tamil Nadu,58,Male,Postgraduate,Unemployed,Employed,60000,5000,2,Rural,No,No,Yes
5419,Karnataka,62,Female,Graduate,Unemployed,Self-employed,509613,42467,1,Rural,No,Yes,No
5420,Delhi,47,Male,Primary,Teacher,Student,259392,21616,4,Urban,Yes,Yes,No
5421,Delhi,39,Female,Higher Secondary,Healthcare,Self-employed,290650,24220,4,Urban,No,Yes,No
5422,Maharashtra,30,Male,Primary,Unemployed,Student,745367,62113,6,Urban,Yes,Yes,No
5423,Tamil Nadu,65,Female,Secondary,Student,Unemployed,470793,39232,3,Urban,No,No,Yes
5424,Maharashtra,64,Female,Secondary,Labour,Student,547067,45588,3,Rural,Yes,No,Yes
5425,Uttar Pradesh,80,Female,Higher Secondary,Unemployed,Self-employed,493873,41156,1,Urban,Yes,No,No
5426,West Bengal,70,Male,Primary,Labour,Self-employed,704450,58704,4,Urban,Yes,No,No
5427,Karnataka,74,Male,Secondary,Private,Student,599940,49995,8,Urban,Yes,No,Yes
5428,Maharashtra,77,Male,Higher Secondary,Unemployed,Unemployed,227204,18933,4,Urban,No,No,No
5429,Tamil Nadu,24,Female,Secondary,Business,Unemployed,934276,77856,8,Rural,No,No,No
5430,Haryana,48,Female,Graduate,Healthcare,Self-employed,276395,23032,1,Rural,No,No,No
5431,Tamil Nadu,78,Female,Postgraduate,Government,Unemployed,275640,22970,2,Urban,No,No,No
5432,West Bengal,21,Female,Higher Secondary,Student,Self-employed,602879,50239,5,Urban,Yes,Yes,Yes
5433,Punjab,19,Female,Secondary,Government,Employed,1093774,91147,2,Urban,Yes,No,No
5434,Haryana,73,Female,Postgraduate,Student,Student,733854,61154,4,Urban,No,No,Yes
5435,Tamil Nadu,66,Female,Secondary,Teacher,Student,1212199,101016,5,Urban,Yes,No,No
5436,Uttar Pradesh,66,Male,Secondary,Student,Employed,479702,39975,8,Rural,No,No,No
5437,Rajasthan,56,Male,Secondary,Teacher,Student,597568,49797,5,Rural,Yes,No,No
5438,Gujarat,41,Male,Primary,Business,Employed,60000,5000,7,Rural,Yes,No,Yes
5439,Uttar Pradesh,74,Male,Postgraduate,Engineer,Employed,568284,47357,3,Urban,Yes,No,No
5440,Rajasthan,33,Male,Postgraduate,Farmer,Employed,736505,61375,7,Urban,No,Yes,No
5441,Punjab,75,Male,Primary,Business,Unemployed,736473,61372,5,Rural,No,No,No
5442,Gujarat,71,Female,Higher Secondary,Unemployed,Unemployed,149630,12469,7,Rural,No,Yes,Yes
5443,West Bengal,79,Female,Primary,Healthcare,Self-employed,342036,28503,1,Rural,No,No,No
5444,Rajasthan,55,Female,Primary,Unemployed,Student,405012,33751,1,Urban,Yes,No,Yes
5445,Uttar Pradesh,74,Male,Secondary,Student,Unemployed,494008,41167,5,Rural,No,Yes,No
5446,Haryana,52,Female,Primary,Teacher,Student,735695,61307,8,Urban,No,No,No
5447,Tamil Nadu,79,Male,Postgraduate,Farmer,Student,596292,49691,8,Urban,No,Yes,No
5448,Maharashtra,73,Female,Graduate,Private,Student,681701,56808,7,Urban,Yes,No,No
5449,Delhi,31,Female,Higher Secondary,Teacher,Unemployed,550852,45904,8,Rural,Yes,No,No
5450,Haryana,48,Female,Postgraduate,Farmer,Unemployed,262518,21876,7,Urban,No,No,Yes
5451,Delhi,78,Male,Graduate,Government,Student,535097,44591,3,Urban,No,No,Yes
5452,West Bengal,71,Female,Secondary,Business,Self-employed,655835,54652,4,Urban,No,Yes,Yes
5453,Rajasthan,21,Male,Postgraduate,Engineer,Self-employed,274131,22844,5,Rural,Yes,Yes,Yes
5454,Punjab,62,Female,Secondary,Government,Student,237842,19820,7,Urban,Yes,Yes,No
5455,West Bengal,23,Female,Postgraduate,Labour,Self-employed,836075,69672,8,Rural,No,Yes,No
5456,Uttar Pradesh,34,Male,Graduate,Healthcare,Employed,372139,31011,1,Rural,Yes,Yes,Yes
5457,Delhi,23,Female,Secondary,Student,Self-employed,577501,48125,4,Rural,Yes,No,Yes
5458,Tamil Nadu,59,Female,Primary,Teacher,Self-employed,669092,55757,1,Urban,Yes,No,Yes
5459,Delhi,73,Male,Higher Secondary,Engineer,Employed,701341,58445,3,Urban,Yes,No,Yes
5460,Haryana,31,Female,Higher Secondary,Healthcare,Employed,752045,62670,1,Urban,No,No,No
5461,Karnataka,60,Male,Graduate,Labour,Student,405433,33786,7,Urban,Yes,Yes,Yes
5462,Tamil Nadu,79,Male,Secondary,Farmer,Student,518803,43233,6,Rural,Yes,Yes,Yes
5463,Haryana,58,Male,Graduate,Labour,Self-employed,974510,81209,2,Rural,No,Yes,No
5464,Tamil Nadu,68,Male,Secondary,Teacher,Student,587352,48946,1,Rural,Yes,No,No
5465,Rajasthan,45,Male,Postgraduate,Teacher,Unemployed,457893,38157,6,Urban,No,Yes,Yes
5466,Punjab,60,Female,Higher Secondary,Teacher,Employed,370074,30839,5,Urban,Yes,No,Yes
5467,Punjab,52,Male,Higher Secondary,Teacher,Unemployed,342952,28579,4,Rural,No,No,No
5468,Delhi,36,Female,Higher Secondary,Government,Employed,628582,52381,8,Urban,Yes,No,No
5469,Delhi,75,Male,Secondary,Business,Employed,688785,57398,1,Rural,Yes,No,Yes
5470,Uttar Pradesh,76,Female,Postgraduate,Engineer,Employed,985739,82144,4,Rural,Yes,Yes,Yes
5471,Delhi,55,Female,Graduate,Labour,Employed,60000,5000,1,Rural,Yes,No,Yes
5472,Punjab,80,Male,Higher Secondary,Labour,Unemployed,368492,30707,8,Urban,No,No,No
5473,Rajasthan,55,Male,Secondary,Healthcare,Student,550018,45834,3,Urban,No,Yes,Yes
5474,Karnataka,58,Female,Graduate,Private,Unemployed,930908,77575,3,Urban,Yes,Yes,No
5475,Punjab,23,Male,Secondary,Healthcare,Employed,587653,48971,1,Rural,Yes,No,Yes
5476,Uttar Pradesh,49,Male,Secondary,Business,Unemployed,459812,38317,3,Urban,Yes,No,Yes
5477,Tamil Nadu,70,Male,Secondary,Government,Self-employed,718493,59874,3,Urban,Yes,Yes,Yes
5478,Delhi,49,Female,Postgraduate,Engineer,Unemployed,504478,42039,4,Urban,No,No,Yes
5479,West Bengal,23,Male,Graduate,Labour,Self-employed,263347,21945,3,Rural,No,No,Yes
5480,Maharashtra,76,Female,Graduate,Student,Self-employed,382977,31914,7,Urban,Yes,No,Yes
5481,Karnataka,20,Male,Higher Secondary,Private,Employed,782496,65208,2,Rural,Yes,Yes,Yes
5482,Delhi,42,Female,Secondary,Private,Employed,452748,37729,5,Urban,No,Yes,Yes
5483,Delhi,47,Female,Secondary,Engineer,Self-employed,353899,29491,8,Rural,Yes,Yes,No
5484,West Bengal,26,Female,Higher Secondary,Engineer,Self-employed,835061,69588,4,Urban,No,No,Yes
5485,Punjab,71,Male,Postgraduate,Unemployed,Self-employed,106771,8897,5,Urban,Yes,No,Yes
5486,Punjab,19,Female,Primary,Unemployed,Unemployed,1133044,94420,8,Rural,No,No,No
5487,Karnataka,80,Male,Postgraduate,Student,Student,295518,24626,3,Rural,No,No,Yes
5488,Uttar Pradesh,51,Male,Secondary,Student,Self-employed,653359,54446,1,Urban,Yes,Yes,No
5489,Haryana,27,Male,Primary,Engineer,Employed,510731,42560,8,Urban,Yes,No,No
5490,Haryana,18,Female,Secondary,Government,Self-employed,861396,71783,8,Urban,Yes,Yes,No
5491,Delhi,54,Female,Secondary,Labour,Student,557699,46474,2,Urban,No,No,No
5492,Uttar Pradesh,69,Male,Primary,Labour,Unemployed,319519,26626,5,Rural,Yes,No,Yes
5493,Karnataka,39,Male,Postgraduate,Healthcare,Self-employed,475437,39619,2,Urban,Yes,No,No
5494,Gujarat,49,Male,Graduate,Farmer,Self-employed,330045,27503,2,Urban,Yes,No,Yes
5495,Tamil Nadu,29,Female,Higher Secondary,Business,Student,221954,18496,1,Urban,No,Yes,Yes
5496,Delhi,32,Male,Graduate,Teacher,Unemployed,299097,24924,1,Rural,No,Yes,Yes
5497,West Bengal,22,Male,Postgraduate,Business,Self-employed,488855,40737,2,Rural,Yes,No,No
5498,Punjab,41,Male,Postgraduate,Unemployed,Self-employed,99941,8328,7,Rural,No,Yes,Yes
5499,Gujarat,55,Female,Higher Secondary,Business,Unemployed,297697,24808,8,Rural,No,No,No
5500,Rajasthan,72,Male,Primary,Student,Student,251514,20959,1,Rural,Yes,No,Yes
5501,Uttar Pradesh,79,Male,Primary,Farmer,Employed,522217,43518,5,Rural,No,No,Yes
5502,Punjab,19,Male,Primary,Private,Self-employed,960762,80063,6,Urban,No,No,No
5503,Rajasthan,47,Female,Graduate,Healthcare,Self-employed,650214,54184,3,Rural,No,Yes,Yes
5504,Rajasthan,57,Male,Primary,Private,Student,960756,80063,7,Rural,Yes,Yes,No
5505,Tamil Nadu,53,Male,Graduate,Healthcare,Employed,481842,40153,8,Rural,Yes,No,Yes
5506,Punjab,34,Female,Postgraduate,Government,Employed,620724,51727,5,Urban,Yes,No,Yes
5507,Tamil Nadu,38,Female,Secondary,Labour,Self-employed,449467,37455,5,Urban,Yes,Yes,No
5508,Karnataka,69,Male,Higher Secondary,Student,Self-employed,523073,43589,5,Rural,Yes,Yes,No
5509,Haryana,63,Female,Higher Secondary,Student,Unemployed,473690,39474,5,Rural,Yes,Yes,Yes
5510,Karnataka,44,Male,Primary,Business,Self-employed,535448,44620,4,Urban,No,No,Yes
5511,Haryana,74,Female,Higher Secondary,Business,Student,419915,34992,2,Rural,Yes,No,Yes
5512,West Bengal,70,Male,Primary,Business,Unemployed,512991,42749,1,Urban,Yes,No,No
5513,Haryana,58,Male,Higher Secondary,Healthcare,Student,653239,54436,8,Urban,Yes,Yes,Yes
5514,Tamil Nadu,30,Male,Postgraduate,Government,Self-employed,461591,38465,1,Urban,Yes,No,Yes
5515,Punjab,19,Male,Postgraduate,Teacher,Unemployed,717249,59770,8,Urban,Yes,No,No
5516,Rajasthan,61,Female,Graduate,Private,Self-employed,60000,5000,1,Urban,No,Yes,Yes
5517,Haryana,57,Male,Higher Secondary,Government,Employed,387492,32291,7,Urban,Yes,Yes,No
5518,Maharashtra,52,Male,Postgraduate,Private,Employed,616209,51350,1,Rural,Yes,No,Yes
5519,Maharashtra,19,Male,Graduate,Teacher,Student,465799,38816,8,Rural,Yes,Yes,No
5520,Maharashtra,22,Male,Postgraduate,Engineer,Self-employed,409892,34157,8,Urban,Yes,Yes,No
5521,Karnataka,63,Female,Secondary,Private,Unemployed,691444,57620,3,Rural,No,Yes,Yes
5522,West Bengal,31,Male,Graduate,Healthcare,Unemployed,677507,56458,7,Urban,Yes,Yes,Yes
5523,Tamil Nadu,61,Female,Graduate,Business,Self-employed,314326,26193,4,Rural,Yes,Yes,Yes
5524,Delhi,24,Female,Graduate,Farmer,Unemployed,880358,73363,3,Urban,No,No,Yes
5525,Karnataka,52,Female,Primary,Teacher,Unemployed,150913,12576,3,Rural,No,Yes,No
5526,Gujarat,48,Female,Primary,Farmer,Self-employed,536875,44739,6,Urban,Yes,No,Yes
5527,Punjab,77,Male,Primary,Engineer,Self-employed,262954,21912,4,Urban,No,Yes,No
5528,Delhi,49,Female,Primary,Unemployed,Student,584280,48690,5,Urban,No,No,No
5529,Tamil Nadu,56,Male,Secondary,Teacher,Student,686050,57170,1,Rural,Yes,Yes,Yes
5530,Rajasthan,29,Female,Postgraduate,Farmer,Student,465160,38763,5,Urban,Yes,No,No
5531,Haryana,74,Male,Primary,Business,Employed,459316,38276,8,Urban,No,No,Yes
5532,Uttar Pradesh,62,Female,Graduate,Engineer,Employed,555982,46331,4,Urban,No,Yes,No
5533,Delhi,18,Male,Postgraduate,Government,Unemployed,509548,42462,4,Urban,No,No,No
5534,Karnataka,62,Female,Secondary,Student,Unemployed,592733,49394,5,Urban,No,Yes,Yes
5535,Rajasthan,54,Male,Postgraduate,Labour,Employed,694902,57908,7,Rural,No,Yes,No
5536,Karnataka,20,Male,Higher Secondary,Farmer,Self-employed,871510,72625,3,Rural,Yes,Yes,Yes
5537,West Bengal,48,Female,Graduate,Healthcare,Student,1029200,85766,2,Rural,Yes,Yes,Yes
5538,Maharashtra,55,Female,Secondary,Private,Unemployed,480763,40063,7,Urban,No,Yes,No
5539,Maharashtra,30,Male,Postgraduate,Teacher,Student,755973,62997,3,Rural,Yes,Yes,Yes
5540,Delhi,79,Female,Primary,Farmer,Self-employed,227674,18972,8,Urban,No,Yes,No
5541,Punjab,78,Female,Secondary,Student,Self-employed,308809,25734,1,Urban,Yes,Yes,No
5542,Maharashtra,45,Male,Secondary,Teacher,Employed,480711,40059,1,Urban,No,No,No
5543,Delhi,18,Female,Higher Secondary,Unemployed,Employed,60000,5000,1,Rural,No,No,No
5544,Maharashtra,59,Male,Postgraduate,Student,Student,622153,51846,6,Rural,No,No,Yes
5545,Punjab,37,Female,Postgraduate,Private,Student,302863,25238,3,Rural,Yes,No,Yes
5546,Haryana,76,Male,Higher Secondary,Engineer,Employed,706108,58842,7,Urban,No,Yes,Yes
5547,Punjab,31,Female,Higher Secondary,Farmer,Student,529148,44095,2,Urban,Yes,Yes,No
5548,Uttar Pradesh,51,Male,Higher Secondary,Teacher,Student,484238,40353,7,Urban,Yes,Yes,No
5549,Gujarat,58,Male,Primary,Business,Employed,444492,37041,7,Urban,Yes,Yes,Yes
5550,Rajasthan,31,Male,Higher Secondary,Engineer,Employed,710638,59219,3,Rural,No,No,No
5551,Gujarat,38,Male,Postgraduate,Farmer,Employed,292919,24409,7,Urban,No,Yes,Yes
5552,West Bengal,57,Female,Higher Secondary,Farmer,Self-employed,380406,31700,1,Rural,No,No,Yes
5553,Gujarat,51,Male,Graduate,Teacher,Student,855531,71294,2,Urban,No,No,No
5554,Uttar Pradesh,22,Male,Graduate,Farmer,Student,839051,69920,2,Urban,Yes,Yes,No
5555,Tamil Nadu,71,Female,Primary,Teacher,Unemployed,183954,15329,3,Rural,No,No,No
5556,Haryana,27,Female,Graduate,Labour,Employed,499998,41666,3,Rural,Yes,No,Yes
5557,Rajasthan,66,Male,Graduate,Student,Student,856189,71349,8,Rural,Yes,Yes,Yes
5558,Rajasthan,69,Female,Graduate,Farmer,Unemployed,60000,5000,8,Rural,Yes,No,Yes
5559,Uttar Pradesh,71,Male,Postgraduate,Government,Employed,387051,32254,8,Urban,Yes,No,No
5560,Tamil Nadu,25,Female,Postgraduate,Farmer,Unemployed,525397,43783,4,Rural,No,Yes,Yes
5561,Delhi,72,Female,Primary,Private,Student,299801,24983,2,Rural,No,No,Yes
5562,Gujarat,68,Female,Graduate,Student,Unemployed,695635,57969,8,Rural,No,Yes,No
5563,Gujarat,47,Female,Graduate,Farmer,Employed,430261,35855,8,Urban,No,No,Yes
5564,Punjab,61,Female,Graduate,Engineer,Employed,270948,22579,4,Urban,Yes,Yes,No
5565,Haryana,75,Female,Secondary,Business,Student,1056518,88043,8,Urban,No,Yes,No
5566,Punjab,60,Female,Higher Secondary,Business,Employed,516871,43072,6,Urban,Yes,No,Yes
5567,Gujarat,26,Female,Higher Secondary,Labour,Self-employed,409974,34164,8,Urban,No,No,Yes
5568,Punjab,64,Male,Primary,Healthcare,Self-employed,668193,55682,3,Urban,No,Yes,Yes
5569,Punjab,47,Female,Postgraduate,Healthcare,Student,580743,48395,2,Urban,Yes,Yes,Yes
5570,West Bengal,34,Female,Higher Secondary,Teacher,Student,614173,51181,8,Urban,Yes,Yes,No
5571,Tamil Nadu,36,Female,Primary,Healthcare,Employed,204205,17017,7,Rural,No,Yes,No
5572,Haryana,18,Female,Primary,Private,Unemployed,743575,61964,6,Rural,Yes,No,No
5573,Gujarat,52,Male,Primary,Engineer,Student,329379,27448,7,Urban,No,Yes,No
5574,Uttar Pradesh,46,Female,Higher Secondary,Healthcare,Student,345913,28826,4,Urban,No,No,Yes
5575,Uttar Pradesh,37,Female,Secondary,Engineer,Unemployed,234521,19543,1,Urban,No,Yes,Yes
5576,Gujarat,55,Female,Primary,Unemployed,Self-employed,346390,28865,6,Rural,Yes,No,No
5577,Tamil Nadu,25,Male,Secondary,Private,Employed,390869,32572,4,Urban,No,Yes,No
5578,Karnataka,76,Male,Secondary,Student,Self-employed,511713,42642,3,Rural,Yes,Yes,No
5579,Uttar Pradesh,20,Female,Graduate,Student,Unemployed,429671,35805,6,Urban,No,No,No
5580,Uttar Pradesh,27,Male,Postgraduate,Farmer,Unemployed,779476,64956,3,Rural,No,No,No
5581,Maharashtra,59,Female,Higher Secondary,Healthcare,Unemployed,256044,21337,6,Urban,Yes,No,No
5582,Maharashtra,31,Male,Postgraduate,Private,Self-employed,544195,45349,1,Rural,Yes,No,No
5583,Delhi,55,Female,Postgraduate,Private,Student,652025,54335,1,Urban,No,No,No
5584,Haryana,78,Male,Primary,Private,Student,242144,20178,3,Rural,Yes,No,No
5585,Haryana,50,Female,Secondary,Healthcare,Student,380744,31728,4,Rural,Yes,Yes,No
5586,Uttar Pradesh,22,Female,Primary,Government,Student,175224,14602,7,Urban,Yes,Yes,Yes
5587,Uttar Pradesh,71,Male,Graduate,Private,Self-employed,1086214,90517,1,Urban,Yes,Yes,Yes
5588,Tamil Nadu,56,Male,Higher Secondary,Farmer,Student,717757,59813,8,Rural,No,Yes,No
5589,West Bengal,31,Male,Postgraduate,Farmer,Student,568968,47414,6,Urban,Yes,Yes,No
5590,Maharashtra,52,Female,Higher Secondary,Unemployed,Student,718371,59864,4,Rural,No,Yes,Yes
5591,Gujarat,25,Female,Postgraduate,Farmer,Unemployed,413527,34460,2,Rural,No,Yes,No
5592,West Bengal,56,Male,Graduate,Teacher,Unemployed,663915,55326,6,Rural,No,No,Yes
5593,West Bengal,73,Female,Primary,Labour,Employed,909131,75760,5,Rural,No,No,Yes
5594,West Bengal,74,Female,Secondary,Labour,Unemployed,499754,41646,8,Rural,No,Yes,No
5595,Karnataka,23,Female,Postgraduate,Healthcare,Unemployed,538720,44893,6,Urban,Yes,No,Yes
5596,Gujarat,24,Male,Graduate,Engineer,Employed,724626,60385,2,Rural,No,Yes,Yes
5597,Rajasthan,40,Female,Postgraduate,Labour,Employed,391417,32618,2,Rural,Yes,Yes,No
5598,Punjab,45,Male,Postgraduate,Teacher,Student,60000,5000,2,Urban,Yes,No,Yes
5599,West Bengal,60,Female,Postgraduate,Business,Employed,466380,38865,4,Urban,No,Yes,No
5600,Uttar Pradesh,50,Male,Secondary,Farmer,Student,219778,18314,6,Rural,Yes,No,Yes
5601,Haryana,64,Male,Higher Secondary,Teacher,Student,291856,24321,4,Rural,Yes,Yes,Yes
5602,Haryana,61,Female,Primary,Private,Unemployed,442081,36840,4,Urban,Yes,Yes,Yes
5603,Karnataka,47,Male,Primary,Farmer,Self-employed,227085,18923,1,Rural,Yes,Yes,No
5604,Tamil Nadu,80,Male,Higher Secondary,Unemployed,Employed,1064180,88681,8,Rural,No,Yes,Yes
5605,Tamil Nadu,37,Male,Postgraduate,Teacher,Employed,767236,63936,1,Urban,No,No,Yes
5606,Delhi,77,Male,Postgraduate,Farmer,Self-employed,678191,56515,1,Urban,No,Yes,Yes
5607,West Bengal,75,Male,Secondary,Farmer,Self-employed,444675,37056,1,Rural,Yes,Yes,Yes
5608,Rajasthan,66,Male,Postgraduate,Healthcare,Self-employed,441135,36761,1,Rural,Yes,Yes,Yes
5609,West Bengal,70,Male,Secondary,Healthcare,Self-employed,1139614,94967,2,Rural,No,No,Yes
5610,Rajasthan,33,Male,Postgraduate,Private,Self-employed,441765,36813,3,Urban,Yes,No,No
5611,Uttar Pradesh,53,Male,Postgraduate,Teacher,Employed,459535,38294,5,Urban,Yes,Yes,Yes
5612,Karnataka,68,Female,Secondary,Unemployed,Unemployed,932454,77704,7,Rural,No,Yes,Yes
5613,Haryana,53,Female,Postgraduate,Healthcare,Employed,594070,49505,6,Urban,No,Yes,No
5614,Rajasthan,63,Female,Primary,Labour,Student,457408,38117,4,Urban,Yes,No,Yes
5615,Delhi,38,Female,Postgraduate,Healthcare,Employed,108471,9039,3,Rural,No,Yes,Yes
5616,Maharashtra,41,Female,Graduate,Unemployed,Self-employed,317551,26462,1,Rural,Yes,No,Yes
5617,Maharashtra,19,Male,Primary,Healthcare,Unemployed,829291,69107,3,Urban,No,No,No
5618,Rajasthan,80,Male,Primary,Farmer,Unemployed,613483,51123,7,Rural,No,Yes,Yes
5619,Rajasthan,47,Male,Graduate,Labour,Employed,798682,66556,8,Urban,Yes,No,Yes
5620,Tamil Nadu,50,Female,Postgraduate,Student,Unemployed,339553,28296,3,Rural,Yes,No,Yes
5621,Karnataka,36,Female,Secondary,Business,Self-employed,759587,63298,6,Urban,Yes,No,No
5622,Maharashtra,43,Female,Graduate,Farmer,Student,809749,67479,1,Rural,No,No,Yes
5623,Maharashtra,37,Female,Postgraduate,Labour,Self-employed,538691,44890,7,Urban,No,Yes,No
5624,Uttar Pradesh,54,Male,Higher Secondary,Healthcare,Employed,520444,43370,1,Rural,Yes,Yes,Yes
5625,Punjab,38,Male,Secondary,Teacher,Self-employed,60000,5000,6,Urban,Yes,No,No
5626,Karnataka,48,Male,Secondary,Student,Self-employed,700177,58348,4,Rural,Yes,Yes,No
5627,Punjab,34,Male,Higher Secondary,Private,Student,481727,40143,8,Rural,Yes,Yes,Yes
5628,Haryana,69,Female,Higher Secondary,Business,Self-employed,724011,60334,4,Rural,Yes,Yes,No
5629,Uttar Pradesh,41,Male,Higher Secondary,Student,Unemployed,277202,23100,1,Rural,No,Yes,No
5630,Gujarat,56,Male,Primary,Unemployed,Student,503633,41969,6,Rural,No,Yes,No
5631,Tamil Nadu,52,Female,Higher Secondary,Private,Employed,623284,51940,7,Rural,No,No,Yes
5632,Uttar Pradesh,74,Female,Primary,Government,Unemployed,376004,31333,6,Rural,No,Yes,Yes
5633,Karnataka,24,Male,Postgraduate,Teacher,Student,633293,52774,8,Urban,No,Yes,No
5634,Gujarat,25,Female,Postgraduate,Business,Unemployed,767458,63954,4,Rural,No,Yes,No
5635,West Bengal,23,Female,Postgraduate,Government,Student,504940,42078,7,Urban,No,No,No
5636,Haryana,61,Male,Postgraduate,Farmer,Unemployed,641020,53418,4,Urban,No,No,Yes
5637,Maharashtra,53,Female,Higher Secondary,Unemployed,Unemployed,691453,57621,3,Rural,Yes,Yes,No
5638,Punjab,33,Female,Higher Secondary,Private,Unemployed,557734,46477,8,Urban,Yes,Yes,Yes
5639,Haryana,21,Female,Postgraduate,Student,Unemployed,464725,38727,8,Urban,No,Yes,Yes
5640,Tamil Nadu,74,Female,Primary,Farmer,Unemployed,491845,40987,8,Rural,No,Yes,No
5641,Maharashtra,70,Female,Secondary,Teacher,Student,620100,51675,4,Rural,No,No,No
5642,Punjab,28,Female,Secondary,Engineer,Student,563231,46935,1,Rural,No,Yes,Yes
5643,West Bengal,67,Male,Secondary,Student,Student,318513,26542,7,Urban,No,No,No
5644,Tamil Nadu,72,Male,Primary,Labour,Employed,716305,59692,4,Rural,Yes,Yes,No
5645,Punjab,65,Female,Primary,Student,Self-employed,655834,54652,3,Urban,No,No,No
5646,Tamil Nadu,60,Male,Postgraduate,Teacher,Employed,500343,41695,8,Urban,Yes,Yes,No
5647,West Bengal,51,Male,Secondary,Unemployed,Self-employed,475328,39610,3,Rural,No,Yes,Yes
5648,Karnataka,60,Male,Graduate,Student,Student,60000,5000,2,Rural,No,No,No
5649,West Bengal,76,Male,Graduate,Private,Student,695963,57996,5,Rural,Yes,No,Yes
5650,Uttar Pradesh,58,Female,Graduate,Government,Employed,738689,61557,6,Urban,Yes,No,Yes
5651,Punjab,24,Male,Secondary,Private,Employed,311440,25953,6,Urban,No,No,Yes
5652,Gujarat,79,Male,Postgraduate,Unemployed,Self-employed,602069,50172,8,Rural,No,No,Yes
5653,Rajasthan,69,Male,Primary,Labour,Student,495644,41303,8,Rural,No,Yes,No
5654,Tamil Nadu,26,Male,Graduate,Healthcare,Employed,311700,25975,6,Rural,Yes,No,Yes
5655,West Bengal,46,Male,Higher Secondary,Student,Self-employed,557003,46416,5,Urban,Yes,Yes,No
5656,Tamil Nadu,65,Male,Graduate,Private,Student,699297,58274,3,Urban,Yes,Yes,No
5657,Haryana,35,Female,Higher Secondary,Teacher,Unemployed,689241,57436,6,Urban,No,No,No
5658,Karnataka,64,Male,Postgraduate,Labour,Self-employed,576847,48070,3,Rural,Yes,Yes,Yes
5659,Delhi,29,Male,Graduate,Teacher,Self-employed,445614,37134,2,Rural,Yes,No,Yes
5660,Punjab,23,Male,Higher Secondary,Engineer,Self-employed,273064,22755,2,Rural,Yes,No,No
5661,Rajasthan,61,Female,Graduate,Teacher,Employed,675869,56322,6,Urban,Yes,Yes,No
5662,Gujarat,79,Male,Postgraduate,Teacher,Employed,729425,60785,2,Rural,Yes,No,No
5663,Rajasthan,65,Female,Graduate,Government,Unemployed,484601,40383,3,Rural,Yes,Yes,Yes
5664,Delhi,62,Female,Postgraduate,Teacher,Employed,374128,31177,6,Urban,No,No,No
5665,Rajasthan,33,Female,Higher Secondary,Teacher,Employed,497735,41477,7,Rural,Yes,Yes,Yes
5666,Punjab,80,Male,Secondary,Private,Employed,470888,39240,6,Urban,No,Yes,Yes
5667,West Bengal,70,Female,Graduate,Healthcare,Unemployed,720619,60051,1,Rural,Yes,Yes,No
5668,West Bengal,62,Male,Postgraduate,Unemployed,Self-employed,369654,30804,6,Urban,Yes,Yes,Yes
5669,Haryana,73,Male,Graduate,Engineer,Employed,60000,5000,8,Rural,No,No,Yes
5670,Delhi,70,Female,Secondary,Engineer,Student,574816,47901,8,Rural,Yes,Yes,No
5671,Tamil Nadu,80,Male,Primary,Labour,Unemployed,424116,35343,2,Rural,Yes,No,No
5672,Gujarat,33,Male,Primary,Unemployed,Employed,890546,74212,8,Urban,Yes,No,Yes
5673,West Bengal,42,Female,Higher Secondary,Government,Student,318221,26518,2,Urban,Yes,No,Yes
5674,Uttar Pradesh,47,Female,Postgraduate,Student,Employed,281304,23442,4,Rural,Yes,No,No
5675,Haryana,51,Male,Postgraduate,Private,Self-employed,677259,56438,7,Rural,Yes,Yes,Yes
5676,Haryana,78,Female,Postgraduate,Teacher,Student,799517,66626,6,Rural,No,Yes,No
5677,Gujarat,49,Female,Higher Secondary,Engineer,Student,712311,59359,2,Urban,Yes,Yes,Yes
5678,Haryana,65,Female,Primary,Unemployed,Employed,305347,25445,4,Rural,Yes,Yes,Yes
5679,Delhi,39,Female,Secondary,Farmer,Employed,757474,63122,5,Urban,Yes,No,No
5680,Uttar Pradesh,62,Male,Graduate,Unemployed,Unemployed,730350,60862,2,Urban,No,No,No
5681,Karnataka,24,Male,Primary,Private,Student,543100,45258,3,Rural,No,No,No
5682,Maharashtra,54,Female,Primary,Labour,Employed,266034,22169,2,Rural,Yes,Yes,No
5683,Uttar Pradesh,30,Female,Primary,Farmer,Self-employed,538182,44848,3,Rural,Yes,Yes,Yes
5684,Karnataka,19,Female,Higher Secondary,Student,Self-employed,249860,20821,4,Rural,Yes,No,Yes
5685,Gujarat,60,Male,Secondary,Student,Self-employed,710833,59236,2,Rural,Yes,Yes,No
5686,Uttar Pradesh,69,Male,Higher Secondary,Private,Student,910301,75858,2,Urban,Yes,Yes,No
5687,Uttar Pradesh,50,Male,Primary,Student,Unemployed,260917,21743,7,Rural,No,No,No
5688,Punjab,24,Female,Higher Secondary,Business,Student,875221,72935,2,Rural,No,Yes,No
5689,Haryana,67,Female,Graduate,Engineer,Employed,908885,75740,2,Rural,Yes,Yes,Yes
5690,Maharashtra,51,Male,Postgraduate,Teacher,Self-employed,466742,38895,5,Urban,Yes,No,Yes
5691,Maharashtra,46,Male,Secondary,Private,Self-employed,419065,34922,1,Urban,No,No,Yes
5692,Uttar Pradesh,44,Male,Higher Secondary,Farmer,Student,60000,5000,4,Urban,Yes,Yes,Yes
5693,Punjab,76,Male,Higher Secondary,Private,Unemployed,383235,31936,1,Urban,No,No,Yes
5694,Delhi,56,Female,Secondary,Labour,Self-employed,221680,18473,8,Rural,No,No,Yes
5695,Haryana,39,Female,Higher Secondary,Engineer,Self-employed,495782,41315,7,Rural,Yes,No,No
5696,Maharashtra,78,Male,Higher Secondary,Healthcare,Employed,689115,57426,5,Rural,Yes,Yes,No
5697,Punjab,64,Male,Graduate,Private,Student,231632,19302,1,Rural,No,Yes,No
5698,West Bengal,55,Female,Graduate,Private,Self-employed,358554,29879,6,Rural,No,No,No
5699,Haryana,52,Male,Primary,Student,Employed,329081,27423,4,Urban,Yes,No,Yes
5700,Tamil Nadu,79,Female,Higher Secondary,Government,Unemployed,584076,48673,1,Rural,No,Yes,Yes
5701,West Bengal,77,Male,Graduate,Business,Unemployed,460975,38414,8,Rural,No,Yes,No
5702,Punjab,43,Female,Primary,Student,Unemployed,930964,77580,7,Urban,Yes,No,No
5703,Tamil Nadu,48,Male,Graduate,Student,Employed,257900,21491,5,Rural,Yes,Yes,No
5704,Tamil Nadu,58,Female,Postgraduate,Private,Student,397343,33111,2,Rural,Yes,No,Yes
5705,Haryana,76,Female,Secondary,Healthcare,Unemployed,215532,17961,1,Rural,No,No,No
5706,Gujarat,76,Male,Secondary,Teacher,Unemployed,243220,20268,8,Urban,No,No,No
5707,Punjab,40,Male,Secondary,Student,Student,541665,45138,1,Rural,No,No,No
5708,Haryana,58,Male,Higher Secondary,Government,Employed,639672,53306,1,Urban,Yes,Yes,Yes
5709,Rajasthan,68,Female,Postgraduate,Healthcare,Self-employed,803597,66966,6,Urban,Yes,No,No
5710,Punjab,64,Male,Graduate,Healthcare,Unemployed,360592,30049,3,Urban,Yes,Yes,Yes
5711,Delhi,26,Female,Primary,Labour,Employed,78008,6500,6,Rural,Yes,Yes,No
5712,Rajasthan,70,Male,Primary,Unemployed,Student,60000,5000,7,Rural,No,Yes,Yes
5713,Delhi,21,Male,Primary,Healthcare,Student,548883,45740,1,Rural,No,Yes,Yes
5714,West Bengal,29,Male,Graduate,Farmer,Unemployed,288396,24033,3,Rural,No,No,Yes
5715,Maharashtra,33,Male,Primary,Farmer,Student,536202,44683,4,Urban,Yes,Yes,Yes
5716,West Bengal,51,Female,Secondary,Teacher,Employed,535012,44584,4,Rural,Yes,Yes,Yes
5717,Punjab,80,Female,Higher Secondary,Labour,Student,659159,54929,8,Urban,Yes,No,No
5718,Karnataka,42,Female,Primary,Labour,Unemployed,334118,27843,4,Urban,Yes,Yes,Yes
5719,Uttar Pradesh,38,Female,Graduate,Business,Self-employed,445443,37120,8,Urban,Yes,No,Yes
5720,Uttar Pradesh,69,Male,Postgraduate,Student,Self-employed,275188,22932,6,Rural,Yes,No,Yes
5721,Delhi,50,Female,Primary,Unemployed,Student,856306,71358,8,Urban,Yes,Yes,Yes
5722,Uttar Pradesh,57,Male,Graduate,Labour,Unemployed,580604,48383,6,Rural,No,Yes,Yes
5723,Rajasthan,19,Female,Graduate,Government,Student,765013,63751,4,Urban,No,Yes,Yes
5724,Karnataka,25,Male,Primary,Government,Self-employed,871992,72666,8,Urban,No,No,No
5725,Karnataka,31,Female,Graduate,Teacher,Student,873935,72827,5,Urban,Yes,No,Yes
5726,Karnataka,41,Female,Postgraduate,Teacher,Student,141972,11831,2,Urban,Yes,No,No
5727,Delhi,39,Male,Higher Secondary,Farmer,Employed,60995,5082,3,Urban,No,Yes,Yes
5728,West Bengal,71,Female,Secondary,Private,Self-employed,693694,57807,4,Urban,No,No,Yes
5729,Uttar Pradesh,67,Male,Higher Secondary,Private,Student,1403653,116971,6,Urban,Yes,Yes,No
5730,Uttar Pradesh,62,Female,Secondary,Teacher,Unemployed,733876,61156,2,Urban,No,Yes,No
5731,Delhi,21,Female,Higher Secondary,Business,Self-employed,141006,11750,5,Urban,Yes,No,Yes
5732,West Bengal,50,Female,Graduate,Engineer,Employed,259364,21613,7,Rural,Yes,Yes,No
5733,Tamil Nadu,36,Female,Higher Secondary,Government,Employed,515804,42983,3,Urban,No,No,Yes
5734,West Bengal,51,Male,Primary,Government,Unemployed,801173,66764,8,Rural,Yes,Yes,No
5735,Maharashtra,51,Female,Secondary,Labour,Student,462023,38501,2,Rural,Yes,No,Yes
5736,Rajasthan,25,Female,Postgraduate,Teacher,Unemployed,559698,46641,5,Urban,Yes,No,Yes
5737,Punjab,75,Male,Higher Secondary,Government,Employed,389282,32440,7,Urban,No,No,Yes
5738,Gujarat,41,Male,Postgraduate,Healthcare,Unemployed,302452,25204,5,Urban,Yes,No,Yes
5739,Delhi,69,Female,Graduate,Labour,Unemployed,560883,46740,8,Rural,Yes,Yes,No
5740,Maharashtra,45,Female,Primary,Government,Unemployed,439142,36595,3,Rural,No,No,No
5741,Punjab,60,Female,Secondary,Unemployed,Employed,60000,5000,3,Rural,No,Yes,No
5742,Gujarat,79,Male,Primary,Healthcare,Student,466503,38875,7,Urban,Yes,No,Yes
5743,Gujarat,60,Male,Postgraduate,Unemployed,Employed,461792,38482,6,Urban,Yes,Yes,No
5744,Rajasthan,18,Male,Secondary,Teacher,Unemployed,433577,36131,6,Rural,Yes,Yes,No
5745,Punjab,26,Female,Graduate,Engineer,Self-employed,366568,30547,6,Rural,Yes,Yes,No
5746,Punjab,73,Female,Graduate,Engineer,Employed,764545,63712,2,Urban,Yes,No,Yes
5747,Tamil Nadu,28,Male,Higher Secondary,Labour,Employed,565628,47135,2,Urban,No,No,Yes
5748,West Bengal,67,Male,Graduate,Farmer,Employed,155481,12956,3,Rural,No,No,Yes
5749,Gujarat,79,Male,Higher Secondary,Labour,Employed,669662,55805,4,Urban,No,Yes,No
5750,Uttar Pradesh,46,Male,Secondary,Labour,Employed,294636,24553,5,Rural,Yes,No,No
5751,Delhi,37,Female,Higher Secondary,Farmer,Unemployed,516832,43069,1,Rural,No,Yes,No
5752,Rajasthan,48,Male,Graduate,Private,Self-employed,427254,35604,7,Rural,No,No,Yes
5753,Punjab,62,Female,Graduate,Private,Employed,140249,11687,2,Urban,Yes,No,No
5754,Uttar Pradesh,46,Male,Graduate,Labour,Self-employed,494762,41230,6,Urban,No,Yes,No
5755,Rajasthan,38,Female,Secondary,Healthcare,Self-employed,861950,71829,2,Rural,Yes,Yes,Yes
5756,Maharashtra,78,Male,Primary,Private,Employed,60000,5000,1,Rural,Yes,Yes,No
5757,Delhi,45,Male,Postgraduate,Student,Employed,531450,44287,1,Urban,Yes,Yes,No
5758,Rajasthan,51,Female,Primary,Government,Student,637300,53108,2,Rural,No,Yes,No
5759,Uttar Pradesh,44,Male,Primary,Farmer,Student,470991,39249,1,Rural,No,No,No
5760,Delhi,74,Male,Postgraduate,Business,Student,537150,44762,5,Rural,No,No,No
5761,West Bengal,75,Male,Secondary,Labour,Employed,505060,42088,2,Rural,Yes,No,Yes
5762,West Bengal,74,Male,Postgraduate,Healthcare,Student,650136,54178,8,Urban,Yes,Yes,No
5763,Maharashtra,63,Male,Secondary,Teacher,Self-employed,517796,43149,4,Rural,No,Yes,Yes
5764,Punjab,19,Male,Postgraduate,Student,Self-employed,614917,51243,3,Rural,Yes,Yes,Yes
5765,Haryana,66,Male,Higher Secondary,Labour,Student,688268,57355,6,Urban,No,Yes,Yes
5766,Punjab,30,Female,Secondary,Government,Self-employed,620385,51698,5,Rural,No,Yes,Yes
5767,Delhi,31,Male,Higher Secondary,Teacher,Student,759840,63320,3,Rural,No,Yes,Yes
5768,Maharashtra,53,Male,Postgraduate,Government,Student,660948,55079,7,Urban,No,Yes,No
5769,Delhi,47,Female,Secondary,Engineer,Self-employed,517804,43150,6,Rural,Yes,No,Yes
5770,Rajasthan,73,Male,Secondary,Private,Student,630857,52571,1,Urban,Yes,No,Yes
5771,Rajasthan,19,Female,Secondary,Student,Employed,341390,28449,3,Urban,Yes,Yes,Yes
5772,Punjab,73,Male,Secondary,Government,Unemployed,490968,40914,2,Urban,Yes,No,No
5773,Punjab,50,Female,Postgraduate,Healthcare,Student,381193,31766,7,Rural,No,Yes,Yes
5774,Karnataka,30,Female,Graduate,Labour,Self-employed,568555,47379,4,Rural,No,Yes,No
5775,Tamil Nadu,42,Female,Primary,Engineer,Student,491939,40994,3,Rural,No,No,Yes
5776,Maharashtra,67,Male,Higher Secondary,Engineer,Employed,568796,47399,3,Rural,No,No,No
5777,Maharashtra,25,Male,Primary,Student,Employed,591750,49312,5,Urban,Yes,No,Yes
5778,Karnataka,79,Male,Graduate,Engineer,Student,273142,22761,7,Urban,Yes,No,Yes
5779,Rajasthan,74,Female,Graduate,Farmer,Student,818948,68245,8,Rural,No,No,No
5780,Karnataka,73,Female,Postgraduate,Engineer,Student,60000,5000,6,Rural,No,Yes,No
5781,Rajasthan,22,Male,Secondary,Engineer,Unemployed,817599,68133,7,Urban,Yes,No,Yes
5782,Haryana,80,Female,Secondary,Teacher,Unemployed,1074801,89566,5,Rural,No,No,Yes
5783,Gujarat,66,Female,Secondary,Farmer,Student,752022,62668,2,Rural,No,Yes,Yes
5784,Punjab,44,Female,Higher Secondary,Healthcare,Unemployed,879809,73317,5,Rural,No,No,No
5785,Haryana,44,Female,Primary,Unemployed,Unemployed,569441,47453,7,Urban,No,No,No
5786,Haryana,40,Female,Higher Secondary,Labour,Self-employed,456488,38040,2,Urban,No,No,Yes
5787,Tamil Nadu,20,Male,Graduate,Government,Student,917807,76483,2,Rural,No,No,No
5788,Maharashtra,61,Male,Higher Secondary,Labour,Self-employed,404686,33723,7,Rural,Yes,No,Yes
5789,Gujarat,27,Male,Secondary,Student,Unemployed,602818,50234,7,Rural,No,Yes,Yes
5790,West Bengal,41,Female,Primary,Farmer,Student,417541,34795,2,Urban,Yes,No,Yes
5791,Maharashtra,63,Male,Postgraduate,Teacher,Employed,511601,42633,7,Urban,Yes,Yes,No
5792,Gujarat,55,Male,Postgraduate,Private,Employed,864738,72061,6,Rural,Yes,No,No
5793,Maharashtra,38,Male,Higher Secondary,Private,Student,703492,58624,2,Urban,Yes,Yes,No
5794,Maharashtra,53,Female,Graduate,Teacher,Student,419693,34974,5,Rural,Yes,Yes,No
5795,Delhi,70,Female,Graduate,Unemployed,Employed,462214,38517,4,Rural,No,Yes,Yes
5796,Maharashtra,80,Female,Secondary,Private,Student,506978,42248,1,Urban,Yes,No,No
5797,Delhi,31,Male,Higher Secondary,Student,Unemployed,437043,36420,2,Urban,No,Yes,No
5798,Gujarat,78,Male,Secondary,Government,Unemployed,399253,33271,7,Rural,Yes,No,No
5799,West Bengal,74,Female,Primary,Business,Employed,267980,22331,7,Urban,No,No,No
5800,Delhi,47,Female,Secondary,Unemployed,Unemployed,463354,38612,5,Urban,Yes,Yes,No
5801,West Bengal,80,Male,Secondary,Healthcare,Unemployed,390638,32553,8,Rural,No,No,No
5802,Punjab,58,Male,Graduate,Healthcare,Self-employed,371895,30991,4,Rural,No,Yes,Yes
5803,Tamil Nadu,18,Female,Higher Secondary,Labour,Student,503619,41968,4,Urban,No,Yes,No
5804,Delhi,40,Male,Graduate,Unemployed,Student,857718,71476,2,Urban,No,Yes,Yes
5805,Haryana,53,Female,Graduate,Unemployed,Student,60000,5000,8,Rural,No,Yes,Yes
5806,Uttar Pradesh,55,Male,Higher Secondary,Unemployed,Employed,453271,37772,3,Rural,Yes,No,No
5807,Rajasthan,22,Female,Primary,Healthcare,Unemployed,628246,52353,1,Urban,No,Yes,Yes
5808,Punjab,65,Male,Postgraduate,Farmer,Unemployed,418591,34882,4,Rural,Yes,Yes,No
5809,Karnataka,78,Female,Graduate,Unemployed,Employed,410816,34234,1,Rural,No,Yes,Yes
5810,Rajasthan,63,Female,Higher Secondary,Business,Self-employed,300367,25030,6,Rural,Yes,Yes,Yes
5811,Rajasthan,64,Female,Graduate,Private,Unemployed,252479,21039,7,Urban,No,Yes,No
5812,Uttar Pradesh,19,Female,Postgraduate,Student,Student,501263,41771,4,Urban,Yes,Yes,Yes
5813,Haryana,33,Male,Graduate,Engineer,Student,678768,56564,6,Urban,Yes,Yes,No
5814,Punjab,56,Female,Primary,Student,Unemployed,401696,33474,1,Rural,Yes,No,Yes
5815,Punjab,50,Male,Graduate,Business,Self-employed,531181,44265,3,Urban,No,No,No
5816,Maharashtra,70,Male,Graduate,Teacher,Student,422847,35237,2,Rural,Yes,No,Yes
5817,Haryana,48,Female,Graduate,Government,Student,732425,61035,6,Urban,No,No,No
5818,West Bengal,58,Female,Postgraduate,Teacher,Self-employed,433515,36126,8,Rural,Yes,No,No
5819,Maharashtra,29,Male,Postgraduate,Healthcare,Self-employed,706103,58841,3,Rural,No,Yes,Yes
5820,Gujarat,40,Female,Higher Secondary,Government,Employed,120296,10024,4,Rural,Yes,No,No
5821,Delhi,25,Female,Primary,Government,Unemployed,297283,24773,5,Rural,Yes,Yes,No
5822,Haryana,68,Male,Primary,Healthcare,Employed,680327,56693,7,Urban,No,No,No
5823,West Bengal,24,Male,Graduate,Business,Student,719288,59940,3,Rural,No,No,No
5824,Tamil Nadu,50,Female,Postgraduate,Farmer,Self-employed,619044,51587,7,Rural,No,No,Yes
5825,Maharashtra,59,Female,Secondary,Government,Employed,932428,77702,7,Rural,No,No,Yes
5826,Delhi,61,Female,Higher Secondary,Government,Student,609815,50817,2,Urban,No,No,Yes
5827,Delhi,24,Female,Graduate,Labour,Unemployed,634310,52859,2,Urban,Yes,No,No
5828,Rajasthan,53,Female,Secondary,Business,Unemployed,60000,5000,2,Urban,Yes,Yes,No
5829,Gujarat,75,Female,Graduate,Student,Self-employed,634570,52880,1,Urban,No,Yes,Yes
5830,West Bengal,38,Female,Postgraduate,Student,Employed,587011,48917,6,Urban,Yes,Yes,Yes
5831,Karnataka,74,Female,Graduate,Business,Self-employed,752784,62732,5,Rural,No,No,No
5832,Maharashtra,61,Male,Secondary,Private,Student,358437,29869,1,Urban,No,No,No
5833,Haryana,33,Female,Postgraduate,Unemployed,Unemployed,458985,38248,6,Urban,No,No,No
5834,Delhi,42,Female,Primary,Teacher,Unemployed,1100766,91730,5,Rural,No,Yes,Yes
5835,Karnataka,20,Male,Secondary,Student,Unemployed,490864,40905,8,Rural,Yes,No,No
5836,Tamil Nadu,30,Female,Primary,Student,Employed,727576,60631,3,Urban,No,No,Yes
5837,Punjab,55,Male,Postgraduate,Healthcare,Student,721651,60137,2,Urban,Yes,No,Yes
5838,Gujarat,36,Female,Postgraduate,Labour,Unemployed,631614,52634,4,Urban,No,Yes,No
5839,Rajasthan,63,Male,Graduate,Business,Student,560706,46725,6,Rural,Yes,No,Yes
5840,Haryana,29,Female,Graduate,Business,Employed,621990,51832,6,Rural,No,Yes,No
5841,Maharashtra,53,Female,Primary,Farmer,Employed,505969,42164,6,Urban,No,No,Yes
5842,West Bengal,45,Male,Postgraduate,Student,Student,711269,59272,6,Rural,No,Yes,No
5843,Haryana,29,Male,Primary,Teacher,Self-employed,668410,55700,4,Rural,Yes,No,No
5844,Maharashtra,68,Female,Graduate,Government,Unemployed,706471,58872,8,Rural,Yes,No,No
5845,Uttar Pradesh,45,Male,Graduate,Farmer,Self-employed,643830,53652,3,Urban,No,Yes,No
5846,Haryana,50,Male,Secondary,Government,Employed,456382,38031,3,Urban,No,No,No
5847,Maharashtra,28,Female,Primary,Unemployed,Student,623820,51985,1,Urban,Yes,No,Yes
5848,Rajasthan,29,Male,Graduate,Farmer,Unemployed,815753,67979,4,Rural,No,Yes,No
5849,Rajasthan,20,Female,Graduate,Government,Self-employed,664818,55401,1,Rural,Yes,No,Yes
5850,Delhi,77,Female,Graduate,Unemployed,Unemployed,507316,42276,4,Rural,Yes,No,No
5851,Haryana,61,Male,Secondary,Private,Student,201916,16826,2,Urban,No,No,No
5852,Punjab,77,Female,Graduate,Healthcare,Self-employed,720698,60058,8,Urban,Yes,No,No
5853,Rajasthan,73,Female,Secondary,Farmer,Unemployed,343235,28602,7,Urban,No,Yes,Yes
5854,Haryana,80,Male,Primary,Engineer,Unemployed,488059,40671,1,Urban,No,No,No
5855,Uttar Pradesh,71,Male,Postgraduate,Engineer,Self-employed,622549,51879,5,Rural,Yes,No,Yes
5856,Haryana,48,Male,Postgraduate,Farmer,Self-employed,470498,39208,3,Rural,Yes,No,No
5857,Uttar Pradesh,66,Male,Primary,Unemployed,Unemployed,418351,34862,7,Rural,Yes,No,No
5858,Haryana,40,Female,Primary,Engineer,Student,497308,41442,4,Urban,No,Yes,No
5859,Punjab,62,Female,Postgraduate,Government,Unemployed,264187,22015,4,Rural,Yes,Yes,No
5860,Uttar Pradesh,67,Male,Postgraduate,Unemployed,Student,500412,41701,6,Urban,No,No,Yes
5861,Rajasthan,44,Male,Secondary,Student,Employed,289654,24137,1,Urban,No,No,No
5862,Uttar Pradesh,26,Male,Primary,Private,Student,567622,47301,5,Urban,No,No,Yes
5863,Karnataka,23,Female,Graduate,Farmer,Self-employed,570798,47566,3,Rural,Yes,Yes,Yes
5864,Gujarat,25,Male,Primary,Business,Employed,476027,39668,4,Rural,No,Yes,Yes
5865,Uttar Pradesh,58,Male,Secondary,Labour,Self-employed,620781,51731,4,Rural,Yes,No,Yes
5866,Rajasthan,27,Male,Higher Secondary,Student,Student,482923,40243,6,Urban,No,Yes,No
5867,Rajasthan,76,Male,Primary,Teacher,Unemployed,1236588,103049,1,Urban,Yes,No,No
5868,Maharashtra,42,Male,Postgraduate,Farmer,Student,1122228,93519,2,Urban,Yes,Yes,Yes
5869,Haryana,24,Female,Primary,Labour,Student,354423,29535,6,Urban,No,No,No
5870,Gujarat,76,Female,Secondary,Unemployed,Employed,744423,62035,7,Urban,Yes,Yes,No
5871,Punjab,45,Male,Graduate,Business,Unemployed,471568,39297,3,Urban,Yes,No,No
5872,Haryana,26,Female,Higher Secondary,Teacher,Self-employed,563236,46936,5,Urban,No,Yes,Yes
5873,Punjab,64,Female,Graduate,Engineer,Unemployed,300686,25057,2,Rural,No,No,No
5874,West Bengal,47,Male,Secondary,Engineer,Student,345650,28804,1,Urban,Yes,Yes,No
5875,Rajasthan,21,Female,Primary,Student,Employed,281661,23471,1,Rural,Yes,No,Yes
5876,Karnataka,41,Male,Graduate,Unemployed,Unemployed,557295,46441,8,Rural,No,No,Yes
5877,Punjab,74,Male,Postgraduate,Government,Self-employed,362884,30240,3,Urban,No,Yes,Yes
5878,Rajasthan,31,Male,Primary,Labour,Employed,329026,27418,3,Rural,No,Yes,No
5879,Tamil Nadu,29,Male,Primary,Labour,Unemployed,443945,36995,7,Urban,Yes,No,No
5880,Delhi,52,Female,Higher Secondary,Government,Student,179684,14973,1,Rural,Yes,Yes,No
5881,Punjab,50,Female,Secondary,Private,Unemployed,481643,40136,2,Urban,No,No,No
5882,Tamil Nadu,41,Male,Primary,Government,Student,704277,58689,7,Rural,No,Yes,No
5883,Uttar Pradesh,30,Female,Primary,Teacher,Student,484466,40372,5,Urban,No,Yes,Yes
5884,Gujarat,41,Female,Primary,Engineer,Self-employed,283415,23617,4,Rural,No,Yes,No
5885,West Bengal,76,Male,Postgraduate,Labour,Employed,110462,9205,4,Rural,No,No,No
5886,Delhi,58,Female,Higher Secondary,Student,Self-employed,621608,51800,5,Urban,No,No,No
5887,Punjab,19,Male,Secondary,Farmer,Unemployed,228689,19057,8,Rural,No,No,No
5888,Punjab,66,Male,Primary,Healthcare,Self-employed,515458,42954,8,Urban,Yes,No,Yes
5889,Maharashtra,74,Male,Secondary,Farmer,Employed,520881,43406,2,Urban,Yes,No,No
5890,Gujarat,21,Male,Postgraduate,Private,Self-employed,839026,69918,8,Rural,Yes,No,Yes
5891,Maharashtra,25,Female,Postgraduate,Student,Self-employed,487323,40610,3,Rural,Yes,No,No
5892,Delhi,62,Female,Graduate,Private,Self-employed,418829,34902,8,Rural,Yes,No,Yes
5893,Rajasthan,19,Female,Higher Secondary,Unemployed,Self-employed,258863,21571,7,Rural,Yes,No,Yes
5894,Haryana,55,Male,Secondary,Business,Student,439293,36607,2,Rural,No,Yes,No
5895,Maharashtra,44,Female,Primary,Private,Employed,657105,54758,4,Urban,Yes,No,No
5896,Gujarat,77,Female,Postgraduate,Teacher,Unemployed,85197,7099,8,Urban,No,Yes,Yes
5897,Tamil Nadu,44,Male,Secondary,Engineer,Student,585065,48755,6,Urban,No,Yes,Yes
5898,Haryana,63,Female,Postgraduate,Farmer,Employed,578137,48178,3,Urban,Yes,No,Yes
5899,Maharashtra,73,Female,Higher Secondary,Student,Student,604690,50390,2,Rural,No,Yes,No
5900,Tamil Nadu,58,Female,Postgraduate,Labour,Self-employed,459425,38285,8,Rural,No,No,No
5901,Haryana,21,Male,Postgraduate,Labour,Self-employed,787524,65627,4,Urban,Yes,Yes,No
5902,Gujarat,26,Male,Higher Secondary,Student,Employed,640633,53386,4,Rural,No,No,No
5903,Punjab,65,Female,Graduate,Government,Self-employed,661629,55135,6,Rural,Yes,Yes,Yes
5904,Tamil Nadu,30,Female,Primary,Farmer,Self-employed,296018,24668,6,Rural,No,No,No
5905,Karnataka,75,Female,Higher Secondary,Unemployed,Employed,316850,26404,8,Rural,Yes,Yes,Yes
5906,Rajasthan,66,Male,Postgraduate,Healthcare,Unemployed,870270,72522,8,Urban,No,No,No
5907,Gujarat,30,Male,Graduate,Unemployed,Self-employed,492430,41035,8,Urban,No,Yes,Yes
5908,Delhi,32,Male,Postgraduate,Healthcare,Unemployed,578826,48235,1,Urban,No,Yes,Yes
5909,Punjab,73,Male,Higher Secondary,Labour,Unemployed,316447,26370,6,Urban,Yes,No,No
5910,Karnataka,44,Female,Higher Secondary,Teacher,Student,809454,67454,3,Rural,No,Yes,No
5911,Delhi,72,Male,Secondary,Farmer,Student,99266,8272,6,Rural,Yes,Yes,No
5912,Maharashtra,18,Male,Primary,Labour,Employed,296619,24718,4,Rural,No,Yes,Yes
5913,Gujarat,31,Male,Graduate,Teacher,Unemployed,404463,33705,3,Urban,No,No,Yes
5914,Haryana,24,Male,Secondary,Farmer,Student,530274,44189,5,Rural,Yes,No,No
5915,Delhi,35,Male,Secondary,Labour,Student,230662,19221,7,Rural,Yes,Yes,No
5916,Gujarat,48,Male,Primary,Engineer,Unemployed,400136,33344,5,Rural,Yes,No,Yes
5917,Rajasthan,52,Male,Primary,Farmer,Unemployed,669082,55756,7,Urban,Yes,No,Yes
5918,Haryana,23,Male,Secondary,Private,Unemployed,568257,47354,2,Urban,Yes,Yes,Yes
5919,Punjab,36,Male,Postgraduate,Farmer,Student,235199,19599,4,Rural,Yes,Yes,No
5920,Haryana,44,Female,Secondary,Student,Self-employed,778348,64862,4,Rural,Yes,No,No
5921,Punjab,37,Female,Primary,Healthcare,Student,345397,28783,3,Rural,No,No,No
5922,Uttar Pradesh,57,Male,Higher Secondary,Labour,Unemployed,904493,75374,5,Urban,No,No,No
5923,Haryana,51,Female,Postgraduate,Government,Unemployed,608117,50676,6,Urban,Yes,Yes,No
5924,Uttar Pradesh,19,Female,Secondary,Farmer,Self-employed,378977,31581,3,Urban,Yes,No,No
5925,Gujarat,56,Male,Graduate,Farmer,Employed,583712,48642,8,Rural,No,Yes,Yes
5926,Maharashtra,66,Female,Graduate,Unemployed,Student,85208,7100,2,Rural,No,Yes,No
5927,Rajasthan,49,Male,Primary,Business,Employed,778009,64834,1,Rural,Yes,No,Yes
5928,Gujarat,39,Female,Higher Secondary,Business,Student,307244,25603,8,Rural,No,No,Yes
5929,Gujarat,50,Male,Secondary,Farmer,Unemployed,455687,37973,1,Urban,No,Yes,No
5930,West Bengal,51,Female,Secondary,Engineer,Student,291269,24272,5,Rural,No,Yes,No
5931,Punjab,48,Female,Graduate,Farmer,Student,305298,25441,3,Rural,No,No,No
5932,Rajasthan,67,Female,Primary,Healthcare,Self-employed,735002,61250,4,Urban,No,No,Yes
5933,Tamil Nadu,64,Female,Primary,Business,Employed,354799,29566,5,Urban,Yes,Yes,No
5934,Haryana,45,Female,Postgraduate,Labour,Unemployed,323445,26953,5,Rural,No,No,No
5935,Gujarat,43,Female,Graduate,Private,Employed,626036,52169,4,Urban,Yes,Yes,No
5936,Punjab,73,Male,Higher Secondary,Student,Unemployed,513255,42771,3,Rural,Yes,Yes,Yes
5937,Maharashtra,21,Female,Primary,Labour,Student,301877,25156,4,Rural,No,No,Yes
5938,Tamil Nadu,26,Female,Postgraduate,Student,Unemployed,523290,43607,6,Urban,Yes,Yes,No
5939,West Bengal,63,Female,Primary,Engineer,Self-employed,702989,58582,3,Rural,No,Yes,No
5940,Tamil Nadu,48,Female,Secondary,Unemployed,Unemployed,530885,44240,1,Urban,No,No,Yes
5941,Maharashtra,44,Female,Secondary,Healthcare,Unemployed,403231,33602,2,Rural,No,Yes,No
5942,Karnataka,29,Male,Secondary,Teacher,Student,798994,66582,6,Urban,Yes,No,No
5943,Haryana,39,Male,Higher Secondary,Private,Student,718655,59887,2,Rural,No,No,Yes
5944,Rajasthan,18,Male,Primary,Engineer,Student,322268,26855,4,Rural,No,No,Yes
5945,Uttar Pradesh,73,Male,Graduate,Labour,Employed,601215,50101,5,Rural,No,No,Yes
5946,Delhi,75,Male,Higher Secondary,Student,Self-employed,929166,77430,2,Urban,No,Yes,Yes
5947,Haryana,62,Male,Secondary,Government,Self-employed,664963,55413,3,Rural,No,No,No
5948,Punjab,24,Female,Secondary,Private,Self-employed,746883,62240,3,Urban,Yes,Yes,Yes
5949,Punjab,76,Female,Secondary,Government,Employed,491951,40995,5,Rural,Yes,No,No
5950,Uttar Pradesh,55,Female,Higher Secondary,Business,Student,344157,28679,1,Rural,No,Yes,Yes
5951,Karnataka,55,Male,Primary,Teacher,Student,591173,49264,3,Rural,Yes,Yes,No
5952,Rajasthan,30,Male,Graduate,Unemployed,Self-employed,209773,17481,1,Rural,No,No,Yes
5953,Haryana,63,Male,Postgraduate,Healthcare,Employed,279394,23282,4,Urban,No,No,No
5954,West Bengal,53,Female,Secondary,Business,Self-employed,579182,48265,6,Urban,Yes,No,Yes
5955,Delhi,33,Male,Secondary,Farmer,Unemployed,105229,8769,5,Urban,No,No,No
5956,Karnataka,23,Male,Higher Secondary,Engineer,Unemployed,238811,19900,4,Urban,Yes,No,No
5957,Maharashtra,64,Female,Postgraduate,Student,Student,480812,40067,7,Urban,No,Yes,Yes
5958,Karnataka,20,Male,Primary,Farmer,Student,813141,67761,3,Rural,Yes,No,No
5959,Rajasthan,47,Male,Secondary,Business,Self-employed,485556,40463,2,Rural,Yes,No,Yes
5960,Punjab,25,Male,Higher Secondary,Student,Self-employed,236418,19701,3,Urban,Yes,No,No
5961,Punjab,44,Female,Secondary,Private,Student,115838,9653,2,Urban,No,No,Yes
5962,Maharashtra,35,Female,Postgraduate,Business,Unemployed,376464,31372,5,Urban,Yes,Yes,No
5963,Punjab,59,Male,Higher Secondary,Teacher,Unemployed,1017686,84807,4,Rural,Yes,Yes,Yes
5964,Delhi,54,Female,Secondary,Student,Student,647113,53926,7,Rural,Yes,No,Yes
5965,Gujarat,44,Female,Primary,Business,Unemployed,720978,60081,3,Urban,Yes,Yes,Yes
5966,Delhi,64,Female,Primary,Farmer,Unemployed,225786,18815,1,Rural,No,No,Yes
5967,Punjab,70,Female,Postgraduate,Student,Unemployed,751001,62583,1,Urban,Yes,No,Yes
5968,Delhi,27,Male,Higher Secondary,Teacher,Unemployed,119957,9996,5,Rural,Yes,No,Yes
5969,West Bengal,70,Male,Secondary,Unemployed,Student,337767,28147,5,Urban,No,No,No
5970,Punjab,64,Male,Primary,Teacher,Employed,837333,69777,5,Urban,Yes,Yes,No
5971,Uttar Pradesh,41,Female,Higher Secondary,Labour,Employed,314879,26239,8,Rural,Yes,Yes,No
5972,Delhi,41,Female,Higher Secondary,Healthcare,Self-employed,60000,5000,6,Urban,No,No,No
5973,Gujarat,50,Male,Secondary,Farmer,Employed,584655,48721,5,Urban,Yes,Yes,No
5974,West Bengal,60,Female,Primary,Labour,Self-employed,508147,42345,5,Rural,Yes,Yes,Yes
5975,Punjab,42,Male,Higher Secondary,Teacher,Student,522985,43582,1,Rural,No,No,No
5976,Tamil Nadu,55,Female,Higher Secondary,Private,Unemployed,400253,33354,1,Rural,No,No,Yes
5977,Gujarat,74,Female,Primary,Business,Unemployed,440731,36727,1,Rural,Yes,Yes,Yes
5978,Maharashtra,78,Male,Graduate,Healthcare,Student,698913,58242,1,Urban,No,No,Yes
5979,Gujarat,64,Male,Higher Secondary,Business,Student,420258,35021,6,Rural,Yes,No,No
5980,Delhi,76,Male,Higher Secondary,Farmer,Unemployed,437058,36421,3,Urban,Yes,No,No
5981,Rajasthan,22,Female,Postgraduate,Farmer,Unemployed,631070,52589,3,Rural,Yes,No,Yes
5982,Uttar Pradesh,47,Male,Secondary,Private,Student,565290,47107,5,Urban,No,Yes,Yes
5983,Karnataka,59,Female,Postgraduate,Healthcare,Self-employed,802178,66848,1,Urban,Yes,Yes,No
5984,Delhi,30,Male,Secondary,Farmer,Unemployed,964501,80375,6,Rural,No,No,No
5985,Tamil Nadu,66,Male,Primary,Student,Student,611787,50982,4,Urban,No,No,No
5986,West Bengal,69,Female,Postgraduate,Unemployed,Unemployed,655776,54648,4,Urban,No,No,No
5987,West Bengal,50,Male,Primary,Private,Employed,397718,33143,2,Rural,No,No,No
5988,Uttar Pradesh,48,Female,Postgraduate,Government,Self-employed,551672,45972,4,Rural,No,Yes,Yes
5989,Karnataka,56,Female,Higher Secondary,Unemployed,Self-employed,412655,34387,7,Rural,No,Yes,Yes
5990,Delhi,63,Female,Postgraduate,Healthcare,Student,463314,38609,4,Urban,No,No,Yes
5991,Uttar Pradesh,60,Male,Primary,Engineer,Unemployed,108342,9028,2,Urban,No,Yes,No
5992,Rajasthan,63,Male,Higher Secondary,Business,Employed,397738,33144,7,Rural,No,No,No
5993,Rajasthan,69,Female,Graduate,Labour,Student,367903,30658,2,Urban,No,Yes,Yes
5994,Uttar Pradesh,50,Male,Primary,Farmer,Unemployed,607601,50633,4,Rural,No,Yes,Yes
5995,Karnataka,32,Female,Secondary,Teacher,Unemployed,328593,27382,4,Rural,No,Yes,Yes
5996,Tamil Nadu,40,Female,Postgraduate,Private,Employed,361849,30154,1,Urban,Yes,Yes,Yes
5997,Delhi,70,Male,Primary,Student,Unemployed,321291,26774,8,Rural,Yes,Yes,No
5998,Gujarat,42,Male,Postgraduate,Government,Student,60000,5000,3,Urban,Yes,Yes,No
5999,Delhi,45,Female,Primary,Government,Unemployed,475200,39600,6,Urban,Yes,No,No
6000,Haryana,55,Male,Graduate,Teacher,Unemployed,60000,5000,6,Rural,No,Yes,No
6001,Tamil Nadu,72,Male,Secondary,Business,Self-employed,623414,51951,3,Urban,No,Yes,No
6002,Rajasthan,77,Female,Postgraduate,Unemployed,Unemployed,861692,71807,4,Rural,Yes,Yes,Yes
6003,West Bengal,80,Female,Higher Secondary,Engineer,Student,846291,70524,7,Urban,No,Yes,No
6004,Punjab,64,Male,Graduate,Student,Self-employed,75903,6325,1,Rural,Yes,Yes,Yes
6005,Maharashtra,33,Male,Postgraduate,Farmer,Employed,303691,25307,7,Rural,Yes,No,Yes
6006,Delhi,29,Female,Higher Secondary,Farmer,Unemployed,588214,49017,3,Urban,Yes,Yes,No
6007,Maharashtra,61,Female,Graduate,Engineer,Student,380181,31681,5,Rural,Yes,No,Yes
6008,Punjab,21,Male,Primary,Labour,Unemployed,473301,39441,3,Rural,Yes,Yes,Yes
6009,West Bengal,33,Male,Secondary,Labour,Self-employed,512104,42675,5,Rural,Yes,No,No
6010,Tamil Nadu,41,Female,Graduate,Healthcare,Student,715057,59588,2,Rural,Yes,No,No
6011,Delhi,69,Female,Secondary,Engineer,Employed,474454,39537,5,Urban,No,No,Yes
6012,Uttar Pradesh,24,Female,Secondary,Business,Employed,709150,59095,8,Rural,Yes,Yes,Yes
6013,Maharashtra,35,Female,Postgraduate,Business,Unemployed,68416,5701,4,Urban,Yes,No,No
6014,Haryana,61,Female,Primary,Student,Unemployed,705431,58785,8,Rural,Yes,Yes,No
6015,Haryana,77,Male,Graduate,Healthcare,Student,479233,39936,4,Rural,No,Yes,Yes
6016,Maharashtra,57,Female,Secondary,Student,Student,741102,61758,3,Rural,Yes,Yes,No
6017,Tamil Nadu,19,Female,Higher Secondary,Unemployed,Student,1013958,84496,8,Rural,Yes,Yes,Yes
6018,West Bengal,67,Female,Postgraduate,Government,Student,606170,50514,1,Urban,No,Yes,No
6019,Haryana,71,Male,Primary,Government,Student,60000,5000,6,Urban,Yes,Yes,Yes
6020,Delhi,45,Male,Primary,Teacher,Student,426811,35567,3,Rural,Yes,No,Yes
6021,Punjab,25,Male,Higher Secondary,Unemployed,Unemployed,60000,5000,2,Rural,No,Yes,No
6022,Delhi,28,Male,Primary,Farmer,Employed,265400,22116,3,Rural,Yes,Yes,No
6023,Rajasthan,20,Male,Graduate,Engineer,Employed,246238,20519,2,Urban,Yes,Yes,No
6024,Punjab,71,Male,Higher Secondary,Teacher,Student,60000,5000,1,Urban,Yes,Yes,No
6025,Delhi,65,Male,Primary,Student,Student,675315,56276,3,Rural,Yes,No,No
6026,Gujarat,32,Male,Secondary,Engineer,Employed,451840,37653,7,Urban,Yes,Yes,Yes
6027,Maharashtra,26,Male,Primary,Teacher,Student,693795,57816,3,Urban,Yes,No,Yes
6028,Maharashtra,55,Male,Primary,Healthcare,Unemployed,309622,25801,7,Rural,Yes,Yes,No
6029,Uttar Pradesh,60,Male,Primary,Government,Unemployed,356593,29716,8,Urban,Yes,Yes,No
6030,Punjab,75,Male,Primary,Business,Student,603505,50292,5,Rural,Yes,Yes,No
6031,Rajasthan,56,Female,Higher Secondary,Government,Self-employed,579555,48296,1,Urban,No,Yes,No
6032,Tamil Nadu,56,Male,Postgraduate,Teacher,Unemployed,588850,49070,2,Rural,No,No,Yes
6033,Delhi,74,Female,Secondary,Teacher,Employed,276126,23010,4,Rural,Yes,No,No
6034,Karnataka,25,Male,Graduate,Farmer,Employed,786980,65581,2,Urban,No,No,Yes
6035,Uttar Pradesh,62,Female,Secondary,Teacher,Employed,60000,5000,1,Rural,Yes,Yes,No
6036,Gujarat,76,Male,Secondary,Farmer,Employed,892190,74349,4,Urban,Yes,Yes,No
6037,Delhi,73,Female,Postgraduate,Business,Employed,894939,74578,5,Urban,No,No,No
6038,Delhi,53,Male,Graduate,Government,Employed,865753,72146,6,Rural,No,Yes,Yes
6039,Punjab,35,Female,Graduate,Unemployed,Unemployed,1012371,84364,5,Rural,No,Yes,Yes
6040,Tamil Nadu,30,Female,Higher Secondary,Teacher,Self-employed,197112,16426,1,Urban,Yes,Yes,Yes
6041,Haryana,62,Male,Higher Secondary,Unemployed,Student,696165,58013,5,Rural,No,Yes,Yes
6042,Uttar Pradesh,21,Female,Graduate,Engineer,Self-employed,573926,47827,6,Urban,No,Yes,No
6043,Rajasthan,55,Male,Graduate,Labour,Self-employed,426015,35501,6,Rural,No,No,No
6044,Maharashtra,26,Female,Higher Secondary,Student,Employed,64500,5375,4,Urban,No,No,No
6045,Delhi,45,Female,Secondary,Business,Student,628763,52396,4,Rural,Yes,Yes,Yes
6046,Gujarat,55,Female,Primary,Business,Self-employed,930185,77515,5,Urban,No,Yes,No
6047,Punjab,49,Female,Primary,Government,Employed,205407,17117,8,Rural,No,Yes,No
6048,Gujarat,41,Female,Higher Secondary,Farmer,Employed,60000,5000,4,Urban,No,Yes,No
6049,Rajasthan,35,Female,Higher Secondary,Student,Employed,566325,47193,7,Urban,Yes,Yes,No
6050,Karnataka,37,Male,Higher Secondary,Healthcare,Unemployed,60000,5000,6,Rural,Yes,No,No
6051,Punjab,42,Male,Graduate,Private,Employed,148172,12347,6,Rural,No,No,No
6052,Uttar Pradesh,60,Male,Postgraduate,Teacher,Unemployed,603237,50269,2,Urban,No,Yes,No
6053,Haryana,67,Female,Secondary,Unemployed,Student,556100,46341,8,Rural,No,No,Yes
6054,Delhi,68,Female,Secondary,Labour,Employed,965730,80477,6,Rural,No,Yes,No
6055,Gujarat,22,Female,Higher Secondary,Student,Self-employed,946926,78910,6,Urban,Yes,No,Yes
6056,Delhi,32,Male,Secondary,Healthcare,Student,639446,53287,2,Urban,Yes,Yes,Yes
6057,Delhi,74,Male,Secondary,Business,Self-employed,883738,73644,7,Rural,No,No,Yes
6058,West Bengal,42,Female,Graduate,Labour,Unemployed,772892,64407,2,Urban,No,Yes,No
6059,West Bengal,77,Female,Secondary,Farmer,Employed,474716,39559,6,Rural,Yes,Yes,No
6060,Maharashtra,57,Male,Graduate,Private,Unemployed,400417,33368,5,Rural,No,Yes,Yes
6061,Tamil Nadu,26,Female,Primary,Business,Self-employed,321134,26761,7,Urban,Yes,No,Yes
6062,Tamil Nadu,40,Male,Higher Secondary,Student,Unemployed,174449,14537,8,Urban,No,Yes,Yes
6063,Gujarat,53,Female,Secondary,Engineer,Employed,692448,57704,3,Rural,Yes,No,Yes
6064,Maharashtra,23,Male,Primary,Student,Self-employed,493702,41141,3,Urban,No,Yes,Yes
6065,Delhi,45,Male,Postgraduate,Student,Student,95767,7980,8,Urban,No,Yes,No
6066,Delhi,64,Male,Secondary,Teacher,Unemployed,975192,81266,7,Rural,No,No,Yes
6067,Maharashtra,18,Male,Primary,Private,Student,651960,54330,7,Rural,Yes,No,No
6068,Maharashtra,31,Male,Primary,Healthcare,Employed,519259,43271,8,Urban,Yes,Yes,Yes
6069,Delhi,78,Male,Primary,Farmer,Employed,849696,70808,3,Rural,Yes,No,Yes
6070,Rajasthan,65,Female,Graduate,Labour,Unemployed,738661,61555,8,Rural,Yes,No,Yes
6071,Maharashtra,20,Male,Graduate,Unemployed,Unemployed,693911,57825,1,Rural,No,No,Yes
6072,Uttar Pradesh,57,Female,Postgraduate,Government,Employed,229374,19114,7,Urban,Yes,Yes,Yes
6073,Uttar Pradesh,79,Male,Graduate,Labour,Unemployed,851246,70937,3,Urban,No,Yes,Yes
6074,Delhi,73,Female,Postgraduate,Business,Employed,900303,75025,8,Urban,No,Yes,Yes
6075,Punjab,29,Male,Postgraduate,Healthcare,Self-employed,380920,31743,8,Urban,No,Yes,Yes
6076,West Bengal,65,Female,Primary,Business,Employed,633320,52776,3,Rural,No,Yes,Yes
6077,Rajasthan,67,Male,Secondary,Engineer,Self-employed,507552,42296,1,Rural,Yes,No,Yes
6078,Punjab,67,Male,Graduate,Government,Employed,765171,63764,5,Urban,No,No,No
6079,Gujarat,57,Female,Secondary,Labour,Employed,369879,30823,7,Rural,No,No,Yes
6080,West Bengal,68,Female,Higher Secondary,Business,Employed,511910,42659,2,Urban,No,Yes,No
6081,Gujarat,69,Male,Primary,Farmer,Student,508509,42375,3,Rural,Yes,No,No
6082,Karnataka,59,Female,Secondary,Farmer,Unemployed,323965,26997,8,Urban,Yes,No,No
6083,Karnataka,30,Female,Primary,Business,Employed,808570,67380,2,Rural,Yes,Yes,No
6084,Uttar Pradesh,50,Female,Primary,Student,Employed,741139,61761,8,Rural,No,Yes,Yes
6085,Tamil Nadu,29,Female,Primary,Unemployed,Unemployed,614338,51194,2,Urban,No,No,Yes
6086,West Bengal,72,Male,Higher Secondary,Private,Self-employed,997674,83139,7,Urban,Yes,No,Yes
6087,Tamil Nadu,34,Male,Primary,Farmer,Employed,285461,23788,4,Urban,Yes,No,Yes
6088,West Bengal,32,Male,Graduate,Government,Employed,703741,58645,7,Urban,No,Yes,Yes
6089,Uttar Pradesh,30,Male,Higher Secondary,Student,Employed,846539,70544,8,Urban,Yes,Yes,Yes
6090,Rajasthan,42,Male,Postgraduate,Unemployed,Unemployed,425312,35442,5,Urban,No,No,Yes
6091,Haryana,62,Female,Secondary,Private,Unemployed,759389,63282,6,Urban,No,No,Yes
6092,Karnataka,48,Male,Higher Secondary,Labour,Self-employed,481785,40148,6,Rural,Yes,No,Yes
6093,Gujarat,73,Female,Graduate,Healthcare,Employed,434537,36211,6,Urban,Yes,No,Yes
6094,Tamil Nadu,31,Male,Primary,Private,Employed,468537,39044,4,Urban,No,No,No
6095,Maharashtra,35,Female,Graduate,Labour,Self-employed,948004,79000,8,Rural,Yes,No,No
6096,Tamil Nadu,71,Female,Graduate,Farmer,Employed,991139,82594,3,Urban,Yes,Yes,Yes
6097,Uttar Pradesh,19,Female,Graduate,Healthcare,Unemployed,60000,5000,7,Urban,Yes,No,No
6098,Gujarat,43,Female,Graduate,Labour,Self-employed,587083,48923,5,Rural,Yes,Yes,Yes
6099,Karnataka,23,Male,Graduate,Labour,Employed,557288,46440,5,Rural,No,No,No
6100,Uttar Pradesh,65,Male,Graduate,Government,Unemployed,770335,64194,3,Urban,Yes,Yes,Yes
6101,Maharashtra,30,Female,Secondary,Labour,Unemployed,754596,62883,3,Urban,No,No,No
6102,Rajasthan,20,Male,Higher Secondary,Private,Self-employed,850939,70911,8,Urban,Yes,Yes,Yes
6103,Rajasthan,79,Male,Secondary,Student,Student,176531,14710,1,Urban,No,Yes,No
6104,Uttar Pradesh,27,Female,Graduate,Labour,Self-employed,754801,62900,5,Rural,No,Yes,No
6105,West Bengal,42,Female,Secondary,Healthcare,Unemployed,478120,39843,8,Rural,Yes,No,Yes
6106,Rajasthan,42,Female,Higher Secondary,Student,Self-employed,651301,54275,3,Rural,No,Yes,Yes
6107,Karnataka,50,Female,Postgraduate,Teacher,Unemployed,523951,43662,3,Rural,Yes,Yes,No
6108,Uttar Pradesh,61,Female,Graduate,Private,Unemployed,863202,71933,8,Urban,Yes,No,Yes
6109,Karnataka,19,Female,Postgraduate,Labour,Student,931274,77606,1,Rural,No,Yes,Yes
6110,West Bengal,60,Male,Secondary,Business,Employed,507839,42319,4,Urban,No,No,No
6111,Karnataka,31,Female,Primary,Farmer,Employed,704396,58699,2,Urban,No,No,No
6112,Maharashtra,29,Male,Higher Secondary,Unemployed,Employed,624835,52069,4,Rural,Yes,Yes,Yes
6113,West Bengal,35,Female,Graduate,Healthcare,Self-employed,484340,40361,2,Rural,No,Yes,Yes
6114,Haryana,75,Female,Postgraduate,Business,Employed,382522,31876,6,Urban,Yes,No,No
6115,West Bengal,79,Male,Higher Secondary,Student,Student,354231,29519,2,Rural,No,No,Yes
6116,Maharashtra,47,Male,Graduate,Government,Unemployed,1025030,85419,4,Rural,Yes,Yes,Yes
6117,Uttar Pradesh,67,Male,Graduate,Labour,Student,365495,30457,4,Rural,No,No,Yes
6118,Delhi,47,Female,Primary,Unemployed,Self-employed,787796,65649,2,Urban,Yes,No,Yes
6119,Tamil Nadu,32,Male,Graduate,Healthcare,Unemployed,644208,53684,5,Rural,Yes,Yes,Yes
6120,Maharashtra,59,Male,Secondary,Unemployed,Unemployed,615746,51312,2,Urban,Yes,Yes,Yes
6121,Maharashtra,37,Female,Postgraduate,Farmer,Employed,794792,66232,3,Rural,No,No,Yes
6122,Punjab,41,Female,Higher Secondary,Government,Employed,551775,45981,7,Urban,Yes,No,Yes
6123,Maharashtra,53,Female,Primary,Private,Employed,524592,43716,7,Rural,No,Yes,No
6124,Maharashtra,60,Female,Higher Secondary,Engineer,Employed,463063,38588,8,Urban,Yes,No,Yes
6125,Karnataka,23,Female,Higher Secondary,Unemployed,Employed,224597,18716,1,Rural,Yes,No,No
6126,Gujarat,69,Female,Primary,Student,Self-employed,413488,34457,4,Urban,No,No,No
6127,Rajasthan,72,Male,Higher Secondary,Government,Unemployed,543521,45293,7,Urban,No,Yes,No
6128,Uttar Pradesh,68,Male,Higher Secondary,Business,Unemployed,272560,22713,4,Rural,No,Yes,Yes
6129,Karnataka,34,Male,Postgraduate,Engineer,Employed,804439,67036,5,Rural,Yes,No,Yes
6130,Karnataka,24,Male,Graduate,Farmer,Student,563809,46984,5,Rural,No,No,No
6131,Uttar Pradesh,29,Female,Secondary,Healthcare,Student,218130,18177,2,Rural,No,Yes,No
6132,Punjab,79,Female,Graduate,Engineer,Student,508755,42396,7,Rural,Yes,Yes,Yes
6133,Gujarat,51,Male,Postgraduate,Student,Self-employed,441970,36830,7,Rural,No,No,Yes
6134,Rajasthan,20,Female,Graduate,Business,Employed,616721,51393,7,Rural,No,No,Yes
6135,Haryana,40,Male,Postgraduate,Engineer,Employed,456499,38041,2,Urban,Yes,Yes,Yes
6136,Maharashtra,44,Male,Primary,Business,Self-employed,60000,5000,6,Urban,No,No,No
6137,Rajasthan,65,Male,Higher Secondary,Government,Self-employed,189310,15775,5,Rural,Yes,Yes,Yes
6138,West Bengal,80,Male,Graduate,Healthcare,Employed,872870,72739,7,Urban,Yes,No,No
6139,Rajasthan,41,Female,Secondary,Unemployed,Student,463464,38622,2,Urban,Yes,No,Yes
6140,Maharashtra,73,Female,Primary,Teacher,Self-employed,432771,36064,7,Rural,No,Yes,Yes
6141,Delhi,76,Female,Secondary,Farmer,Self-employed,530878,44239,3,Urban,No,No,Yes
6142,Delhi,67,Male,Graduate,Government,Unemployed,124841,10403,2,Urban,Yes,Yes,No
6143,Maharashtra,58,Male,Higher Secondary,Unemployed,Self-employed,97181,8098,5,Urban,Yes,No,Yes
6144,Punjab,78,Female,Graduate,Government,Employed,504855,42071,4,Rural,Yes,Yes,No
6145,Rajasthan,65,Male,Higher Secondary,Teacher,Unemployed,534796,44566,4,Rural,Yes,No,No
6146,Delhi,52,Female,Primary,Student,Self-employed,817774,68147,1,Rural,No,No,No
6147,Gujarat,77,Male,Postgraduate,Healthcare,Unemployed,192724,16060,5,Urban,Yes,No,No
6148,Maharashtra,76,Male,Graduate,Labour,Self-employed,858040,71503,5,Urban,Yes,Yes,Yes
6149,Punjab,27,Male,Primary,Labour,Self-employed,623825,51985,7,Rural,No,Yes,No
6150,Punjab,72,Male,Secondary,Government,Self-employed,60000,5000,7,Urban,No,Yes,No
6151,Gujarat,25,Male,Postgraduate,Labour,Student,381606,31800,6,Urban,No,No,No
6152,West Bengal,51,Female,Secondary,Private,Student,300125,25010,1,Urban,No,No,No
6153,Punjab,29,Male,Primary,Labour,Unemployed,307756,25646,8,Urban,Yes,Yes,Yes
6154,Punjab,51,Male,Graduate,Labour,Self-employed,199578,16631,1,Rural,Yes,Yes,Yes
6155,Punjab,24,Male,Graduate,Farmer,Employed,691173,57597,8,Urban,Yes,No,No
6156,Haryana,46,Female,Postgraduate,Teacher,Employed,609000,50750,3,Urban,No,Yes,Yes
6157,Uttar Pradesh,31,Female,Secondary,Private,Employed,617369,51447,1,Rural,No,Yes,Yes
6158,Gujarat,49,Female,Primary,Farmer,Unemployed,545625,45468,7,Rural,No,No,Yes
6159,Maharashtra,49,Female,Graduate,Healthcare,Unemployed,798868,66572,5,Rural,Yes,No,No
6160,Delhi,77,Female,Graduate,Government,Unemployed,241268,20105,5,Urban,Yes,Yes,No
6161,Uttar Pradesh,21,Male,Primary,Healthcare,Unemployed,426410,35534,1,Rural,Yes,No,No
6162,Uttar Pradesh,25,Female,Higher Secondary,Unemployed,Employed,631238,52603,7,Rural,No,No,No
6163,Uttar Pradesh,74,Female,Graduate,Business,Unemployed,610132,50844,4,Rural,Yes,No,No
6164,West Bengal,32,Male,Graduate,Engineer,Unemployed,639055,53254,2,Urban,Yes,Yes,No
6165,Rajasthan,59,Male,Graduate,Student,Self-employed,476673,39722,1,Rural,Yes,No,Yes
6166,Haryana,74,Female,Higher Secondary,Unemployed,Employed,60000,5000,8,Rural,Yes,No,No
6167,Haryana,23,Male,Higher Secondary,Business,Unemployed,740984,61748,2,Rural,Yes,Yes,Yes
6168,Haryana,22,Female,Postgraduate,Unemployed,Student,330626,27552,6,Urban,Yes,Yes,No
6169,West Bengal,28,Female,Graduate,Healthcare,Self-employed,149206,12433,8,Rural,Yes,Yes,No
6170,Tamil Nadu,36,Male,Higher Secondary,Unemployed,Self-employed,319849,26654,5,Urban,Yes,No,No
6171,Karnataka,56,Male,Postgraduate,Healthcare,Unemployed,466371,38864,7,Urban,No,No,No
6172,Karnataka,48,Female,Postgraduate,Government,Student,763227,63602,3,Rural,Yes,No,Yes
6173,Rajasthan,68,Female,Postgraduate,Unemployed,Self-employed,436602,36383,7,Rural,No,No,Yes
6174,Haryana,25,Female,Postgraduate,Business,Self-employed,290510,24209,8,Rural,No,No,Yes
6175,Punjab,60,Female,Primary,Student,Employed,1026219,85518,3,Rural,Yes,Yes,No
6176,Gujarat,58,Male,Primary,Engineer,Student,644376,53698,6,Urban,No,No,Yes
6177,Tamil Nadu,59,Male,Higher Secondary,Teacher,Unemployed,943805,78650,3,Rural,Yes,Yes,Yes
6178,Tamil Nadu,39,Male,Higher Secondary,Teacher,Unemployed,586269,48855,7,Urban,Yes,No,No
6179,Haryana,22,Male,Secondary,Student,Unemployed,1478266,123188,1,Urban,No,No,No
6180,Gujarat,67,Female,Higher Secondary,Unemployed,Employed,545994,45499,1,Urban,No,Yes,No
6181,West Bengal,48,Female,Higher Secondary,Labour,Unemployed,578307,48192,1,Urban,No,Yes,Yes
6182,Karnataka,33,Male,Graduate,Teacher,Employed,682108,56842,2,Urban,No,No,No
6183,Delhi,55,Female,Higher Secondary,Healthcare,Student,434312,36192,6,Urban,No,Yes,Yes
6184,Karnataka,27,Male,Postgraduate,Private,Unemployed,304782,25398,5,Rural,No,No,Yes
6185,Rajasthan,54,Male,Primary,Student,Employed,475281,39606,2,Urban,Yes,No,Yes
6186,West Bengal,20,Female,Primary,Private,Unemployed,570132,47511,2,Rural,Yes,Yes,Yes
6187,Delhi,29,Male,Postgraduate,Farmer,Employed,525710,43809,8,Rural,No,No,No
6188,Tamil Nadu,59,Male,Graduate,Engineer,Student,681947,56828,6,Urban,Yes,Yes,Yes
6189,Karnataka,19,Female,Higher Secondary,Farmer,Employed,449512,37459,2,Urban,Yes,No,Yes
6190,Delhi,61,Male,Primary,Private,Student,784375,65364,8,Rural,Yes,No,Yes
6191,Uttar Pradesh,69,Female,Secondary,Student,Unemployed,338854,28237,3,Rural,No,Yes,No
6192,Maharashtra,51,Male,Postgraduate,Healthcare,Unemployed,699155,58262,8,Rural,No,No,Yes
6193,Karnataka,31,Female,Primary,Student,Student,582271,48522,4,Rural,No,Yes,No
6194,Karnataka,71,Male,Secondary,Student,Student,375165,31263,4,Rural,Yes,Yes,No
6195,Gujarat,20,Male,Primary,Healthcare,Employed,788727,65727,1,Rural,Yes,No,No
6196,Uttar Pradesh,78,Female,Graduate,Healthcare,Unemployed,131839,10986,5,Urban,Yes,No,No
6197,Tamil Nadu,60,Female,Postgraduate,Labour,Unemployed,486126,40510,7,Rural,Yes,Yes,No
6198,Uttar Pradesh,36,Female,Higher Secondary,Engineer,Unemployed,282228,23519,5,Urban,No,Yes,Yes
6199,Maharashtra,79,Female,Primary,Teacher,Unemployed,616709,51392,4,Urban,Yes,Yes,No
6200,Haryana,60,Male,Higher Secondary,Engineer,Employed,556621,46385,7,Urban,No,No,Yes
6201,Rajasthan,78,Male,Graduate,Business,Employed,979496,81624,7,Urban,No,Yes,No
6202,Karnataka,22,Female,Higher Secondary,Healthcare,Self-employed,471955,39329,1,Urban,No,No,Yes
6203,Rajasthan,78,Female,Secondary,Private,Employed,112566,9380,6,Urban,Yes,Yes,Yes
6204,Punjab,50,Female,Graduate,Unemployed,Unemployed,820607,68383,8,Urban,No,Yes,Yes
6205,Delhi,37,Female,Graduate,Business,Unemployed,1053618,87801,2,Urban,Yes,Yes,Yes
6206,Gujarat,74,Male,Higher Secondary,Healthcare,Employed,443868,36989,7,Urban,Yes,Yes,Yes
6207,Delhi,19,Female,Secondary,Government,Employed,430145,35845,6,Urban,No,Yes,No
6208,Punjab,22,Female,Graduate,Unemployed,Self-employed,60000,5000,5,Urban,Yes,Yes,Yes
6209,Uttar Pradesh,22,Female,Postgraduate,Student,Unemployed,902854,75237,1,Urban,No,Yes,No
6210,Karnataka,74,Female,Higher Secondary,Business,Unemployed,281766,23480,8,Urban,No,No,No
6211,Delhi,61,Female,Secondary,Labour,Student,630266,52522,1,Urban,No,No,Yes
6212,Karnataka,77,Female,Secondary,Government,Self-employed,356574,29714,6,Urban,No,Yes,No
6213,Karnataka,73,Male,Graduate,Healthcare,Self-employed,566891,47240,7,Rural,Yes,No,No
6214,Uttar Pradesh,78,Female,Secondary,Teacher,Student,599976,49998,5,Urban,No,No,Yes
6215,Maharashtra,36,Female,Graduate,Teacher,Employed,584506,48708,5,Urban,Yes,Yes,No
6216,Haryana,43,Female,Graduate,Private,Employed,592838,49403,5,Urban,Yes,Yes,No
6217,Delhi,54,Female,Postgraduate,Teacher,Self-employed,853362,71113,7,Rural,No,Yes,No
6218,Uttar Pradesh,19,Female,Graduate,Business,Unemployed,305680,25473,6,Rural,No,Yes,No
6219,Delhi,27,Male,Higher Secondary,Government,Unemployed,310448,25870,4,Urban,No,Yes,No
6220,Delhi,70,Male,Secondary,Government,Employed,515676,42973,2,Rural,Yes,Yes,No
6221,Karnataka,19,Male,Higher Secondary,Private,Student,451741,37645,3,Rural,No,Yes,No
6222,Maharashtra,21,Female,Primary,Private,Employed,589408,49117,8,Rural,Yes,Yes,Yes
6223,Haryana,55,Female,Graduate,Student,Self-employed,552115,46009,3,Rural,No,Yes,No
6224,Rajasthan,49,Female,Higher Secondary,Student,Unemployed,100593,8382,8,Rural,Yes,No,Yes
6225,Rajasthan,34,Male,Secondary,Teacher,Student,375924,31327,2,Urban,Yes,No,No
6226,Uttar Pradesh,69,Female,Primary,Engineer,Student,415815,34651,1,Urban,Yes,No,Yes
6227,Uttar Pradesh,24,Female,Postgraduate,Healthcare,Student,1103972,91997,5,Rural,No,Yes,No
6228,Punjab,38,Male,Postgraduate,Unemployed,Unemployed,418176,34848,4,Rural,Yes,Yes,Yes
6229,Haryana,47,Male,Higher Secondary,Student,Self-employed,796686,66390,1,Rural,Yes,No,No
6230,Karnataka,66,Female,Secondary,Labour,Unemployed,60000,5000,1,Rural,Yes,No,Yes
6231,Delhi,53,Male,Primary,Labour,Student,636855,53071,1,Urban,Yes,No,No
6232,Haryana,59,Female,Postgraduate,Private,Unemployed,428499,35708,5,Rural,No,Yes,No
6233,West Bengal,75,Female,Secondary,Private,Employed,475799,39649,4,Rural,No,Yes,No
6234,Punjab,80,Female,Postgraduate,Government,Self-employed,515587,42965,3,Rural,Yes,Yes,No
6235,West Bengal,33,Female,Secondary,Private,Student,780377,65031,5,Urban,No,Yes,Yes
6236,Haryana,77,Female,Primary,Healthcare,Self-employed,611630,50969,3,Urban,No,No,Yes
6237,Uttar Pradesh,72,Female,Secondary,Business,Student,624043,52003,1,Urban,No,Yes,Yes
6238,Haryana,30,Female,Postgraduate,Teacher,Unemployed,417186,34765,5,Rural,No,Yes,No
6239,Rajasthan,75,Female,Secondary,Engineer,Self-employed,327362,27280,1,Rural,No,No,No
6240,Karnataka,29,Female,Primary,Business,Unemployed,409578,34131,8,Rural,No,Yes,Yes
6241,Haryana,68,Female,Primary,Engineer,Self-employed,699932,58327,5,Urban,No,No,Yes
6242,Gujarat,31,Female,Postgraduate,Teacher,Student,599669,49972,3,Rural,Yes,Yes,Yes
6243,West Bengal,62,Female,Secondary,Student,Student,852570,71047,1,Rural,Yes,Yes,No
6244,Uttar Pradesh,76,Male,Secondary,Farmer,Employed,60000,5000,6,Rural,Yes,Yes,Yes
6245,Punjab,40,Female,Primary,Labour,Self-employed,549660,45805,6,Rural,Yes,No,Yes
6246,Uttar Pradesh,36,Male,Primary,Student,Student,671755,55979,2,Rural,No,No,Yes
6247,Gujarat,43,Male,Graduate,Labour,Self-employed,309370,25780,8,Rural,No,Yes,Yes
6248,Gujarat,76,Male,Secondary,Healthcare,Student,636196,53016,6,Rural,No,No,Yes
6249,Tamil Nadu,31,Male,Postgraduate,Engineer,Self-employed,363068,30255,5,Rural,Yes,No,No
6250,Tamil Nadu,52,Male,Secondary,Teacher,Employed,60000,5000,3,Rural,Yes,No,Yes
6251,Tamil Nadu,53,Female,Higher Secondary,Government,Self-employed,536785,44732,5,Rural,Yes,Yes,Yes
6252,Maharashtra,22,Male,Primary,Unemployed,Unemployed,133761,11146,1,Urban,No,Yes,Yes
6253,Haryana,24,Female,Higher Secondary,Private,Self-employed,879375,73281,7,Rural,Yes,No,No
6254,Maharashtra,31,Female,Primary,Unemployed,Employed,383207,31933,3,Urban,No,No,Yes
6255,Karnataka,29,Female,Postgraduate,Private,Student,887647,73970,3,Urban,Yes,No,Yes
6256,Gujarat,40,Male,Postgraduate,Farmer,Unemployed,541318,45109,4,Rural,Yes,Yes,No
6257,Tamil Nadu,72,Female,Postgraduate,Student,Unemployed,371126,30927,7,Rural,No,No,Yes
6258,Uttar Pradesh,48,Male,Graduate,Government,Employed,118050,9837,2,Urban,Yes,Yes,No
6259,Gujarat,26,Female,Postgraduate,Government,Employed,546469,45539,6,Rural,Yes,Yes,Yes
6260,Rajasthan,28,Male,Secondary,Government,Unemployed,471866,39322,2,Urban,Yes,No,Yes
6261,Tamil Nadu,28,Male,Secondary,Engineer,Student,150662,12555,5,Urban,Yes,No,No
6262,Karnataka,72,Male,Secondary,Private,Unemployed,649089,54090,1,Urban,Yes,No,Yes
6263,West Bengal,77,Male,Primary,Farmer,Self-employed,410413,34201,6,Rural,No,No,Yes
6264,Uttar Pradesh,31,Male,Secondary,Private,Unemployed,425715,35476,4,Urban,Yes,No,Yes
6265,Karnataka,35,Male,Primary,Healthcare,Student,590322,49193,3,Urban,No,Yes,No
6266,Karnataka,54,Female,Higher Secondary,Unemployed,Self-employed,230113,19176,4,Rural,Yes,Yes,Yes
6267,Karnataka,56,Male,Primary,Farmer,Self-employed,604275,50356,8,Rural,Yes,No,Yes
6268,Delhi,79,Male,Postgraduate,Healthcare,Self-employed,355793,29649,8,Rural,No,Yes,No
6269,Rajasthan,40,Female,Secondary,Government,Employed,554001,46166,6,Urban,Yes,Yes,No
6270,Delhi,76,Female,Secondary,Labour,Unemployed,665434,55452,6,Rural,No,Yes,Yes
6271,Gujarat,59,Female,Secondary,Business,Employed,373516,31126,8,Rural,Yes,Yes,No
6272,Tamil Nadu,72,Male,Graduate,Government,Student,133310,11109,7,Urban,Yes,Yes,Yes
6273,Punjab,71,Male,Higher Secondary,Labour,Unemployed,337051,28087,5,Urban,Yes,No,Yes
6274,Gujarat,73,Female,Secondary,Government,Employed,507527,42293,6,Rural,Yes,Yes,Yes
6275,Rajasthan,61,Female,Higher Secondary,Student,Unemployed,821585,68465,5,Rural,No,No,No
6276,Maharashtra,26,Female,Secondary,Healthcare,Unemployed,392427,32702,4,Urban,No,Yes,Yes
6277,Rajasthan,32,Male,Secondary,Government,Self-employed,546078,45506,7,Rural,Yes,No,No
6278,West Bengal,69,Female,Higher Secondary,Engineer,Self-employed,562730,46894,6,Urban,Yes,No,No
6279,Haryana,56,Female,Secondary,Labour,Unemployed,588598,49049,2,Urban,Yes,Yes,No
6280,Gujarat,42,Male,Higher Secondary,Private,Self-employed,320137,26678,3,Urban,Yes,No,No
6281,Tamil Nadu,44,Female,Secondary,Government,Unemployed,621335,51777,1,Rural,No,Yes,Yes
6282,Tamil Nadu,41,Male,Postgraduate,Engineer,Unemployed,472330,39360,3,Rural,No,Yes,Yes
6283,Tamil Nadu,30,Female,Primary,Government,Student,181501,15125,6,Rural,No,Yes,No
6284,Maharashtra,69,Male,Primary,Private,Student,645637,53803,7,Rural,No,Yes,No
6285,Maharashtra,71,Male,Primary,Engineer,Student,294835,24569,3,Rural,Yes,Yes,No
6286,Uttar Pradesh,73,Male,Higher Secondary,Government,Student,544210,45350,3,Urban,Yes,No,Yes
6287,Gujarat,68,Male,Primary,Private,Employed,625069,52089,5,Urban,Yes,No,No
6288,Delhi,25,Female,Graduate,Labour,Self-employed,374115,31176,1,Rural,Yes,Yes,Yes
6289,Rajasthan,18,Female,Postgraduate,Labour,Self-employed,60000,5000,5,Urban,No,No,Yes
6290,Gujarat,48,Male,Higher Secondary,Labour,Self-employed,891648,74304,1,Urban,No,No,Yes
6291,Uttar Pradesh,26,Male,Higher Secondary,Private,Unemployed,383784,31982,6,Urban,No,No,No
6292,Maharashtra,28,Male,Secondary,Engineer,Employed,696940,58078,3,Rural,No,No,Yes
6293,Tamil Nadu,27,Female,Graduate,Farmer,Self-employed,559200,46600,6,Urban,Yes,Yes,Yes
6294,Tamil Nadu,79,Male,Postgraduate,Business,Employed,361813,30151,3,Urban,Yes,Yes,No
6295,Uttar Pradesh,79,Male,Graduate,Business,Employed,779962,64996,4,Rural,No,No,No
6296,Tamil Nadu,23,Male,Postgraduate,Student,Unemployed,145444,12120,7,Rural,No,No,No
6297,Gujarat,54,Male,Primary,Farmer,Student,782660,65221,4,Rural,No,Yes,Yes
6298,Uttar Pradesh,64,Male,Secondary,Teacher,Unemployed,646506,53875,1,Urban,Yes,Yes,Yes
6299,Maharashtra,28,Female,Postgraduate,Government,Student,547629,45635,5,Urban,No,No,No
6300,Gujarat,76,Male,Postgraduate,Private,Unemployed,334524,27877,3,Urban,No,No,Yes
6301,Maharashtra,45,Male,Secondary,Unemployed,Employed,498427,41535,6,Rural,Yes,No,No
6302,Gujarat,36,Male,Primary,Student,Self-employed,614142,51178,3,Urban,Yes,Yes,Yes
6303,Karnataka,60,Male,Postgraduate,Labour,Self-employed,481666,40138,4,Rural,Yes,No,No
6304,Karnataka,80,Female,Secondary,Government,Unemployed,731013,60917,3,Urban,No,Yes,Yes
6305,Uttar Pradesh,36,Female,Higher Secondary,Teacher,Unemployed,581381,48448,1,Urban,No,Yes,No
6306,West Bengal,72,Female,Higher Secondary,Healthcare,Unemployed,363836,30319,4,Urban,No,No,No
6307,Punjab,56,Male,Higher Secondary,Business,Student,165700,13808,4,Urban,No,Yes,No
6308,Karnataka,24,Male,Graduate,Teacher,Unemployed,828776,69064,2,Urban,Yes,Yes,Yes
6309,West Bengal,73,Male,Postgraduate,Farmer,Self-employed,1012028,84335,4,Rural,No,No,Yes
6310,Maharashtra,28,Male,Primary,Healthcare,Self-employed,409288,34107,7,Urban,No,No,No
6311,Haryana,57,Male,Secondary,Private,Unemployed,517635,43136,3,Rural,Yes,Yes,Yes
6312,Karnataka,30,Male,Graduate,Healthcare,Unemployed,250596,20883,4,Rural,Yes,Yes,Yes
6313,Delhi,57,Female,Postgraduate,Engineer,Employed,284364,23697,6,Urban,No,No,Yes
6314,West Bengal,19,Female,Secondary,Engineer,Self-employed,648814,54067,6,Urban,Yes,Yes,No
6315,Gujarat,78,Female,Secondary,Student,Self-employed,757823,63151,8,Rural,No,Yes,Yes
6316,Uttar Pradesh,68,Male,Higher Secondary,Private,Employed,376697,31391,5,Urban,No,Yes,Yes
6317,Maharashtra,28,Female,Postgraduate,Private,Student,613926,51160,7,Urban,No,No,No
6318,Tamil Nadu,40,Male,Postgraduate,Teacher,Unemployed,492931,41077,8,Rural,Yes,No,No
6319,Rajasthan,70,Female,Postgraduate,Labour,Employed,522140,43511,5,Rural,Yes,Yes,Yes
6320,Rajasthan,47,Female,Postgraduate,Teacher,Employed,502412,41867,5,Rural,No,No,Yes
6321,Punjab,18,Female,Higher Secondary,Farmer,Student,968215,80684,6,Urban,No,No,No
6322,Punjab,48,Female,Postgraduate,Farmer,Employed,788809,65734,8,Rural,No,No,No
6323,Uttar Pradesh,65,Female,Graduate,Healthcare,Unemployed,381632,31802,6,Urban,Yes,No,Yes
6324,Maharashtra,29,Female,Primary,Farmer,Employed,784333,65361,4,Urban,No,No,Yes
6325,Delhi,41,Female,Postgraduate,Private,Self-employed,798244,66520,7,Rural,Yes,No,Yes
6326,Delhi,76,Male,Postgraduate,Government,Unemployed,435167,36263,8,Rural,Yes,No,Yes
6327,Punjab,40,Male,Secondary,Unemployed,Self-employed,960005,80000,5,Rural,No,Yes,Yes
6328,Uttar Pradesh,73,Female,Postgraduate,Government,Student,353392,29449,7,Rural,Yes,Yes,No
6329,Tamil Nadu,54,Female,Graduate,Private,Self-employed,587835,48986,5,Urban,Yes,Yes,No
6330,Karnataka,62,Female,Higher Secondary,Engineer,Self-employed,520788,43399,3,Rural,No,No,Yes
6331,Delhi,62,Male,Graduate,Private,Student,822419,68534,1,Urban,No,No,No
6332,Rajasthan,29,Female,Higher Secondary,Teacher,Employed,423466,35288,2,Rural,Yes,No,Yes
6333,Haryana,68,Female,Secondary,Student,Unemployed,656079,54673,3,Urban,Yes,Yes,No
6334,Rajasthan,60,Male,Secondary,Healthcare,Self-employed,538714,44892,3,Urban,Yes,Yes,No
6335,Tamil Nadu,68,Male,Secondary,Student,Employed,986533,82211,4,Urban,Yes,No,No
6336,Tamil Nadu,27,Female,Primary,Labour,Unemployed,60000,5000,8,Urban,No,No,Yes
6337,Tamil Nadu,63,Male,Graduate,Labour,Employed,557687,46473,7,Rural,No,Yes,No
6338,Rajasthan,55,Female,Primary,Teacher,Student,475431,39619,2,Urban,No,Yes,No
6339,Haryana,30,Female,Graduate,Student,Employed,60000,5000,6,Rural,Yes,No,No
6340,Rajasthan,49,Male,Postgraduate,Unemployed,Employed,583170,48597,2,Rural,Yes,No,Yes
6341,Punjab,63,Female,Primary,Labour,Self-employed,545746,45478,2,Urban,Yes,Yes,No
6342,West Bengal,37,Female,Secondary,Engineer,Self-employed,439345,36612,6,Rural,No,No,Yes
6343,West Bengal,48,Male,Primary,Student,Unemployed,488071,40672,5,Urban,Yes,Yes,No
6344,Haryana,76,Male,Higher Secondary,Teacher,Self-employed,400279,33356,2,Rural,No,Yes,Yes
6345,Haryana,36,Male,Secondary,Unemployed,Student,224416,18701,6,Urban,No,No,No
6346,Maharashtra,58,Male,Primary,Engineer,Self-employed,308959,25746,1,Urban,Yes,Yes,No
6347,Uttar Pradesh,27,Male,Higher Secondary,Teacher,Student,376108,31342,6,Rural,Yes,No,No
6348,Haryana,71,Male,Higher Secondary,Government,Student,888963,74080,6,Urban,Yes,Yes,Yes
6349,Maharashtra,32,Male,Graduate,Teacher,Self-employed,332055,27671,6,Urban,No,Yes,Yes
6350,Tamil Nadu,41,Female,Secondary,Engineer,Employed,230371,19197,2,Urban,No,Yes,No
6351,Karnataka,46,Female,Secondary,Teacher,Employed,652929,54410,7,Rural,No,Yes,Yes
6352,Rajasthan,28,Female,Postgraduate,Student,Unemployed,251510,20959,7,Urban,Yes,No,No
6353,Gujarat,64,Male,Higher Secondary,Labour,Unemployed,539721,44976,6,Rural,Yes,No,No
6354,Maharashtra,74,Female,Postgraduate,Business,Unemployed,508139,42344,2,Urban,Yes,Yes,Yes
6355,Uttar Pradesh,19,Female,Primary,Teacher,Unemployed,944046,78670,6,Urban,No,No,Yes
6356,Punjab,20,Male,Graduate,Unemployed,Employed,586089,48840,7,Urban,Yes,No,Yes
6357,Tamil Nadu,60,Female,Secondary,Government,Unemployed,115871,9655,7,Rural,No,Yes,No
6358,Gujarat,77,Female,Graduate,Engineer,Unemployed,439373,36614,2,Rural,No,Yes,Yes
6359,Maharashtra,41,Male,Secondary,Government,Employed,193765,16147,4,Urban,No,Yes,No
6360,Rajasthan,64,Male,Graduate,Healthcare,Employed,293416,24451,4,Rural,Yes,No,No
6361,Gujarat,46,Female,Higher Secondary,Engineer,Student,491297,40941,4,Urban,Yes,Yes,No
6362,Uttar Pradesh,71,Female,Primary,Engineer,Employed,255046,21253,4,Urban,No,Yes,Yes
6363,Gujarat,29,Female,Secondary,Unemployed,Unemployed,690255,57521,5,Rural,No,Yes,No
6364,Maharashtra,18,Female,Secondary,Labour,Student,748247,62353,3,Rural,Yes,Yes,Yes
6365,Haryana,19,Male,Primary,Unemployed,Self-employed,308488,25707,1,Urban,No,No,Yes
6366,Rajasthan,54,Female,Primary,Healthcare,Employed,791582,65965,5,Rural,No,Yes,Yes
6367,Maharashtra,61,Male,Higher Secondary,Healthcare,Self-employed,576728,48060,4,Urban,No,Yes,No
6368,Rajasthan,22,Male,Primary,Government,Unemployed,750671,62555,7,Urban,No,Yes,Yes
6369,Rajasthan,28,Male,Higher Secondary,Teacher,Self-employed,60561,5046,4,Urban,No,No,Yes
6370,West Bengal,20,Female,Postgraduate,Business,Student,210792,17566,1,Urban,No,Yes,No
6371,Haryana,56,Female,Higher Secondary,Healthcare,Self-employed,293250,24437,1,Urban,Yes,Yes,Yes
6372,Karnataka,43,Male,Secondary,Labour,Self-employed,594813,49567,2,Rural,No,No,No
6373,Delhi,49,Male,Higher Secondary,Healthcare,Unemployed,281050,23420,5,Rural,No,No,No
6374,Delhi,57,Female,Higher Secondary,Healthcare,Self-employed,693792,57816,8,Rural,Yes,Yes,Yes
6375,West Bengal,43,Male,Primary,Student,Self-employed,714385,59532,6,Urban,Yes,No,Yes
6376,Tamil Nadu,37,Male,Postgraduate,Labour,Unemployed,379450,31620,4,Rural,Yes,No,Yes
6377,Karnataka,79,Female,Higher Secondary,Healthcare,Self-employed,897942,74828,4,Urban,Yes,Yes,No
6378,Punjab,68,Male,Secondary,Government,Unemployed,601480,50123,6,Urban,No,Yes,No
6379,Tamil Nadu,23,Male,Higher Secondary,Healthcare,Employed,575358,47946,6,Urban,No,No,No
6380,Delhi,74,Male,Postgraduate,Government,Self-employed,550555,45879,1,Urban,No,Yes,Yes
6381,West Bengal,65,Male,Higher Secondary,Business,Student,239715,19976,8,Rural,Yes,No,Yes
6382,Karnataka,44,Male,Postgraduate,Engineer,Unemployed,216713,18059,6,Urban,No,Yes,Yes
6383,Tamil Nadu,56,Female,Primary,Labour,Unemployed,616315,51359,1,Urban,Yes,No,Yes
6384,Tamil Nadu,44,Female,Primary,Teacher,Self-employed,236326,19693,4,Rural,No,Yes,No
6385,Gujarat,44,Female,Postgraduate,Business,Unemployed,480493,40041,6,Rural,No,Yes,Yes
6386,Uttar Pradesh,36,Male,Secondary,Student,Unemployed,747812,62317,8,Rural,No,Yes,Yes
6387,Maharashtra,48,Male,Primary,Farmer,Unemployed,882830,73569,8,Rural,No,No,Yes
6388,West Bengal,68,Male,Higher Secondary,Labour,Employed,754685,62890,3,Rural,No,No,Yes
6389,Tamil Nadu,32,Male,Graduate,Engineer,Unemployed,60000,5000,6,Rural,No,Yes,No
6390,Haryana,46,Male,Postgraduate,Private,Self-employed,706967,58913,3,Rural,No,No,Yes
6391,Gujarat,76,Female,Postgraduate,Teacher,Self-employed,381640,31803,7,Rural,No,No,Yes
6392,Gujarat,43,Female,Secondary,Student,Employed,666519,55543,2,Rural,No,Yes,Yes
6393,Uttar Pradesh,72,Female,Primary,Engineer,Self-employed,401511,33459,5,Urban,Yes,No,Yes
6394,Karnataka,70,Male,Higher Secondary,Government,Employed,60000,5000,1,Rural,Yes,Yes,No
6395,Karnataka,51,Female,Higher Secondary,Private,Student,737858,61488,1,Urban,No,Yes,Yes
6396,Punjab,48,Male,Secondary,Student,Unemployed,654350,54529,5,Rural,Yes,No,Yes
6397,Tamil Nadu,49,Female,Graduate,Teacher,Self-employed,349039,29086,8,Rural,No,No,No
6398,Rajasthan,70,Male,Postgraduate,Private,Student,844613,70384,5,Rural,Yes,No,No
6399,Maharashtra,57,Male,Secondary,Teacher,Employed,396691,33057,3,Urban,No,Yes,No
6400,Karnataka,26,Male,Postgraduate,Unemployed,Student,674530,56210,5,Rural,Yes,Yes,No
6401,Punjab,49,Male,Higher Secondary,Engineer,Employed,349247,29103,8,Urban,Yes,Yes,Yes
6402,Tamil Nadu,19,Male,Higher Secondary,Labour,Employed,895256,74604,7,Urban,No,No,Yes
6403,Rajasthan,57,Female,Graduate,Teacher,Unemployed,310214,25851,5,Urban,No,Yes,No
6404,Karnataka,80,Female,Graduate,Engineer,Employed,583789,48649,7,Urban,Yes,Yes,Yes
6405,Tamil Nadu,34,Male,Higher Secondary,Engineer,Unemployed,824833,68736,7,Rural,No,Yes,No
6406,Gujarat,70,Female,Higher Secondary,Government,Employed,717853,59821,7,Rural,Yes,No,Yes
6407,Tamil Nadu,61,Female,Primary,Private,Student,114203,9516,6,Rural,Yes,No,No
6408,Gujarat,73,Female,Postgraduate,Healthcare,Employed,318804,26567,6,Rural,No,Yes,Yes
6409,Maharashtra,22,Female,Secondary,Government,Student,250322,20860,2,Urban,No,Yes,No
6410,West Bengal,63,Male,Postgraduate,Farmer,Unemployed,540828,45069,3,Rural,Yes,No,Yes
6411,Karnataka,34,Female,Secondary,Unemployed,Student,162637,13553,7,Rural,No,No,No
6412,Karnataka,25,Female,Postgraduate,Teacher,Student,855927,71327,7,Rural,Yes,Yes,Yes
6413,Haryana,38,Male,Postgraduate,Government,Student,397573,33131,2,Rural,Yes,Yes,No
6414,Karnataka,30,Male,Higher Secondary,Unemployed,Unemployed,1002638,83553,5,Rural,No,No,Yes
6415,West Bengal,55,Female,Postgraduate,Labour,Student,295554,24629,5,Rural,No,No,Yes
6416,West Bengal,44,Female,Graduate,Teacher,Student,598421,49868,4,Rural,Yes,No,Yes
6417,West Bengal,35,Male,Primary,Teacher,Unemployed,60000,5000,2,Rural,Yes,Yes,Yes
6418,Punjab,55,Female,Postgraduate,Private,Self-employed,654481,54540,6,Urban,Yes,No,Yes
6419,Haryana,57,Male,Graduate,Engineer,Unemployed,500414,41701,7,Rural,No,No,Yes
6420,Maharashtra,72,Female,Postgraduate,Student,Student,829986,69165,7,Urban,No,No,No
6421,Haryana,22,Female,Primary,Healthcare,Self-employed,473971,39497,4,Urban,Yes,Yes,Yes
6422,Maharashtra,28,Male,Postgraduate,Business,Unemployed,295191,24599,6,Rural,Yes,Yes,No
6423,Rajasthan,27,Female,Graduate,Government,Self-employed,439160,36596,1,Rural,Yes,No,Yes
6424,Rajasthan,80,Male,Primary,Healthcare,Self-employed,1190743,99228,6,Rural,Yes,Yes,Yes
6425,Gujarat,35,Male,Primary,Farmer,Self-employed,530416,44201,6,Urban,Yes,Yes,No
6426,Gujarat,31,Female,Secondary,Teacher,Student,510910,42575,4,Rural,No,Yes,Yes
6427,Haryana,72,Male,Secondary,Student,Employed,90632,7552,3,Rural,Yes,Yes,No
6428,Punjab,19,Female,Graduate,Healthcare,Unemployed,60000,5000,3,Urban,Yes,No,No
6429,Haryana,23,Male,Secondary,Teacher,Self-employed,857658,71471,7,Urban,Yes,Yes,Yes
6430,Uttar Pradesh,45,Male,Graduate,Engineer,Employed,364071,30339,7,Rural,Yes,Yes,No
6431,Gujarat,50,Male,Primary,Engineer,Self-employed,217509,18125,1,Urban,Yes,Yes,No
6432,Punjab,53,Female,Primary,Business,Unemployed,739420,61618,8,Urban,No,No,Yes
6433,Delhi,23,Male,Postgraduate,Student,Employed,724534,60377,3,Rural,No,Yes,No
6434,Maharashtra,38,Female,Higher Secondary,Engineer,Employed,371709,30975,7,Rural,Yes,Yes,Yes
6435,Delhi,76,Female,Higher Secondary,Healthcare,Unemployed,581363,48446,6,Rural,Yes,No,No
6436,Delhi,36,Male,Postgraduate,Business,Self-employed,410380,34198,8,Rural,Yes,Yes,Yes
6437,Karnataka,62,Female,Primary,Teacher,Employed,483322,40276,7,Rural,No,No,Yes
6438,Maharashtra,22,Female,Higher Secondary,Student,Employed,716667,59722,3,Urban,Yes,No,Yes
6439,Punjab,34,Male,Primary,Teacher,Student,652028,54335,8,Urban,No,Yes,Yes
6440,Haryana,42,Female,Secondary,Healthcare,Employed,534123,44510,8,Urban,Yes,No,Yes
6441,Gujarat,52,Female,Higher Secondary,Unemployed,Student,501060,41755,7,Urban,Yes,No,No
6442,Karnataka,28,Female,Higher Secondary,Farmer,Employed,239041,19920,8,Urban,Yes,Yes,No
6443,Rajasthan,44,Male,Primary,Labour,Employed,462813,38567,3,Urban,Yes,Yes,Yes
6444,Punjab,34,Male,Higher Secondary,Farmer,Student,60000,5000,7,Rural,Yes,Yes,No
6445,Tamil Nadu,60,Male,Secondary,Private,Self-employed,355163,29596,7,Rural,Yes,No,No
6446,Delhi,74,Female,Higher Secondary,Government,Employed,715279,59606,8,Rural,No,No,Yes
6447,Karnataka,68,Male,Secondary,Student,Employed,396992,33082,2,Urban,Yes,No,No
6448,Tamil Nadu,65,Female,Postgraduate,Unemployed,Student,491049,40920,5,Rural,Yes,No,Yes
6449,Delhi,49,Female,Graduate,Engineer,Employed,566243,47186,6,Urban,Yes,Yes,Yes
6450,Uttar Pradesh,28,Female,Primary,Private,Employed,151194,12599,2,Urban,No,No,No
6451,Delhi,35,Female,Secondary,Unemployed,Employed,397508,33125,4,Urban,Yes,Yes,No
6452,Delhi,51,Male,Graduate,Engineer,Student,451909,37659,3,Urban,Yes,Yes,Yes
6453,Gujarat,21,Male,Primary,Government,Student,321784,26815,1,Urban,Yes,No,No
6454,West Bengal,41,Male,Graduate,Business,Student,854873,71239,1,Rural,Yes,Yes,Yes
6455,Uttar Pradesh,54,Female,Postgraduate,Government,Student,381904,31825,3,Rural,Yes,No,No
6456,Punjab,46,Male,Higher Secondary,Government,Employed,317332,26444,6,Rural,No,Yes,Yes
6457,Maharashtra,57,Male,Primary,Private,Unemployed,628881,52406,5,Rural,Yes,No,Yes
6458,Rajasthan,77,Female,Postgraduate,Government,Student,322705,26892,5,Rural,Yes,No,Yes
6459,Uttar Pradesh,56,Female,Graduate,Teacher,Self-employed,842421,70201,7,Rural,No,No,Yes
6460,Haryana,24,Male,Postgraduate,Engineer,Employed,467247,38937,2,Urban,No,No,No
6461,Maharashtra,70,Female,Primary,Labour,Student,616038,51336,5,Rural,Yes,Yes,Yes
6462,Karnataka,67,Female,Secondary,Engineer,Employed,60000,5000,8,Urban,Yes,Yes,Yes
6463,Punjab,30,Female,Secondary,Unemployed,Employed,60826,5068,3,Rural,No,Yes,Yes
6464,Rajasthan,24,Female,Graduate,Business,Employed,650957,54246,8,Rural,No,No,No
6465,Karnataka,39,Female,Graduate,Teacher,Self-employed,231173,19264,1,Rural,No,No,No
6466,Maharashtra,64,Male,Primary,Government,Unemployed,282517,23543,2,Rural,No,Yes,Yes
6467,Haryana,42,Male,Higher Secondary,Engineer,Student,402353,33529,2,Urban,No,Yes,Yes
6468,West Bengal,49,Male,Higher Secondary,Student,Student,704093,58674,8,Urban,No,No,No
6469,Rajasthan,62,Female,Primary,Business,Unemployed,623188,51932,8,Rural,Yes,Yes,Yes
6470,Rajasthan,29,Male,Higher Secondary,Healthcare,Unemployed,726076,60506,7,Urban,Yes,Yes,No
6471,Gujarat,48,Male,Higher Secondary,Private,Student,378272,31522,8,Rural,No,No,No
6472,Haryana,67,Female,Secondary,Student,Unemployed,60000,5000,1,Urban,No,Yes,No
6473,Rajasthan,53,Female,Primary,Unemployed,Unemployed,895741,74645,4,Rural,No,Yes,No
6474,Tamil Nadu,24,Female,Graduate,Unemployed,Employed,684976,57081,2,Urban,No,No,Yes
6475,Delhi,67,Female,Higher Secondary,Business,Self-employed,609762,50813,2,Urban,Yes,Yes,No
6476,Delhi,73,Female,Higher Secondary,Student,Student,391115,32592,5,Urban,No,Yes,Yes
6477,Maharashtra,51,Female,Graduate,Teacher,Unemployed,566048,47170,7,Urban,Yes,Yes,No
6478,Uttar Pradesh,26,Female,Postgraduate,Farmer,Self-employed,797297,66441,1,Rural,No,No,Yes
6479,Tamil Nadu,21,Female,Higher Secondary,Private,Self-employed,407921,33993,1,Rural,No,Yes,No
6480,Maharashtra,23,Female,Graduate,Labour,Self-employed,603257,50271,2,Rural,Yes,No,No
6481,Punjab,58,Male,Graduate,Engineer,Unemployed,60000,5000,8,Rural,Yes,No,Yes
6482,Uttar Pradesh,26,Male,Graduate,Student,Self-employed,827454,68954,4,Urban,No,No,Yes
6483,Uttar Pradesh,44,Female,Higher Secondary,Unemployed,Employed,548705,45725,4,Urban,No,No,No
6484,Tamil Nadu,65,Male,Postgraduate,Government,Employed,749243,62436,1,Urban,No,No,Yes
6485,West Bengal,22,Male,Higher Secondary,Engineer,Student,298339,24861,3,Rural,No,Yes,Yes
6486,Gujarat,63,Female,Graduate,Business,Unemployed,624368,52030,1,Rural,No,Yes,Yes
6487,Maharashtra,74,Male,Secondary,Engineer,Employed,883357,73613,5,Urban,No,Yes,No
6488,Rajasthan,51,Female,Postgraduate,Student,Student,622221,51851,7,Rural,Yes,No,Yes
6489,Tamil Nadu,63,Male,Graduate,Engineer,Student,362299,30191,7,Rural,Yes,Yes,No
6490,Uttar Pradesh,68,Male,Primary,Farmer,Student,425051,35420,5,Urban,Yes,Yes,No
6491,Gujarat,63,Male,Higher Secondary,Labour,Employed,193921,16160,1,Urban,Yes,Yes,No
6492,Maharashtra,45,Male,Postgraduate,Unemployed,Student,386084,32173,3,Urban,Yes,Yes,No
6493,Delhi,47,Female,Graduate,Healthcare,Unemployed,690239,57519,2,Urban,Yes,Yes,Yes
6494,Maharashtra,52,Male,Secondary,Healthcare,Employed,809624,67468,8,Urban,Yes,No,No
6495,Gujarat,76,Male,Postgraduate,Labour,Student,764703,63725,8,Urban,Yes,Yes,No
6496,Gujarat,70,Female,Higher Secondary,Government,Student,342348,28529,3,Urban,Yes,No,Yes
6497,Uttar Pradesh,33,Male,Higher Secondary,Teacher,Employed,131869,10989,6,Urban,Yes,No,Yes
6498,West Bengal,19,Male,Postgraduate,Private,Student,393593,32799,4,Rural,Yes,Yes,No
6499,Punjab,58,Female,Higher Secondary,Engineer,Unemployed,421463,35121,5,Rural,No,No,Yes
6500,West Bengal,35,Male,Higher Secondary,Teacher,Employed,331330,27610,7,Urban,No,No,No
6501,Tamil Nadu,48,Male,Postgraduate,Student,Unemployed,329130,27427,3,Rural,Yes,Yes,Yes
6502,Uttar Pradesh,32,Female,Primary,Student,Student,812836,67736,5,Urban,No,No,Yes
6503,Tamil Nadu,57,Male,Primary,Farmer,Employed,543995,45332,2,Rural,Yes,Yes,Yes
6504,Karnataka,26,Female,Secondary,Government,Self-employed,970618,80884,7,Urban,Yes,No,No
6505,Maharashtra,66,Male,Postgraduate,Private,Self-employed,708470,59039,5,Urban,No,Yes,No
6506,Tamil Nadu,58,Female,Higher Secondary,Unemployed,Self-employed,1051512,87626,2,Rural,Yes,No,Yes
6507,Haryana,52,Male,Postgraduate,Farmer,Unemployed,543906,45325,6,Urban,Yes,Yes,No
6508,Delhi,25,Female,Secondary,Government,Self-employed,60000,5000,4,Rural,Yes,No,Yes
6509,Uttar Pradesh,30,Male,Secondary,Unemployed,Self-employed,603064,50255,3,Rural,Yes,Yes,No
6510,Gujarat,58,Female,Secondary,Teacher,Student,252684,21057,5,Rural,No,Yes,No
6511,Uttar Pradesh,44,Male,Graduate,Private,Student,865300,72108,5,Rural,No,No,No
6512,Haryana,64,Female,Graduate,Government,Student,224981,18748,3,Urban,Yes,No,No
6513,Karnataka,53,Male,Postgraduate,Student,Student,600280,50023,1,Rural,Yes,No,Yes
6514,West Bengal,61,Female,Higher Secondary,Healthcare,Self-employed,532284,44357,3,Rural,Yes,Yes,Yes
6515,Rajasthan,23,Female,Secondary,Unemployed,Employed,617931,51494,3,Rural,No,Yes,No
6516,Tamil Nadu,46,Female,Secondary,Government,Unemployed,60000,5000,3,Urban,Yes,No,No
6517,Punjab,45,Male,Postgraduate,Student,Student,243421,20285,7,Rural,No,Yes,No
6518,Rajasthan,68,Female,Postgraduate,Engineer,Unemployed,578970,48247,3,Urban,No,Yes,No
6519,West Bengal,65,Female,Graduate,Teacher,Employed,221278,18439,6,Rural,No,No,No
6520,Tamil Nadu,70,Female,Secondary,Student,Employed,545679,45473,5,Rural,No,No,No
6521,West Bengal,19,Female,Primary,Government,Student,551941,45995,7,Rural,No,Yes,No
6522,Gujarat,34,Female,Graduate,Private,Employed,309488,25790,2,Urban,No,No,No
6523,Karnataka,79,Female,Postgraduate,Engineer,Self-employed,521780,43481,6,Rural,Yes,Yes,Yes
6524,West Bengal,24,Male,Postgraduate,Private,Employed,431550,35962,2,Urban,No,No,Yes
6525,Rajasthan,71,Female,Higher Secondary,Business,Student,651650,54304,1,Rural,No,Yes,Yes
6526,Uttar Pradesh,72,Male,Secondary,Labour,Self-employed,657567,54797,8,Rural,Yes,Yes,No
6527,Gujarat,62,Male,Graduate,Government,Self-employed,838997,69916,3,Urban,Yes,Yes,No
6528,Gujarat,34,Male,Primary,Labour,Unemployed,443843,36986,3,Rural,Yes,No,Yes
6529,Gujarat,72,Female,Higher Secondary,Student,Self-employed,417409,34784,4,Rural,No,No,No
6530,Haryana,50,Male,Primary,Healthcare,Student,445035,37086,6,Urban,Yes,Yes,Yes
6531,Maharashtra,25,Male,Secondary,Business,Employed,460670,38389,7,Rural,Yes,Yes,Yes
6532,Karnataka,28,Female,Higher Secondary,Farmer,Employed,264378,22031,4,Urban,No,No,Yes
6533,Maharashtra,34,Female,Postgraduate,Healthcare,Self-employed,565868,47155,2,Urban,No,Yes,Yes
6534,Maharashtra,64,Female,Secondary,Unemployed,Unemployed,499091,41590,5,Urban,Yes,No,Yes
6535,Karnataka,22,Male,Graduate,Farmer,Unemployed,266558,22213,4,Rural,Yes,No,No
6536,Haryana,55,Female,Graduate,Farmer,Self-employed,741877,61823,8,Urban,No,No,No
6537,Maharashtra,39,Female,Postgraduate,Government,Employed,393675,32806,1,Rural,Yes,No,No
6538,Haryana,65,Male,Higher Secondary,Healthcare,Student,455507,37958,5,Urban,No,Yes,Yes
6539,Uttar Pradesh,22,Male,Postgraduate,Government,Student,357679,29806,3,Rural,Yes,No,Yes
6540,Maharashtra,23,Male,Graduate,Engineer,Unemployed,635976,52998,8,Rural,No,Yes,No
6541,Punjab,25,Male,Graduate,Private,Self-employed,382171,31847,1,Urban,No,No,Yes
6542,Haryana,76,Male,Higher Secondary,Unemployed,Unemployed,474997,39583,5,Urban,Yes,Yes,No
6543,Punjab,32,Female,Postgraduate,Unemployed,Unemployed,552281,46023,4,Urban,Yes,Yes,No
6544,Rajasthan,54,Female,Primary,Engineer,Student,743466,61955,7,Rural,Yes,Yes,Yes
6545,Delhi,45,Male,Secondary,Unemployed,Self-employed,268562,22380,5,Urban,Yes,No,Yes
6546,Delhi,63,Female,Primary,Healthcare,Unemployed,455196,37933,4,Urban,Yes,No,No
6547,Karnataka,75,Male,Secondary,Government,Self-employed,539607,44967,4,Urban,Yes,No,No
6548,Tamil Nadu,68,Female,Graduate,Farmer,Unemployed,300378,25031,7,Rural,Yes,No,No
6549,Rajasthan,26,Female,Postgraduate,Teacher,Employed,60000,5000,1,Rural,Yes,No,Yes
6550,Rajasthan,32,Male,Postgraduate,Business,Student,459016,38251,5,Rural,Yes,No,No
6551,Punjab,44,Male,Primary,Healthcare,Employed,401881,33490,1,Rural,No,No,Yes
6552,Rajasthan,23,Female,Graduate,Unemployed,Self-employed,472536,39378,1,Rural,Yes,No,Yes
6553,Gujarat,27,Male,Higher Secondary,Farmer,Unemployed,60000,5000,2,Rural,Yes,No,No
6554,Maharashtra,64,Female,Graduate,Healthcare,Unemployed,371250,30937,2,Rural,Yes,Yes,No
6555,Rajasthan,37,Female,Higher Secondary,Engineer,Self-employed,377350,31445,8,Rural,No,No,No
6556,Maharashtra,37,Male,Graduate,Student,Employed,647265,53938,8,Rural,No,No,Yes
6557,Uttar Pradesh,77,Male,Primary,Government,Unemployed,1001703,83475,3,Rural,No,Yes,No
6558,Uttar Pradesh,64,Male,Postgraduate,Healthcare,Unemployed,193092,16091,1,Rural,Yes,No,Yes
6559,West Bengal,74,Male,Postgraduate,Government,Employed,351024,29252,6,Rural,Yes,No,No
6560,Maharashtra,70,Female,Higher Secondary,Business,Employed,366232,30519,5,Urban,Yes,No,Yes
6561,Haryana,24,Male,Graduate,Labour,Self-employed,598180,49848,8,Rural,No,No,Yes
6562,Maharashtra,46,Female,Graduate,Business,Unemployed,521150,43429,3,Urban,Yes,No,Yes
6563,Haryana,24,Female,Primary,Healthcare,Unemployed,864522,72043,3,Urban,No,Yes,Yes
6564,Maharashtra,71,Female,Graduate,Labour,Student,570032,47502,7,Urban,Yes,Yes,Yes
6565,Punjab,56,Male,Primary,Farmer,Self-employed,331631,27635,2,Rural,Yes,Yes,Yes
6566,Punjab,53,Male,Postgraduate,Teacher,Student,530392,44199,7,Urban,Yes,No,No
6567,Punjab,29,Female,Postgraduate,Student,Self-employed,121058,10088,1,Rural,Yes,No,No
6568,Delhi,43,Male,Primary,Engineer,Unemployed,273604,22800,6,Urban,Yes,No,Yes
6569,Tamil Nadu,25,Male,Graduate,Student,Student,858340,71528,1,Urban,Yes,No,No
6570,Rajasthan,68,Male,Postgraduate,Government,Student,448626,37385,7,Urban,No,Yes,No
6571,Maharashtra,22,Female,Higher Secondary,Labour,Student,292314,24359,1,Rural,Yes,No,No
6572,Maharashtra,66,Female,Primary,Teacher,Employed,783744,65312,6,Urban,No,Yes,No
6573,Rajasthan,21,Male,Graduate,Business,Unemployed,631774,52647,7,Rural,No,No,No
6574,Maharashtra,57,Male,Graduate,Engineer,Employed,680324,56693,7,Urban,Yes,Yes,No
6575,West Bengal,61,Male,Higher Secondary,Unemployed,Employed,459049,38254,6,Urban,Yes,No,No
6576,Rajasthan,49,Female,Graduate,Teacher,Unemployed,60000,5000,1,Urban,Yes,Yes,Yes
6577,Punjab,31,Male,Graduate,Labour,Unemployed,449992,37499,8,Urban,No,No,Yes
6578,Rajasthan,76,Male,Postgraduate,Teacher,Unemployed,151648,12637,3,Urban,No,Yes,No
6579,Maharashtra,36,Male,Secondary,Farmer,Student,855779,71314,3,Urban,Yes,No,Yes
6580,Rajasthan,36,Male,Graduate,Unemployed,Unemployed,599513,49959,4,Urban,Yes,Yes,No
6581,Tamil Nadu,75,Female,Graduate,Government,Employed,920762,76730,4,Rural,Yes,No,Yes
6582,Uttar Pradesh,35,Female,Graduate,Farmer,Employed,569103,47425,8,Urban,No,No,No
6583,Karnataka,44,Male,Postgraduate,Private,Student,731341,60945,1,Rural,Yes,No,Yes
6584,Karnataka,63,Male,Primary,Student,Student,928417,77368,5,Urban,Yes,Yes,No
6585,Delhi,69,Male,Graduate,Healthcare,Unemployed,880651,73387,5,Rural,Yes,No,No
6586,Haryana,32,Female,Higher Secondary,Labour,Unemployed,438531,36544,5,Rural,No,Yes,No
6587,Haryana,34,Female,Postgraduate,Healthcare,Unemployed,497521,41460,8,Rural,No,Yes,Yes
6588,Uttar Pradesh,21,Male,Graduate,Business,Student,788105,65675,6,Urban,No,Yes,Yes
6589,Karnataka,43,Female,Postgraduate,Healthcare,Employed,438577,36548,5,Rural,No,No,Yes
6590,Haryana,31,Female,Postgraduate,Labour,Employed,417291,34774,2,Urban,Yes,Yes,No
6591,Karnataka,33,Female,Higher Secondary,Labour,Self-employed,435480,36290,1,Urban,Yes,Yes,No
6592,West Bengal,29,Female,Higher Secondary,Labour,Student,373258,31104,5,Urban,No,No,Yes
6593,Uttar Pradesh,29,Female,Graduate,Government,Self-employed,459315,38276,1,Urban,No,Yes,Yes
6594,Delhi,64,Male,Higher Secondary,Engineer,Employed,492962,41080,7,Urban,Yes,No,No
6595,Karnataka,38,Male,Graduate,Private,Employed,793614,66134,1,Rural,No,No,Yes
6596,Tamil Nadu,57,Female,Secondary,Farmer,Student,597253,49771,1,Rural,Yes,No,No
6597,Punjab,38,Female,Graduate,Farmer,Student,435449,36287,5,Rural,No,Yes,No
6598,Punjab,27,Male,Higher Secondary,Unemployed,Unemployed,676168,56347,8,Rural,Yes,No,No
6599,Punjab,45,Female,Primary,Healthcare,Student,519459,43288,2,Rural,Yes,Yes,Yes
6600,Haryana,21,Male,Graduate,Student,Unemployed,317859,26488,6,Rural,No,No,No
6601,Rajasthan,53,Female,Secondary,Farmer,Student,504120,42010,5,Rural,No,No,Yes
6602,Punjab,29,Male,Secondary,Business,Student,381967,31830,5,Urban,Yes,No,Yes
6603,West Bengal,30,Male,Secondary,Healthcare,Unemployed,346725,28893,5,Urban,Yes,Yes,Yes
6604,Uttar Pradesh,28,Male,Higher Secondary,Government,Unemployed,865997,72166,6,Urban,No,No,No
6605,West Bengal,26,Female,Higher Secondary,Business,Self-employed,909107,75758,7,Rural,Yes,Yes,Yes
6606,Karnataka,22,Male,Primary,Teacher,Student,554456,46204,1,Rural,No,Yes,Yes
6607,Tamil Nadu,23,Male,Postgraduate,Government,Self-employed,617390,51449,2,Urban,Yes,No,Yes
6608,Delhi,25,Female,Graduate,Business,Unemployed,625959,52163,1,Urban,No,No,No
6609,Punjab,47,Male,Postgraduate,Student,Self-employed,509538,42461,1,Rural,Yes,No,No
6610,West Bengal,75,Male,Higher Secondary,Private,Unemployed,529068,44089,5,Rural,Yes,No,No
6611,Maharashtra,18,Female,Secondary,Healthcare,Self-employed,60000,5000,5,Rural,No,Yes,No
6612,Punjab,21,Male,Secondary,Teacher,Employed,239490,19957,4,Urban,Yes,No,Yes
6613,Haryana,35,Male,Primary,Business,Self-employed,224899,18741,7,Rural,Yes,Yes,No
6614,Rajasthan,60,Female,Primary,Labour,Employed,217923,18160,1,Rural,No,No,No
6615,Karnataka,39,Female,Primary,Teacher,Unemployed,935502,77958,7,Rural,No,Yes,No
6616,Rajasthan,19,Female,Primary,Private,Student,306769,25564,5,Urban,Yes,No,No
6617,Tamil Nadu,52,Male,Higher Secondary,Student,Employed,447564,37297,1,Rural,No,No,Yes
6618,Karnataka,27,Male,Higher Secondary,Government,Unemployed,546511,45542,6,Urban,Yes,Yes,No
6619,Karnataka,49,Male,Higher Secondary,Engineer,Self-employed,890277,74189,4,Rural,Yes,No,Yes
6620,Tamil Nadu,32,Female,Secondary,Teacher,Unemployed,694008,57834,3,Rural,No,Yes,Yes
6621,Haryana,30,Female,Primary,Healthcare,Student,105376,8781,5,Urban,Yes,No,Yes
6622,Gujarat,36,Male,Primary,Labour,Employed,377035,31419,8,Rural,Yes,No,No
6623,Maharashtra,19,Male,Postgraduate,Labour,Student,242839,20236,4,Urban,Yes,Yes,No
6624,West Bengal,23,Male,Postgraduate,Teacher,Student,465314,38776,4,Rural,Yes,No,Yes
6625,Rajasthan,33,Male,Higher Secondary,Farmer,Employed,589719,49143,3,Urban,No,Yes,No
6626,Rajasthan,44,Male,Higher Secondary,Government,Unemployed,346024,28835,2,Urban,Yes,Yes,No
6627,Punjab,43,Female,Secondary,Government,Employed,471645,39303,4,Rural,Yes,No,Yes
6628,Rajasthan,47,Female,Graduate,Private,Self-employed,803522,66960,1,Rural,Yes,Yes,Yes
6629,Punjab,37,Male,Postgraduate,Student,Self-employed,170152,14179,2,Rural,Yes,No,No
6630,Gujarat,66,Female,Postgraduate,Healthcare,Student,845713,70476,2,Rural,Yes,No,No
6631,Delhi,24,Male,Postgraduate,Labour,Employed,551636,45969,1,Urban,Yes,No,No
6632,Haryana,51,Female,Higher Secondary,Teacher,Employed,447204,37267,2,Rural,No,Yes,Yes
6633,Tamil Nadu,72,Male,Secondary,Private,Self-employed,562490,46874,6,Rural,No,No,Yes
6634,Uttar Pradesh,41,Female,Graduate,Healthcare,Student,512277,42689,8,Urban,Yes,No,Yes
6635,Delhi,68,Male,Higher Secondary,Engineer,Employed,724722,60393,7,Rural,No,No,No
6636,West Bengal,78,Female,Graduate,Labour,Student,669253,55771,1,Rural,No,No,Yes
6637,Uttar Pradesh,30,Male,Higher Secondary,Engineer,Self-employed,460830,38402,4,Rural,Yes,Yes,No
6638,Punjab,37,Male,Graduate,Farmer,Employed,1110196,92516,4,Urban,No,No,No
6639,Punjab,37,Male,Postgraduate,Business,Self-employed,123225,10268,5,Rural,Yes,No,Yes
6640,West Bengal,66,Female,Secondary,Labour,Unemployed,312897,26074,4,Urban,No,Yes,No
6641,Tamil Nadu,80,Male,Higher Secondary,Farmer,Unemployed,296176,24681,4,Rural,No,No,No
6642,Tamil Nadu,36,Female,Graduate,Government,Employed,466808,38900,6,Rural,Yes,Yes,Yes
6643,Gujarat,61,Male,Secondary,Unemployed,Unemployed,241088,20090,7,Rural,Yes,No,Yes
6644,Tamil Nadu,36,Male,Higher Secondary,Unemployed,Unemployed,346418,28868,7,Rural,No,Yes,No
6645,Delhi,76,Male,Secondary,Healthcare,Unemployed,785167,65430,4,Urban,No,No,Yes
6646,West Bengal,54,Female,Higher Secondary,Government,Student,688707,57392,7,Rural,Yes,Yes,Yes
6647,Gujarat,69,Female,Secondary,Business,Self-employed,60000,5000,3,Rural,Yes,Yes,Yes
6648,Karnataka,76,Male,Primary,Student,Employed,698176,58181,1,Urban,Yes,Yes,No
6649,Karnataka,66,Male,Secondary,Labour,Employed,393609,32800,8,Rural,No,No,No
6650,Rajasthan,67,Female,Higher Secondary,Healthcare,Employed,529161,44096,4,Rural,Yes,Yes,No
6651,Karnataka,24,Male,Higher Secondary,Farmer,Unemployed,417408,34784,4,Urban,No,No,Yes
6652,Maharashtra,44,Female,Postgraduate,Labour,Self-employed,654176,54514,1,Urban,No,No,Yes
6653,Uttar Pradesh,34,Male,Postgraduate,Teacher,Self-employed,542557,45213,1,Rural,No,No,Yes
6654,Rajasthan,57,Male,Higher Secondary,Student,Unemployed,598502,49875,7,Rural,Yes,Yes,Yes
6655,Punjab,75,Female,Primary,Student,Employed,420945,35078,7,Rural,No,No,No
6656,Haryana,28,Male,Higher Secondary,Farmer,Unemployed,393778,32814,7,Urban,Yes,Yes,Yes
6657,Gujarat,33,Female,Postgraduate,Engineer,Employed,525949,43829,1,Urban,No,Yes,Yes
6658,Rajasthan,47,Male,Postgraduate,Engineer,Self-employed,298604,24883,8,Rural,No,Yes,No
6659,Tamil Nadu,18,Female,Graduate,Unemployed,Student,271372,22614,7,Rural,Yes,No,No
6660,Punjab,41,Male,Primary,Labour,Self-employed,451613,37634,4,Rural,Yes,Yes,Yes
6661,Uttar Pradesh,29,Male,Primary,Teacher,Student,286108,23842,2,Rural,Yes,No,No
6662,Maharashtra,59,Male,Primary,Healthcare,Unemployed,288636,24053,5,Rural,Yes,No,Yes
6663,Tamil Nadu,32,Male,Primary,Student,Employed,460767,38397,1,Rural,No,Yes,No
6664,Delhi,74,Male,Higher Secondary,Labour,Employed,155772,12981,6,Rural,Yes,Yes,Yes
6665,Uttar Pradesh,31,Female,Graduate,Labour,Student,791228,65935,5,Rural,No,Yes,No
6666,Tamil Nadu,55,Female,Graduate,Engineer,Unemployed,486282,40523,3,Urban,No,Yes,Yes
6667,Karnataka,28,Male,Graduate,Teacher,Student,695866,57988,7,Urban,No,No,Yes
6668,Uttar Pradesh,34,Male,Primary,Farmer,Unemployed,954942,79578,5,Urban,No,No,No
6669,Gujarat,43,Male,Primary,Unemployed,Self-employed,180366,15030,6,Urban,No,Yes,Yes
6670,Delhi,28,Female,Higher Secondary,Government,Self-employed,103384,8615,1,Rural,Yes,No,Yes
6671,Punjab,34,Male,Higher Secondary,Private,Employed,485490,40457,1,Urban,Yes,No,No
6672,Rajasthan,74,Male,Postgraduate,Private,Unemployed,60000,5000,1,Urban,No,No,Yes
6673,Delhi,44,Male,Graduate,Business,Employed,92697,7724,8,Rural,No,Yes,No
6674,Rajasthan,69,Male,Higher Secondary,Student,Employed,249337,20778,3,Urban,Yes,No,Yes
6675,Rajasthan,31,Male,Primary,Unemployed,Student,462480,38540,5,Rural,No,Yes,No
6676,Punjab,72,Female,Higher Secondary,Student,Self-employed,469879,39156,1,Rural,Yes,No,No
6677,Uttar Pradesh,64,Male,Higher Secondary,Private,Self-employed,459098,38258,4,Urban,Yes,Yes,Yes
6678,West Bengal,41,Female,Primary,Unemployed,Student,271687,22640,4,Urban,Yes,Yes,No
6679,Uttar Pradesh,76,Male,Secondary,Teacher,Employed,683228,56935,4,Urban,No,Yes,No
6680,Karnataka,60,Female,Secondary,Engineer,Employed,311472,25956,3,Urban,Yes,No,No
6681,Uttar Pradesh,35,Male,Postgraduate,Business,Employed,60000,5000,1,Urban,No,Yes,Yes
6682,Rajasthan,48,Female,Secondary,Labour,Student,310610,25884,4,Urban,No,No,Yes
6683,West Bengal,38,Male,Secondary,Engineer,Self-employed,60000,5000,3,Urban,No,Yes,Yes
6684,Rajasthan,24,Female,Higher Secondary,Engineer,Self-employed,566409,47200,7,Rural,Yes,Yes,No
6685,Uttar Pradesh,44,Female,Graduate,Farmer,Self-employed,589253,49104,6,Rural,No,Yes,Yes
6686,Punjab,26,Male,Secondary,Labour,Unemployed,60000,5000,6,Rural,No,Yes,Yes
6687,Gujarat,62,Male,Higher Secondary,Farmer,Student,809614,67467,4,Urban,No,No,No
6688,West Bengal,37,Female,Primary,Unemployed,Student,394264,32855,4,Urban,No,Yes,No
6689,Delhi,55,Female,Primary,Healthcare,Unemployed,295596,24633,3,Rural,Yes,No,Yes
6690,Uttar Pradesh,37,Female,Primary,Teacher,Student,362792,30232,1,Urban,No,Yes,Yes
6691,Tamil Nadu,63,Male,Graduate,Business,Student,137716,11476,6,Urban,No,No,No
6692,Uttar Pradesh,30,Male,Graduate,Business,Self-employed,385444,32120,6,Urban,Yes,Yes,No
6693,Karnataka,47,Female,Graduate,Teacher,Employed,743121,61926,5,Rural,Yes,No,No
6694,Tamil Nadu,58,Female,Primary,Unemployed,Self-employed,314053,26171,5,Rural,No,No,Yes
6695,Maharashtra,31,Male,Postgraduate,Farmer,Student,928476,77373,2,Rural,Yes,Yes,Yes
6696,West Bengal,21,Male,Postgraduate,Farmer,Self-employed,334682,27890,5,Rural,Yes,No,No
6697,Haryana,78,Male,Higher Secondary,Government,Unemployed,676641,56386,4,Urban,No,Yes,Yes
6698,Rajasthan,35,Male,Primary,Business,Self-employed,488303,40691,2,Rural,No,Yes,Yes
6699,Maharashtra,24,Male,Postgraduate,Private,Self-employed,458628,38219,2,Rural,Yes,Yes,No
6700,Uttar Pradesh,42,Female,Primary,Healthcare,Employed,778511,64875,6,Urban,Yes,Yes,No
6701,Maharashtra,53,Female,Postgraduate,Farmer,Student,542508,45209,2,Rural,Yes,No,No
6702,Gujarat,63,Male,Higher Secondary,Private,Student,276501,23041,5,Urban,Yes,No,Yes
6703,Punjab,58,Male,Postgraduate,Labour,Employed,437090,36424,3,Rural,Yes,Yes,Yes
6704,Maharashtra,55,Female,Postgraduate,Government,Unemployed,289265,24105,3,Urban,No,No,No
6705,Delhi,33,Male,Primary,Student,Student,514690,42890,6,Rural,No,No,Yes
6706,Karnataka,21,Female,Postgraduate,Labour,Employed,740254,61687,8,Rural,Yes,No,No
6707,Karnataka,42,Male,Secondary,Teacher,Self-employed,591988,49332,1,Urban,No,No,No
6708,Maharashtra,66,Female,Graduate,Healthcare,Employed,291094,24257,6,Urban,No,No,No
6709,Karnataka,18,Female,Secondary,Business,Student,72191,6015,1,Rural,Yes,No,No
6710,Tamil Nadu,61,Male,Higher Secondary,Unemployed,Self-employed,766231,63852,3,Urban,No,Yes,No
6711,Maharashtra,19,Female,Secondary,Private,Employed,730538,60878,3,Urban,No,No,No
6712,West Bengal,30,Female,Primary,Engineer,Self-employed,270044,22503,5,Urban,No,Yes,No
6713,Tamil Nadu,55,Female,Graduate,Labour,Self-employed,762664,63555,7,Rural,No,Yes,Yes
6714,Punjab,19,Male,Higher Secondary,Labour,Unemployed,649320,54110,8,Urban,No,Yes,No
6715,Punjab,35,Female,Graduate,Labour,Employed,159635,13302,5,Rural,Yes,No,Yes
6716,Karnataka,32,Male,Primary,Student,Student,618830,51569,6,Urban,Yes,Yes,No
6717,Uttar Pradesh,72,Female,Secondary,Healthcare,Unemployed,188862,15738,8,Urban,No,No,Yes
6718,Gujarat,24,Female,Secondary,Business,Unemployed,140873,11739,2,Rural,Yes,Yes,Yes
6719,Haryana,80,Male,Higher Secondary,Engineer,Unemployed,710056,59171,6,Urban,Yes,Yes,No
6720,Tamil Nadu,52,Female,Higher Secondary,Teacher,Unemployed,533925,44493,2,Urban,No,Yes,Yes
6721,Uttar Pradesh,23,Female,Graduate,Private,Student,594255,49521,4,Urban,Yes,No,Yes
6722,Uttar Pradesh,44,Female,Postgraduate,Government,Student,510320,42526,8,Rural,Yes,Yes,No
6723,Karnataka,43,Male,Primary,Healthcare,Employed,120056,10004,5,Urban,Yes,Yes,No
6724,Punjab,70,Male,Graduate,Teacher,Unemployed,821769,68480,5,Rural,No,Yes,No
6725,Haryana,39,Male,Graduate,Government,Self-employed,865078,72089,2,Rural,No,Yes,No
6726,Punjab,80,Female,Primary,Student,Unemployed,177987,14832,3,Rural,No,Yes,No
6727,West Bengal,36,Male,Secondary,Engineer,Student,393077,32756,6,Rural,Yes,Yes,No
6728,Tamil Nadu,53,Male,Primary,Teacher,Unemployed,347260,28938,5,Rural,Yes,No,Yes
6729,Maharashtra,35,Male,Postgraduate,Labour,Employed,316333,26361,8,Urban,No,No,No
6730,Punjab,51,Male,Graduate,Farmer,Employed,147935,12327,6,Rural,No,No,No
6731,Gujarat,67,Male,Graduate,Business,Self-employed,639254,53271,4,Rural,Yes,No,No
6732,Maharashtra,77,Female,Graduate,Healthcare,Employed,833779,69481,2,Rural,Yes,Yes,Yes
6733,Rajasthan,21,Female,Graduate,Government,Self-employed,519307,43275,7,Rural,No,No,No
6734,West Bengal,67,Male,Primary,Teacher,Student,634403,52866,2,Rural,Yes,Yes,No
6735,Punjab,47,Female,Secondary,Healthcare,Employed,599556,49963,2,Urban,No,No,Yes
6736,Tamil Nadu,69,Male,Postgraduate,Government,Self-employed,248967,20747,8,Urban,No,Yes,Yes
6737,Delhi,78,Female,Higher Secondary,Unemployed,Unemployed,708573,59047,6,Urban,Yes,Yes,Yes
6738,Karnataka,47,Female,Primary,Private,Unemployed,537787,44815,4,Urban,No,No,Yes
6739,Maharashtra,36,Female,Higher Secondary,Healthcare,Employed,574315,47859,5,Rural,Yes,Yes,Yes
6740,Rajasthan,54,Male,Higher Secondary,Unemployed,Self-employed,511304,42608,4,Urban,No,No,Yes
6741,Rajasthan,35,Male,Higher Secondary,Student,Self-employed,235118,19593,6,Rural,Yes,No,Yes
6742,Haryana,20,Male,Postgraduate,Private,Employed,824305,68692,8,Urban,No,No,Yes
6743,Punjab,69,Male,Secondary,Farmer,Employed,622211,51850,1,Urban,No,Yes,No
6744,Tamil Nadu,64,Female,Higher Secondary,Business,Self-employed,295876,24656,5,Urban,Yes,No,No
6745,West Bengal,29,Male,Secondary,Government,Employed,891454,74287,2,Urban,Yes,No,No
6746,Punjab,67,Male,Higher Secondary,Healthcare,Employed,384613,32051,8,Urban,Yes,No,Yes
6747,Karnataka,67,Male,Higher Secondary,Teacher,Unemployed,688999,57416,1,Rural,Yes,Yes,No
6748,Maharashtra,80,Male,Secondary,Healthcare,Employed,485858,40488,2,Rural,Yes,No,Yes
6749,Tamil Nadu,37,Female,Postgraduate,Labour,Self-employed,755734,62977,5,Urban,No,No,No
6750,West Bengal,62,Female,Primary,Labour,Employed,494512,41209,8,Rural,No,No,Yes
6751,Tamil Nadu,57,Female,Secondary,Labour,Self-employed,453089,37757,8,Urban,No,Yes,No
6752,Maharashtra,58,Female,Postgraduate,Teacher,Self-employed,581135,48427,6,Rural,No,No,Yes
6753,Gujarat,71,Female,Graduate,Student,Student,448810,37400,3,Rural,Yes,Yes,No
6754,Uttar Pradesh,72,Male,Primary,Labour,Self-employed,701454,58454,4,Rural,No,Yes,No
6755,Maharashtra,19,Male,Secondary,Student,Employed,723100,60258,3,Urban,Yes,Yes,No
6756,Rajasthan,22,Male,Postgraduate,Government,Employed,693742,57811,2,Rural,No,No,Yes
6757,Rajasthan,52,Male,Primary,Unemployed,Student,314572,26214,8,Urban,Yes,No,No
6758,West Bengal,27,Female,Graduate,Labour,Unemployed,798976,66581,6,Urban,Yes,Yes,Yes
6759,Karnataka,32,Female,Higher Secondary,Healthcare,Employed,208338,17361,4,Rural,No,No,No
6760,Rajasthan,34,Male,Higher Secondary,Unemployed,Student,885516,73793,2,Rural,Yes,Yes,No
6761,Delhi,73,Male,Graduate,Unemployed,Unemployed,439731,36644,6,Urban,No,Yes,Yes
6762,Karnataka,27,Female,Primary,Healthcare,Self-employed,510123,42510,7,Urban,Yes,No,Yes
6763,Tamil Nadu,42,Male,Secondary,Engineer,Employed,689708,57475,5,Rural,Yes,No,Yes
6764,Uttar Pradesh,24,Female,Higher Secondary,Unemployed,Unemployed,774909,64575,6,Urban,No,No,Yes
6765,Tamil Nadu,67,Male,Secondary,Engineer,Self-employed,477180,39765,8,Urban,No,Yes,Yes
6766,Gujarat,72,Male,Secondary,Private,Self-employed,467469,38955,1,Rural,No,No,No
6767,Haryana,50,Male,Primary,Unemployed,Student,369000,30750,8,Urban,No,Yes,No
6768,Haryana,60,Male,Secondary,Business,Self-employed,839105,69925,2,Rural,Yes,No,No
6769,Delhi,47,Male,Postgraduate,Business,Employed,257376,21448,8,Urban,Yes,Yes,No
6770,Rajasthan,33,Male,Secondary,Engineer,Student,780045,65003,5,Rural,No,Yes,No
6771,Karnataka,48,Male,Primary,Engineer,Self-employed,418387,34865,5,Urban,Yes,No,Yes
6772,Rajasthan,55,Female,Secondary,Healthcare,Self-employed,468839,39069,3,Urban,Yes,Yes,No
6773,Punjab,53,Male,Graduate,Private,Unemployed,213002,17750,2,Rural,No,Yes,No
6774,Gujarat,22,Male,Secondary,Engineer,Self-employed,401716,33476,8,Rural,No,Yes,No
6775,Gujarat,53,Female,Higher Secondary,Farmer,Student,382429,31869,7,Rural,No,No,No
6776,Gujarat,65,Male,Primary,Teacher,Student,912985,76082,7,Rural,Yes,Yes,Yes
6777,Uttar Pradesh,27,Female,Secondary,Farmer,Employed,691390,57615,1,Urban,No,Yes,Yes
6778,Uttar Pradesh,35,Male,Secondary,Healthcare,Employed,439283,36606,3,Rural,No,Yes,Yes
6779,Rajasthan,79,Female,Graduate,Student,Self-employed,522982,43581,4,Rural,No,Yes,No
6780,Punjab,39,Female,Higher Secondary,Business,Employed,563455,46954,5,Rural,Yes,No,No
6781,Haryana,26,Male,Secondary,Engineer,Unemployed,392807,32733,5,Urban,Yes,No,Yes
6782,Punjab,28,Male,Higher Secondary,Farmer,Employed,373094,31091,6,Urban,No,No,No
6783,Uttar Pradesh,54,Male,Higher Secondary,Healthcare,Employed,60000,5000,2,Rural,Yes,Yes,Yes
6784,Haryana,71,Male,Higher Secondary,Healthcare,Student,378246,31520,8,Rural,No,Yes,No
6785,West Bengal,36,Male,Primary,Business,Student,243903,20325,5,Urban,No,Yes,No
6786,Rajasthan,28,Male,Postgraduate,Farmer,Unemployed,554994,46249,3,Urban,No,Yes,No
6787,Delhi,78,Male,Postgraduate,Farmer,Employed,724783,60398,3,Urban,No,No,No
6788,Haryana,39,Male,Graduate,Private,Self-employed,583473,48622,8,Rural,Yes,No,Yes
6789,Uttar Pradesh,59,Female,Higher Secondary,Engineer,Student,438043,36503,1,Rural,Yes,Yes,No
6790,Delhi,42,Male,Graduate,Teacher,Employed,409249,34104,7,Rural,No,Yes,No
6791,Punjab,65,Female,Primary,Student,Self-employed,590468,49205,4,Rural,Yes,Yes,Yes
6792,Tamil Nadu,65,Female,Primary,Unemployed,Student,814735,67894,3,Urban,No,No,No
6793,Tamil Nadu,56,Female,Secondary,Farmer,Student,920144,76678,3,Rural,No,No,No
6794,Karnataka,75,Male,Graduate,Student,Employed,307087,25590,2,Urban,No,Yes,Yes
6795,West Bengal,58,Male,Higher Secondary,Teacher,Unemployed,564990,47082,6,Urban,Yes,No,Yes
6796,Uttar Pradesh,64,Female,Higher Secondary,Labour,Unemployed,445889,37157,8,Urban,Yes,No,No
6797,Rajasthan,29,Male,Graduate,Student,Self-employed,812389,67699,8,Rural,Yes,Yes,Yes
6798,Karnataka,65,Male,Postgraduate,Engineer,Unemployed,279004,23250,4,Urban,Yes,Yes,Yes
6799,West Bengal,52,Female,Graduate,Healthcare,Self-employed,670585,55882,7,Urban,No,Yes,Yes
6800,Gujarat,79,Female,Secondary,Business,Employed,336102,28008,1,Urban,Yes,Yes,Yes
6801,Maharashtra,68,Male,Primary,Private,Employed,973968,81164,2,Rural,No,No,Yes
6802,Tamil Nadu,54,Male,Secondary,Private,Employed,651103,54258,1,Rural,Yes,No,No
6803,West Bengal,25,Male,Graduate,Business,Employed,608022,50668,6,Rural,Yes,Yes,No
6804,West Bengal,62,Female,Postgraduate,Private,Student,677769,56480,7,Rural,Yes,Yes,No
6805,Delhi,63,Male,Graduate,Farmer,Employed,474704,39558,6,Urban,Yes,No,Yes
6806,Haryana,22,Female,Primary,Engineer,Employed,194998,16249,4,Urban,No,Yes,No
6807,West Bengal,70,Female,Secondary,Healthcare,Employed,151978,12664,8,Rural,No,Yes,Yes
6808,Rajasthan,47,Female,Higher Secondary,Government,Employed,696372,58031,2,Rural,Yes,Yes,No
6809,Gujarat,61,Female,Higher Secondary,Healthcare,Self-employed,60000,5000,4,Rural,Yes,No,Yes
6810,Maharashtra,22,Female,Postgraduate,Engineer,Self-employed,559083,46590,7,Rural,Yes,Yes,Yes
6811,Punjab,77,Female,Higher Secondary,Unemployed,Employed,332045,27670,3,Rural,No,Yes,No
6812,Karnataka,69,Female,Postgraduate,Government,Employed,486849,40570,5,Rural,Yes,Yes,Yes
6813,Uttar Pradesh,74,Female,Postgraduate,Private,Unemployed,216845,18070,6,Urban,No,No,Yes
6814,Uttar Pradesh,29,Male,Primary,Private,Student,793092,66091,4,Urban,Yes,No,Yes
6815,Maharashtra,71,Female,Higher Secondary,Labour,Self-employed,479286,39940,6,Urban,Yes,Yes,No
6816,Tamil Nadu,29,Male,Postgraduate,Government,Self-employed,251138,20928,7,Urban,No,Yes,Yes
6817,Punjab,70,Female,Graduate,Farmer,Self-employed,386502,32208,6,Rural,Yes,Yes,Yes
6818,Uttar Pradesh,36,Female,Graduate,Government,Self-employed,84629,7052,3,Urban,Yes,Yes,No
6819,Uttar Pradesh,54,Female,Secondary,Labour,Student,671103,55925,5,Rural,Yes,No,No
6820,Maharashtra,22,Female,Primary,Unemployed,Self-employed,659799,54983,3,Urban,No,No,Yes
6821,Karnataka,31,Female,Primary,Labour,Unemployed,540005,45000,5,Urban,Yes,Yes,Yes
6822,West Bengal,26,Female,Postgraduate,Labour,Self-employed,408015,34001,8,Urban,No,No,Yes
6823,Uttar Pradesh,44,Female,Higher Secondary,Engineer,Self-employed,520401,43366,5,Urban,No,Yes,No
6824,Rajasthan,30,Male,Higher Secondary,Engineer,Self-employed,371233,30936,3,Urban,Yes,Yes,No
6825,Delhi,72,Female,Secondary,Business,Unemployed,611065,50922,1,Rural,Yes,No,Yes
6826,Maharashtra,43,Female,Graduate,Unemployed,Student,608624,50718,1,Rural,No,No,Yes
6827,Tamil Nadu,39,Female,Higher Secondary,Teacher,Student,560757,46729,5,Urban,No,No,No
6828,Uttar Pradesh,77,Male,Higher Secondary,Farmer,Employed,535688,44640,5,Urban,Yes,No,Yes
6829,Punjab,44,Female,Primary,Engineer,Student,327425,27285,7,Rural,No,No,No
6830,Delhi,28,Female,Secondary,Student,Employed,685076,57089,8,Urban,No,Yes,Yes
6831,Gujarat,62,Female,Graduate,Private,Self-employed,768749,64062,5,Urban,Yes,Yes,Yes
6832,Gujarat,23,Male,Graduate,Farmer,Self-employed,895117,74593,3,Rural,Yes,No,No
6833,Haryana,27,Female,Secondary,Healthcare,Unemployed,321747,26812,6,Urban,No,No,No
6834,West Bengal,52,Male,Postgraduate,Government,Unemployed,297362,24780,4,Urban,Yes,No,No
6835,Gujarat,32,Female,Higher Secondary,Farmer,Self-employed,630863,52571,3,Urban,Yes,Yes,Yes
6836,Karnataka,57,Male,Higher Secondary,Labour,Self-employed,433260,36105,4,Urban,Yes,Yes,No
6837,Haryana,67,Male,Secondary,Teacher,Self-employed,406248,33854,4,Rural,Yes,Yes,No
6838,Tamil Nadu,64,Male,Secondary,Farmer,Unemployed,610907,50908,6,Rural,No,Yes,Yes
6839,Karnataka,21,Male,Primary,Farmer,Employed,734268,61189,7,Rural,No,Yes,No
6840,Gujarat,71,Female,Higher Secondary,Private,Unemployed,474707,39558,8,Rural,Yes,Yes,No
6841,Haryana,55,Male,Postgraduate,Student,Unemployed,126822,10568,3,Rural,Yes,No,No
6842,Rajasthan,47,Female,Graduate,Student,Employed,780195,65016,5,Urban,Yes,No,No
6843,Gujarat,28,Female,Graduate,Farmer,Unemployed,369789,30815,6,Urban,No,Yes,Yes
6844,Maharashtra,62,Male,Secondary,Unemployed,Unemployed,427643,35636,7,Rural,Yes,No,Yes
6845,Maharashtra,46,Male,Graduate,Business,Student,370071,30839,8,Rural,No,Yes,Yes
6846,Karnataka,78,Male,Graduate,Business,Unemployed,81057,6754,8,Urban,No,No,No
6847,Punjab,67,Male,Higher Secondary,Teacher,Employed,520607,43383,1,Rural,Yes,No,Yes
6848,Tamil Nadu,73,Female,Graduate,Healthcare,Unemployed,934424,77868,3,Urban,No,Yes,Yes
6849,Punjab,19,Male,Postgraduate,Student,Unemployed,585873,48822,8,Urban,No,Yes,Yes
6850,Karnataka,66,Male,Postgraduate,Farmer,Self-employed,265674,22139,5,Urban,Yes,Yes,No
6851,Uttar Pradesh,41,Male,Primary,Private,Student,1000312,83359,1,Urban,No,Yes,Yes
6852,Uttar Pradesh,21,Male,Graduate,Engineer,Student,707472,58956,6,Urban,Yes,Yes,No
6853,Uttar Pradesh,76,Female,Secondary,Labour,Self-employed,60000,5000,1,Urban,Yes,No,Yes
6854,Uttar Pradesh,46,Female,Graduate,Business,Employed,561435,46786,4,Rural,Yes,Yes,No
6855,Gujarat,37,Male,Primary,Private,Self-employed,291584,24298,4,Rural,No,Yes,Yes
6856,Karnataka,52,Male,Higher Secondary,Farmer,Unemployed,499764,41647,7,Rural,No,Yes,Yes
6857,Gujarat,67,Male,Secondary,Labour,Student,971012,80917,1,Rural,No,Yes,Yes
6858,Haryana,31,Female,Primary,Private,Student,282103,23508,2,Urban,Yes,No,No
6859,Gujarat,45,Female,Graduate,Engineer,Unemployed,371662,30971,4,Urban,Yes,Yes,Yes
6860,Punjab,59,Female,Higher Secondary,Private,Self-employed,536403,44700,6,Rural,No,No,Yes
6861,Gujarat,77,Female,Primary,Unemployed,Unemployed,506262,42188,2,Rural,Yes,Yes,Yes
6862,Punjab,65,Male,Secondary,Business,Self-employed,60000,5000,7,Urban,Yes,Yes,No
6863,Karnataka,37,Female,Secondary,Labour,Self-employed,454743,37895,3,Rural,Yes,Yes,No
6864,Uttar Pradesh,56,Female,Higher Secondary,Business,Unemployed,625813,52151,5,Urban,Yes,Yes,Yes
6865,West Bengal,46,Female,Secondary,Government,Student,302466,25205,4,Rural,No,No,Yes
6866,Tamil Nadu,47,Female,Higher Secondary,Student,Student,60000,5000,1,Rural,No,No,Yes
6867,Tamil Nadu,58,Female,Secondary,Teacher,Employed,315819,26318,1,Rural,Yes,No,No
6868,Uttar Pradesh,37,Female,Graduate,Teacher,Self-employed,180511,15042,2,Rural,Yes,No,No
6869,West Bengal,74,Female,Higher Secondary,Private,Unemployed,262453,21871,1,Rural,No,No,Yes
6870,West Bengal,75,Male,Graduate,Teacher,Employed,388203,32350,8,Urban,No,No,No
6871,Haryana,79,Male,Primary,Farmer,Unemployed,69796,5816,2,Urban,No,No,No
6872,Maharashtra,20,Male,Higher Secondary,Student,Self-employed,418392,34866,5,Urban,Yes,Yes,Yes
6873,West Bengal,77,Female,Postgraduate,Labour,Student,592695,49391,2,Urban,Yes,No,No
6874,Delhi,33,Male,Primary,Unemployed,Employed,676303,56358,1,Rural,Yes,No,Yes
6875,Maharashtra,34,Male,Postgraduate,Student,Unemployed,1108810,92400,2,Urban,Yes,No,Yes
6876,Gujarat,58,Female,Primary,Student,Student,488324,40693,6,Urban,No,Yes,No
6877,Delhi,25,Male,Primary,Government,Student,239008,19917,7,Rural,No,No,No
6878,Uttar Pradesh,78,Male,Postgraduate,Private,Employed,403433,33619,6,Rural,Yes,Yes,Yes
6879,Haryana,33,Female,Secondary,Healthcare,Unemployed,765763,63813,3,Urban,No,Yes,Yes
6880,Delhi,73,Male,Secondary,Labour,Student,83846,6987,1,Urban,Yes,No,Yes
6881,Rajasthan,37,Male,Postgraduate,Labour,Self-employed,922676,76889,7,Rural,No,Yes,Yes
6882,Rajasthan,79,Female,Graduate,Government,Employed,182631,15219,7,Urban,No,Yes,No
6883,West Bengal,50,Male,Higher Secondary,Unemployed,Unemployed,737859,61488,2,Rural,No,Yes,Yes
6884,Tamil Nadu,55,Male,Postgraduate,Unemployed,Unemployed,644903,53741,3,Urban,No,No,Yes
6885,Gujarat,30,Female,Secondary,Private,Unemployed,421040,35086,5,Rural,No,No,Yes
6886,West Bengal,47,Female,Secondary,Farmer,Self-employed,248595,20716,3,Urban,No,Yes,Yes
6887,Rajasthan,52,Male,Higher Secondary,Labour,Employed,100668,8389,7,Rural,Yes,Yes,No
6888,Tamil Nadu,61,Female,Postgraduate,Teacher,Self-employed,741300,61775,4,Rural,Yes,Yes,Yes
6889,Punjab,60,Male,Secondary,Private,Employed,608918,50743,7,Rural,Yes,No,Yes
6890,Gujarat,36,Male,Secondary,Government,Unemployed,741758,61813,6,Urban,No,No,No
6891,Delhi,44,Male,Primary,Healthcare,Self-employed,178013,14834,8,Rural,No,Yes,No
6892,Haryana,28,Female,Graduate,Healthcare,Self-employed,284269,23689,4,Urban,Yes,No,No
6893,Gujarat,45,Male,Higher Secondary,Government,Student,737695,61474,5,Urban,Yes,No,Yes
6894,Uttar Pradesh,31,Female,Higher Secondary,Government,Employed,470630,39219,1,Urban,No,Yes,Yes
6895,Gujarat,59,Female,Graduate,Unemployed,Employed,721642,60136,8,Rural,No,No,Yes
6896,West Bengal,37,Female,Higher Secondary,Government,Employed,513803,42816,5,Urban,No,Yes,Yes
6897,Punjab,30,Male,Primary,Healthcare,Unemployed,232721,19393,5,Rural,No,Yes,Yes
6898,Tamil Nadu,57,Female,Graduate,Teacher,Self-employed,420144,35012,4,Urban,No,No,No
6899,Karnataka,54,Male,Postgraduate,Private,Unemployed,591874,49322,5,Rural,Yes,Yes,Yes
6900,West Bengal,50,Male,Graduate,Engineer,Self-employed,577531,48127,5,Urban,No,Yes,No
6901,Karnataka,34,Female,Primary,Business,Unemployed,854746,71228,1,Rural,No,No,Yes
6902,Punjab,46,Female,Primary,Student,Self-employed,392007,32667,6,Rural,No,No,Yes
6903,Karnataka,56,Male,Primary,Labour,Employed,253527,21127,8,Urban,Yes,No,No
6904,Maharashtra,38,Female,Graduate,Teacher,Student,818041,68170,6,Urban,No,Yes,Yes
6905,Gujarat,47,Male,Graduate,Business,Student,812019,67668,4,Rural,No,Yes,Yes
6906,Maharashtra,57,Female,Postgraduate,Labour,Employed,225193,18766,2,Urban,Yes,Yes,No
6907,Haryana,59,Male,Postgraduate,Business,Unemployed,295371,24614,1,Urban,No,No,No
6908,Haryana,79,Male,Primary,Farmer,Student,484403,40366,1,Rural,No,Yes,No
6909,Rajasthan,65,Female,Postgraduate,Unemployed,Student,249524,20793,4,Rural,Yes,No,Yes
6910,Haryana,36,Female,Primary,Government,Employed,396272,33022,5,Urban,No,No,Yes
6911,Maharashtra,43,Female,Higher Secondary,Labour,Student,490839,40903,4,Urban,No,Yes,No
6912,Karnataka,29,Male,Higher Secondary,Farmer,Self-employed,815378,67948,1,Urban,No,Yes,No
6913,Tamil Nadu,71,Male,Higher Secondary,Farmer,Self-employed,649083,54090,6,Urban,Yes,No,Yes
6914,West Bengal,42,Female,Postgraduate,Farmer,Self-employed,275600,22966,3,Rural,Yes,No,Yes
6915,Gujarat,22,Male,Primary,Engineer,Unemployed,517701,43141,7,Urban,Yes,Yes,No
6916,Delhi,58,Male,Postgraduate,Engineer,Employed,111875,9322,5,Rural,Yes,Yes,Yes
6917,Maharashtra,68,Male,Secondary,Farmer,Employed,557734,46477,5,Rural,No,Yes,Yes
6918,Haryana,20,Male,Higher Secondary,Unemployed,Unemployed,720671,60055,2,Rural,Yes,No,Yes
6919,Punjab,67,Male,Primary,Unemployed,Self-employed,731974,60997,6,Urban,Yes,No,No
6920,Delhi,73,Male,Secondary,Unemployed,Student,593620,49468,5,Rural,Yes,Yes,Yes
6921,Punjab,70,Male,Postgraduate,Business,Unemployed,94697,7891,4,Urban,No,Yes,Yes
6922,Karnataka,64,Male,Higher Secondary,Engineer,Unemployed,899148,74929,3,Rural,No,Yes,No
6923,Karnataka,77,Female,Primary,Farmer,Employed,167722,13976,5,Rural,Yes,Yes,No
6924,Delhi,39,Male,Secondary,Government,Student,747197,62266,4,Urban,Yes,Yes,Yes
6925,Delhi,73,Male,Higher Secondary,Farmer,Self-employed,454047,37837,8,Rural,No,No,No
6926,Gujarat,41,Female,Higher Secondary,Teacher,Self-employed,450288,37524,6,Rural,No,Yes,No
6927,Uttar Pradesh,70,Female,Higher Secondary,Government,Self-employed,1041422,86785,7,Urban,No,Yes,Yes
6928,Delhi,78,Female,Secondary,Engineer,Employed,469239,39103,6,Rural,No,No,Yes
6929,Gujarat,74,Male,Graduate,Government,Unemployed,498338,41528,6,Rural,No,No,Yes
6930,Delhi,78,Male,Graduate,Engineer,Self-employed,467227,38935,4,Rural,Yes,Yes,Yes
6931,Rajasthan,53,Male,Secondary,Labour,Employed,218781,18231,4,Urban,No,Yes,No
6932,Haryana,70,Female,Graduate,Healthcare,Student,317807,26483,8,Rural,No,Yes,Yes
6933,Uttar Pradesh,47,Male,Secondary,Unemployed,Employed,1004274,83689,6,Urban,No,Yes,Yes
6934,Gujarat,48,Female,Higher Secondary,Farmer,Student,788595,65716,4,Urban,No,Yes,No
6935,Rajasthan,76,Female,Higher Secondary,Government,Student,456871,38072,8,Rural,Yes,Yes,No
6936,Haryana,70,Female,Primary,Student,Self-employed,672723,56060,6,Urban,No,Yes,No
6937,Tamil Nadu,40,Male,Postgraduate,Teacher,Self-employed,441164,36763,3,Rural,No,No,Yes
6938,Tamil Nadu,75,Female,Primary,Unemployed,Student,216245,18020,3,Urban,Yes,Yes,Yes
6939,Gujarat,74,Female,Postgraduate,Engineer,Unemployed,942632,78552,3,Urban,No,No,No
6940,Rajasthan,20,Female,Higher Secondary,Healthcare,Unemployed,123561,10296,8,Rural,Yes,No,Yes
6941,Gujarat,53,Female,Secondary,Government,Self-employed,383557,31963,2,Rural,No,No,No
6942,Uttar Pradesh,26,Male,Graduate,Government,Employed,383265,31938,6,Urban,No,No,No
6943,Punjab,25,Female,Graduate,Unemployed,Employed,549776,45814,2,Rural,Yes,No,Yes
6944,Gujarat,53,Female,Higher Secondary,Labour,Student,406468,33872,6,Urban,Yes,No,Yes
6945,Uttar Pradesh,59,Female,Graduate,Government,Self-employed,422978,35248,2,Urban,Yes,No,Yes
6946,Maharashtra,30,Female,Secondary,Teacher,Student,598084,49840,4,Rural,Yes,No,No
6947,West Bengal,65,Male,Higher Secondary,Unemployed,Unemployed,894661,74555,3,Rural,Yes,Yes,Yes
6948,Karnataka,36,Female,Postgraduate,Private,Self-employed,368907,30742,6,Urban,Yes,No,No
6949,Maharashtra,71,Female,Higher Secondary,Private,Unemployed,439188,36599,6,Urban,No,No,Yes
6950,Punjab,30,Male,Higher Secondary,Engineer,Student,193070,16089,3,Rural,No,Yes,No
6951,Uttar Pradesh,18,Male,Higher Secondary,Farmer,Student,407516,33959,7,Urban,Yes,Yes,No
6952,Gujarat,36,Male,Graduate,Farmer,Self-employed,352902,29408,1,Urban,No,No,No
6953,Delhi,73,Female,Postgraduate,Business,Employed,785426,65452,4,Rural,No,No,No
6954,Rajasthan,36,Male,Higher Secondary,Unemployed,Unemployed,728207,60683,7,Urban,Yes,No,No
6955,Tamil Nadu,56,Male,Primary,Business,Student,498770,41564,3,Urban,No,Yes,Yes
6956,Uttar Pradesh,66,Male,Higher Secondary,Farmer,Self-employed,688788,57399,3,Urban,Yes,No,No
6957,Maharashtra,51,Female,Graduate,Private,Unemployed,387262,32271,7,Rural,Yes,Yes,No
6958,Haryana,77,Male,Postgraduate,Labour,Unemployed,883179,73598,7,Urban,No,No,Yes
6959,Tamil Nadu,70,Male,Secondary,Private,Unemployed,664087,55340,5,Rural,No,No,Yes
6960,Gujarat,80,Male,Primary,Business,Student,577287,48107,1,Rural,Yes,Yes,Yes
6961,Punjab,61,Female,Secondary,Student,Student,651792,54316,6,Urban,Yes,No,No
6962,Delhi,23,Male,Primary,Student,Employed,891854,74321,1,Urban,No,Yes,No
6963,Punjab,74,Female,Secondary,Farmer,Unemployed,690143,57511,3,Urban,Yes,Yes,Yes
6964,Delhi,32,Female,Postgraduate,Private,Student,347800,28983,7,Urban,Yes,No,Yes
6965,Haryana,64,Male,Primary,Government,Student,347619,28968,8,Urban,No,No,Yes
6966,West Bengal,45,Female,Primary,Teacher,Self-employed,691172,57597,5,Urban,No,Yes,Yes
6967,Maharashtra,32,Male,Secondary,Labour,Employed,459452,38287,4,Urban,No,Yes,Yes
6968,Haryana,63,Male,Graduate,Government,Self-employed,68663,5721,8,Urban,Yes,Yes,No
6969,Delhi,34,Female,Secondary,Private,Student,148326,12360,2,Urban,No,No,Yes
6970,Tamil Nadu,62,Female,Primary,Healthcare,Student,399034,33252,6,Rural,No,Yes,No
6971,Gujarat,54,Male,Secondary,Labour,Employed,510308,42525,2,Urban,Yes,Yes,Yes
6972,Punjab,37,Male,Postgraduate,Engineer,Unemployed,1004623,83718,8,Rural,No,Yes,No
6973,West Bengal,72,Female,Secondary,Engineer,Employed,206296,17191,6,Urban,Yes,Yes,Yes
6974,Uttar Pradesh,36,Male,Graduate,Teacher,Employed,135850,11320,1,Urban,Yes,Yes,Yes
6975,Rajasthan,64,Male,Secondary,Business,Unemployed,881522,73460,3,Rural,Yes,Yes,Yes
6976,Delhi,62,Female,Graduate,Business,Self-employed,414052,34504,7,Rural,Yes,No,No
6977,Haryana,62,Male,Graduate,Unemployed,Unemployed,479172,39931,7,Rural,No,No,Yes
6978,Rajasthan,49,Female,Secondary,Engineer,Self-employed,722248,60187,2,Rural,No,Yes,No
6979,Tamil Nadu,52,Male,Higher Secondary,Private,Student,375688,31307,3,Urban,No,No,Yes
6980,West Bengal,41,Male,Secondary,Business,Employed,551456,45954,2,Urban,Yes,Yes,No
6981,Haryana,64,Female,Postgraduate,Teacher,Student,625592,52132,5,Rural,No,No,No
6982,Delhi,75,Female,Primary,Healthcare,Self-employed,835448,69620,1,Rural,Yes,Yes,No
6983,Tamil Nadu,68,Female,Graduate,Teacher,Student,285601,23800,3,Rural,Yes,Yes,Yes
6984,Uttar Pradesh,67,Male,Higher Secondary,Student,Unemployed,539966,44997,2,Rural,No,Yes,Yes
6985,West Bengal,47,Male,Postgraduate,Farmer,Self-employed,536032,44669,6,Urban,Yes,Yes,No
6986,Delhi,64,Female,Higher Secondary,Student,Unemployed,270900,22575,4,Rural,No,Yes,Yes
6987,Tamil Nadu,63,Female,Primary,Labour,Self-employed,488091,40674,6,Rural,Yes,No,Yes
6988,Gujarat,23,Female,Postgraduate,Student,Student,597953,49829,8,Rural,No,No,Yes
6989,Karnataka,49,Female,Secondary,Healthcare,Employed,293717,24476,7,Rural,Yes,Yes,No
6990,Tamil Nadu,76,Male,Primary,Student,Self-employed,915430,76285,3,Rural,Yes,No,Yes
6991,Maharashtra,59,Female,Primary,Government,Student,625951,52162,2,Rural,Yes,Yes,Yes
6992,West Bengal,55,Female,Secondary,Private,Self-employed,474898,39574,5,Urban,No,No,Yes
6993,Haryana,71,Male,Secondary,Labour,Unemployed,522152,43512,8,Rural,No,Yes,Yes
6994,Uttar Pradesh,28,Male,Graduate,Business,Student,438718,36559,2,Rural,No,Yes,No
6995,Delhi,20,Female,Primary,Farmer,Self-employed,256699,21391,7,Rural,Yes,Yes,No
6996,Punjab,76,Male,Postgraduate,Private,Student,252144,21012,1,Urban,No,No,No
6997,Punjab,27,Male,Higher Secondary,Government,Employed,391165,32597,3,Rural,Yes,Yes,Yes
6998,West Bengal,45,Female,Primary,Government,Employed,938122,78176,4,Rural,No,Yes,No
6999,Rajasthan,37,Female,Graduate,Healthcare,Self-employed,406698,33891,5,Urban,Yes,Yes,Yes
7000,Tamil Nadu,78,Female,Primary,Student,Unemployed,602151,50179,3,Urban,No,Yes,No
7001,Haryana,54,Female,Secondary,Healthcare,Self-employed,807317,67276,6,Urban,Yes,Yes,No
7002,West Bengal,49,Male,Graduate,Healthcare,Employed,160497,13374,6,Rural,No,No,Yes
7003,Tamil Nadu,50,Female,Higher Secondary,Government,Student,229959,19163,5,Urban,Yes,Yes,Yes
7004,Uttar Pradesh,76,Female,Secondary,Business,Unemployed,808168,67347,6,Rural,Yes,No,No
7005,West Bengal,60,Female,Graduate,Farmer,Employed,381472,31789,8,Urban,No,No,Yes
7006,Karnataka,47,Male,Secondary,Unemployed,Employed,601704,50142,5,Urban,Yes,No,Yes
7007,Maharashtra,54,Male,Secondary,Private,Employed,1172501,97708,8,Rural,No,No,Yes
7008,Rajasthan,51,Female,Graduate,Business,Employed,821693,68474,4,Urban,Yes,Yes,Yes
7009,Karnataka,41,Male,Higher Secondary,Teacher,Self-employed,564593,47049,3,Rural,No,No,Yes
7010,Haryana,48,Male,Primary,Labour,Student,693237,57769,1,Rural,No,No,Yes
7011,Maharashtra,45,Male,Graduate,Student,Employed,817378,68114,6,Rural,Yes,Yes,No
7012,Uttar Pradesh,70,Male,Postgraduate,Healthcare,Unemployed,449605,37467,3,Urban,No,No,No
7013,Uttar Pradesh,28,Male,Postgraduate,Labour,Self-employed,915669,76305,2,Urban,No,Yes,Yes
7014,Haryana,52,Male,Graduate,Business,Unemployed,647896,53991,1,Rural,No,Yes,Yes
7015,Uttar Pradesh,18,Female,Graduate,Student,Unemployed,677248,56437,3,Urban,Yes,No,No
7016,Delhi,73,Female,Postgraduate,Teacher,Student,1040568,86714,3,Urban,Yes,No,Yes
7017,Rajasthan,57,Female,Graduate,Unemployed,Unemployed,60000,5000,1,Rural,No,Yes,Yes
7018,Rajasthan,20,Male,Postgraduate,Farmer,Employed,898791,74899,2,Rural,Yes,No,No
7019,Karnataka,78,Female,Primary,Teacher,Self-employed,406575,33881,2,Rural,No,Yes,Yes
7020,Punjab,34,Female,Secondary,Labour,Student,565512,47126,1,Rural,No,Yes,Yes
7021,Delhi,23,Female,Primary,Unemployed,Employed,384939,32078,6,Rural,Yes,Yes,No
7022,Maharashtra,31,Male,Secondary,Unemployed,Unemployed,216537,18044,5,Urban,No,Yes,Yes
7023,Uttar Pradesh,40,Female,Postgraduate,Unemployed,Unemployed,624305,52025,8,Rural,No,Yes,Yes
7024,West Bengal,43,Male,Primary,Unemployed,Self-employed,966526,80543,4,Rural,No,No,No
7025,Maharashtra,79,Female,Primary,Teacher,Unemployed,366285,30523,3,Rural,No,Yes,No
7026,Karnataka,27,Male,Higher Secondary,Engineer,Unemployed,820701,68391,4,Rural,Yes,No,No
7027,Tamil Nadu,56,Female,Higher Secondary,Healthcare,Self-employed,385256,32104,6,Urban,Yes,Yes,Yes
7028,Uttar Pradesh,48,Male,Graduate,Unemployed,Unemployed,371642,30970,3,Rural,No,No,Yes
7029,Gujarat,56,Male,Secondary,Business,Unemployed,847875,70656,3,Urban,Yes,No,No
7030,Karnataka,67,Male,Secondary,Business,Employed,302066,25172,4,Urban,No,No,Yes
7031,Punjab,20,Female,Primary,Farmer,Unemployed,855879,71323,3,Urban,Yes,No,Yes
7032,Maharashtra,47,Male,Postgraduate,Teacher,Unemployed,199432,16619,2,Rural,No,Yes,No
7033,Karnataka,59,Male,Secondary,Unemployed,Self-employed,917435,76452,2,Rural,No,Yes,No
7034,Rajasthan,50,Female,Higher Secondary,Unemployed,Student,532432,44369,3,Urban,No,Yes,Yes
7035,Punjab,38,Female,Secondary,Farmer,Self-employed,407773,33981,6,Rural,Yes,No,Yes
7036,Uttar Pradesh,65,Female,Postgraduate,Government,Employed,722498,60208,1,Urban,Yes,No,No
7037,Delhi,19,Male,Higher Secondary,Labour,Self-employed,432410,36034,7,Urban,No,Yes,Yes
7038,Punjab,25,Female,Postgraduate,Government,Self-employed,696829,58069,7,Urban,Yes,Yes,No
7039,Delhi,43,Male,Graduate,Unemployed,Self-employed,730734,60894,8,Rural,Yes,No,Yes
7040,Uttar Pradesh,41,Male,Primary,Teacher,Self-employed,499212,41601,1,Urban,Yes,No,Yes
7041,Uttar Pradesh,70,Female,Graduate,Government,Self-employed,338719,28226,6,Rural,No,No,Yes
7042,Uttar Pradesh,36,Female,Graduate,Labour,Employed,549084,45757,4,Urban,Yes,Yes,Yes
7043,Karnataka,76,Male,Higher Secondary,Teacher,Employed,418588,34882,1,Rural,No,No,Yes
7044,West Bengal,70,Female,Higher Secondary,Teacher,Unemployed,156211,13017,5,Rural,Yes,No,Yes
7045,Tamil Nadu,58,Male,Higher Secondary,Unemployed,Employed,92424,7702,8,Rural,No,No,Yes
7046,Gujarat,63,Male,Graduate,Labour,Employed,170480,14206,8,Urban,No,Yes,No
7047,Gujarat,56,Male,Postgraduate,Student,Unemployed,461041,38420,7,Rural,Yes,Yes,No
7048,Maharashtra,32,Female,Secondary,Farmer,Student,533220,44435,1,Rural,No,Yes,No
7049,Uttar Pradesh,39,Male,Higher Secondary,Farmer,Unemployed,1145315,95442,5,Urban,Yes,No,Yes
7050,Karnataka,80,Female,Postgraduate,Private,Unemployed,447989,37332,5,Urban,Yes,Yes,No
7051,Punjab,71,Female,Postgraduate,Unemployed,Employed,861702,71808,4,Rural,No,Yes,No
7052,Gujarat,43,Female,Higher Secondary,Farmer,Employed,294614,24551,2,Urban,Yes,No,Yes
7053,Punjab,51,Male,Postgraduate,Healthcare,Student,331775,27647,6,Urban,Yes,No,Yes
7054,Karnataka,79,Female,Secondary,Healthcare,Unemployed,938181,78181,6,Rural,Yes,No,Yes
7055,Haryana,33,Male,Graduate,Government,Unemployed,333794,27816,1,Urban,No,No,No
7056,West Bengal,26,Female,Postgraduate,Private,Self-employed,579672,48306,2,Urban,Yes,No,No
7057,Gujarat,56,Female,Secondary,Teacher,Employed,593853,49487,6,Rural,Yes,No,No
7058,Gujarat,28,Male,Higher Secondary,Healthcare,Employed,662031,55169,5,Rural,No,Yes,No
7059,Delhi,24,Female,Graduate,Business,Self-employed,311256,25938,3,Urban,Yes,No,No
7060,Delhi,46,Female,Postgraduate,Private,Self-employed,669727,55810,4,Rural,No,No,No
7061,Gujarat,36,Male,Primary,Teacher,Unemployed,570878,47573,2,Rural,No,Yes,Yes
7062,Haryana,71,Male,Higher Secondary,Private,Student,830234,69186,7,Rural,No,No,Yes
7063,Punjab,56,Male,Postgraduate,Government,Employed,237822,19818,1,Urban,Yes,Yes,No
7064,Delhi,68,Female,Postgraduate,Farmer,Student,503734,41977,4,Urban,Yes,No,No
7065,Tamil Nadu,51,Female,Graduate,Engineer,Unemployed,837607,69800,6,Rural,Yes,No,Yes
7066,Tamil Nadu,42,Male,Primary,Government,Self-employed,501264,41772,6,Rural,No,No,Yes
7067,West Bengal,35,Male,Graduate,Teacher,Self-employed,403235,33602,2,Rural,Yes,No,Yes
7068,Maharashtra,37,Male,Higher Secondary,Business,Self-employed,550441,45870,8,Urban,No,Yes,No
7069,Punjab,78,Male,Higher Secondary,Engineer,Unemployed,457412,38117,6,Rural,No,Yes,No
7070,Tamil Nadu,80,Female,Graduate,Private,Student,631277,52606,5,Urban,No,No,No
7071,Maharashtra,57,Male,Graduate,Unemployed,Employed,239353,19946,4,Urban,No,No,No
7072,Gujarat,25,Male,Higher Secondary,Labour,Student,564193,47016,5,Urban,No,No,No
7073,Rajasthan,58,Female,Secondary,Private,Employed,395455,32954,6,Rural,Yes,No,No
7074,Gujarat,18,Male,Graduate,Business,Unemployed,611733,50977,6,Rural,No,No,No
7075,Haryana,57,Male,Postgraduate,Healthcare,Self-employed,870175,72514,8,Rural,No,Yes,No
7076,Tamil Nadu,54,Female,Secondary,Unemployed,Self-employed,854158,71179,1,Rural,Yes,Yes,Yes
7077,Tamil Nadu,51,Male,Graduate,Teacher,Employed,365303,30441,4,Rural,No,No,Yes
7078,Tamil Nadu,63,Male,Primary,Private,Student,920654,76721,5,Rural,No,Yes,Yes
7079,West Bengal,61,Male,Primary,Labour,Employed,426737,35561,4,Urban,Yes,Yes,Yes
7080,Uttar Pradesh,70,Female,Secondary,Business,Employed,431631,35969,4,Rural,No,No,Yes
7081,Punjab,30,Male,Graduate,Labour,Employed,598423,49868,8,Rural,No,Yes,No
7082,Haryana,66,Female,Graduate,Private,Self-employed,175210,14600,1,Urban,No,No,Yes
7083,Haryana,38,Female,Secondary,Unemployed,Student,431683,35973,8,Urban,No,No,No
7084,Tamil Nadu,27,Female,Graduate,Teacher,Student,748655,62387,7,Rural,No,No,No
7085,Tamil Nadu,39,Female,Postgraduate,Teacher,Unemployed,364617,30384,5,Urban,Yes,No,No
7086,Karnataka,77,Male,Primary,Engineer,Self-employed,367027,30585,6,Rural,Yes,Yes,Yes
7087,Tamil Nadu,32,Female,Primary,Labour,Student,195726,16310,1,Urban,No,Yes,Yes
7088,West Bengal,52,Female,Secondary,Healthcare,Student,61643,5136,8,Urban,No,Yes,No
7089,Rajasthan,69,Female,Graduate,Private,Unemployed,594601,49550,4,Urban,No,No,No
7090,Delhi,72,Male,Primary,Private,Self-employed,283347,23612,2,Rural,Yes,Yes,Yes
7091,Maharashtra,31,Female,Graduate,Business,Student,334140,27845,8,Rural,No,Yes,Yes
7092,Tamil Nadu,55,Male,Graduate,Government,Employed,188137,15678,1,Rural,No,No,Yes
7093,Haryana,25,Female,Secondary,Healthcare,Student,60000,5000,8,Urban,Yes,Yes,No
7094,Gujarat,45,Female,Primary,Farmer,Employed,306046,25503,5,Urban,Yes,No,Yes
7095,Maharashtra,53,Female,Postgraduate,Labour,Student,592876,49406,4,Urban,Yes,No,Yes
7096,Gujarat,30,Male,Primary,Teacher,Self-employed,453656,37804,5,Rural,Yes,Yes,No
7097,Uttar Pradesh,48,Male,Secondary,Business,Student,60000,5000,1,Rural,Yes,No,Yes
7098,Uttar Pradesh,27,Male,Graduate,Engineer,Self-employed,284122,23676,7,Urban,No,No,Yes
7099,Rajasthan,63,Male,Primary,Farmer,Self-employed,513441,42786,5,Urban,Yes,No,No
7100,Gujarat,22,Male,Higher Secondary,Government,Employed,561620,46801,3,Rural,No,Yes,Yes
7101,Karnataka,45,Female,Higher Secondary,Business,Self-employed,344983,28748,4,Rural,Yes,Yes,Yes
7102,Karnataka,32,Male,Higher Secondary,Student,Self-employed,793685,66140,4,Urban,No,Yes,Yes
7103,Delhi,33,Female,Primary,Government,Student,950479,79206,3,Rural,Yes,No,Yes
7104,Delhi,79,Female,Higher Secondary,Government,Employed,540158,45013,3,Urban,No,No,Yes
7105,Maharashtra,36,Male,Secondary,Private,Employed,253938,21161,1,Urban,No,Yes,No
7106,Karnataka,41,Female,Secondary,Student,Self-employed,431384,35948,8,Rural,Yes,No,No
7107,Karnataka,50,Male,Postgraduate,Private,Student,496810,41400,2,Urban,No,Yes,No
7108,Karnataka,61,Male,Secondary,Engineer,Unemployed,566199,47183,7,Urban,Yes,Yes,Yes
7109,Tamil Nadu,75,Female,Primary,Government,Unemployed,718194,59849,1,Urban,No,Yes,Yes
7110,Punjab,32,Male,Secondary,Student,Student,547857,45654,1,Urban,No,No,Yes
7111,Maharashtra,49,Female,Postgraduate,Engineer,Employed,559781,46648,5,Rural,No,No,No
7112,Delhi,40,Female,Postgraduate,Government,Employed,727253,60604,3,Urban,Yes,No,No
7113,Maharashtra,64,Female,Graduate,Farmer,Employed,688987,57415,4,Rural,Yes,Yes,Yes
7114,Maharashtra,65,Male,Higher Secondary,Business,Employed,726818,60568,8,Rural,Yes,Yes,No
7115,Rajasthan,66,Male,Secondary,Farmer,Student,324244,27020,3,Rural,No,No,Yes
7116,Tamil Nadu,41,Male,Higher Secondary,Student,Student,807379,67281,5,Urban,Yes,Yes,No
7117,West Bengal,47,Female,Primary,Teacher,Student,563915,46992,7,Urban,Yes,No,No
7118,Tamil Nadu,58,Male,Secondary,Teacher,Unemployed,331370,27614,5,Urban,No,Yes,No
7119,Uttar Pradesh,52,Female,Secondary,Unemployed,Student,71485,5957,6,Rural,Yes,No,Yes
7120,Delhi,64,Female,Postgraduate,Government,Unemployed,749594,62466,4,Rural,Yes,No,Yes
7121,West Bengal,52,Female,Higher Secondary,Private,Employed,60000,5000,3,Rural,Yes,No,Yes
7122,Haryana,24,Female,Graduate,Engineer,Employed,849039,70753,2,Urban,Yes,No,No
7123,Delhi,23,Female,Postgraduate,Government,Employed,442398,36866,8,Rural,No,Yes,Yes
7124,Rajasthan,42,Male,Secondary,Government,Employed,928181,77348,5,Urban,No,Yes,No
7125,Rajasthan,27,Male,Primary,Healthcare,Employed,344126,28677,5,Rural,No,Yes,Yes
7126,Delhi,71,Male,Higher Secondary,Labour,Unemployed,601866,50155,4,Rural,Yes,No,Yes
7127,Gujarat,56,Female,Primary,Student,Employed,388505,32375,1,Rural,No,No,Yes
7128,Uttar Pradesh,33,Male,Secondary,Teacher,Student,328831,27402,1,Urban,Yes,No,Yes
7129,Delhi,62,Male,Graduate,Private,Employed,891796,74316,3,Rural,No,Yes,No
7130,Tamil Nadu,36,Female,Higher Secondary,Teacher,Student,466974,38914,1,Urban,No,No,Yes
7131,West Bengal,50,Female,Postgraduate,Farmer,Self-employed,463210,38600,6,Urban,Yes,No,No
7132,West Bengal,79,Female,Postgraduate,Farmer,Unemployed,364586,30382,1,Rural,Yes,Yes,No
7133,Maharashtra,21,Female,Postgraduate,Government,Student,759018,63251,1,Rural,Yes,Yes,No
7134,Uttar Pradesh,24,Male,Higher Secondary,Farmer,Self-employed,537031,44752,8,Rural,No,No,Yes
7135,Uttar Pradesh,24,Male,Higher Secondary,Unemployed,Self-employed,331971,27664,6,Rural,Yes,No,No
7136,Rajasthan,72,Female,Secondary,Unemployed,Unemployed,417235,34769,8,Rural,Yes,Yes,No
7137,Punjab,47,Male,Postgraduate,Unemployed,Self-employed,1179842,98320,4,Urban,No,Yes,No
7138,Haryana,24,Female,Higher Secondary,Private,Unemployed,577065,48088,3,Urban,Yes,No,No
7139,Tamil Nadu,68,Male,Secondary,Government,Self-employed,600987,50082,8,Rural,Yes,No,No
7140,Uttar Pradesh,61,Male,Postgraduate,Unemployed,Self-employed,513373,42781,3,Urban,Yes,Yes,Yes
7141,Punjab,77,Male,Secondary,Private,Self-employed,574093,47841,6,Rural,Yes,No,No
7142,Karnataka,58,Male,Primary,Farmer,Employed,146915,12242,4,Rural,Yes,No,Yes
7143,Karnataka,26,Female,Primary,Unemployed,Self-employed,681753,56812,5,Urban,No,Yes,No
7144,Haryana,54,Female,Postgraduate,Business,Unemployed,546137,45511,2,Urban,No,Yes,Yes
7145,Maharashtra,41,Female,Postgraduate,Student,Self-employed,461419,38451,2,Urban,Yes,No,No
7146,Tamil Nadu,62,Female,Higher Secondary,Healthcare,Employed,670911,55909,1,Urban,No,No,Yes
7147,Haryana,58,Female,Postgraduate,Private,Unemployed,340421,28368,2,Urban,No,Yes,Yes
7148,Tamil Nadu,64,Male,Primary,Labour,Unemployed,785178,65431,3,Rural,No,Yes,Yes
7149,Uttar Pradesh,22,Male,Postgraduate,Teacher,Unemployed,478381,39865,1,Rural,No,Yes,Yes
7150,Gujarat,38,Male,Higher Secondary,Healthcare,Student,313794,26149,5,Urban,No,No,Yes
7151,Gujarat,51,Male,Higher Secondary,Government,Self-employed,250011,20834,4,Urban,Yes,Yes,Yes
7152,Gujarat,68,Male,Primary,Teacher,Student,446354,37196,5,Urban,Yes,No,No
7153,Rajasthan,78,Female,Postgraduate,Teacher,Unemployed,379405,31617,5,Urban,Yes,Yes,Yes
7154,Karnataka,79,Male,Secondary,Engineer,Unemployed,477744,39812,3,Urban,No,Yes,Yes
7155,Tamil Nadu,67,Female,Secondary,Farmer,Employed,509194,42432,3,Urban,Yes,No,No
7156,Rajasthan,20,Female,Primary,Teacher,Self-employed,391593,32632,8,Rural,No,Yes,No
7157,Karnataka,71,Female,Graduate,Unemployed,Employed,766233,63852,1,Urban,Yes,No,Yes
7158,Gujarat,80,Male,Graduate,Unemployed,Self-employed,1080002,90000,1,Rural,Yes,Yes,Yes
7159,Uttar Pradesh,31,Male,Graduate,Teacher,Unemployed,663405,55283,5,Rural,Yes,Yes,No
7160,Punjab,58,Female,Postgraduate,Government,Employed,666920,55576,8,Urban,Yes,No,No
7161,Uttar Pradesh,19,Female,Graduate,Healthcare,Student,407723,33976,8,Rural,Yes,Yes,Yes
7162,Maharashtra,38,Female,Postgraduate,Engineer,Employed,509486,42457,4,Rural,Yes,No,Yes
7163,Delhi,63,Female,Graduate,Labour,Student,468394,39032,1,Urban,Yes,Yes,No
7164,Haryana,54,Male,Secondary,Labour,Unemployed,321477,26789,7,Rural,Yes,Yes,Yes
7165,Punjab,35,Male,Graduate,Unemployed,Self-employed,360385,30032,3,Rural,Yes,No,Yes
7166,Delhi,41,Female,Primary,Healthcare,Unemployed,138900,11575,5,Rural,No,No,Yes
7167,Rajasthan,77,Male,Postgraduate,Engineer,Unemployed,863608,71967,8,Urban,Yes,No,Yes
7168,Rajasthan,42,Female,Primary,Teacher,Student,60000,5000,3,Urban,No,Yes,No
7169,Uttar Pradesh,29,Male,Secondary,Student,Employed,584203,48683,7,Urban,No,No,Yes
7170,Rajasthan,30,Male,Secondary,Teacher,Employed,444905,37075,4,Urban,No,No,Yes
7171,Haryana,39,Male,Secondary,Farmer,Student,561211,46767,7,Rural,Yes,Yes,Yes
7172,Karnataka,45,Female,Graduate,Business,Unemployed,585216,48768,8,Rural,Yes,No,No
7173,Tamil Nadu,46,Female,Secondary,Teacher,Unemployed,1112876,92739,1,Urban,Yes,Yes,Yes
7174,Rajasthan,60,Male,Graduate,Government,Student,60000,5000,8,Rural,Yes,Yes,No
7175,Karnataka,75,Female,Higher Secondary,Unemployed,Self-employed,817424,68118,8,Urban,Yes,Yes,No
7176,Maharashtra,43,Male,Primary,Business,Employed,268053,22337,2,Urban,Yes,No,Yes
7177,West Bengal,75,Male,Graduate,Government,Unemployed,458938,38244,6,Urban,Yes,Yes,Yes
7178,Maharashtra,38,Female,Postgraduate,Engineer,Unemployed,213784,17815,7,Rural,Yes,Yes,No
7179,Haryana,44,Female,Higher Secondary,Government,Unemployed,956354,79696,4,Rural,No,Yes,No
7180,Uttar Pradesh,80,Male,Postgraduate,Labour,Student,385756,32146,3,Urban,No,Yes,Yes
7181,Delhi,65,Female,Postgraduate,Teacher,Self-employed,574184,47848,3,Urban,No,Yes,Yes
7182,Uttar Pradesh,73,Female,Postgraduate,Healthcare,Student,211420,17618,4,Rural,No,Yes,Yes
7183,Punjab,66,Male,Higher Secondary,Business,Employed,693203,57766,6,Rural,No,Yes,No
7184,Uttar Pradesh,45,Female,Higher Secondary,Farmer,Student,888041,74003,8,Rural,Yes,No,Yes
7185,Haryana,28,Male,Secondary,Labour,Unemployed,160133,13344,8,Urban,Yes,Yes,No
7186,Uttar Pradesh,59,Male,Higher Secondary,Labour,Unemployed,455970,37997,2,Urban,No,No,No
7187,Haryana,48,Female,Higher Secondary,Unemployed,Self-employed,547843,45653,1,Urban,Yes,No,Yes
7188,Delhi,75,Male,Higher Secondary,Farmer,Unemployed,529795,44149,1,Rural,Yes,Yes,No
7189,Tamil Nadu,80,Male,Primary,Farmer,Student,743635,61969,4,Urban,No,Yes,No
7190,Haryana,39,Male,Graduate,Student,Self-employed,635025,52918,7,Urban,No,Yes,No
7191,Rajasthan,72,Female,Postgraduate,Student,Student,368728,30727,1,Rural,Yes,No,Yes
7192,Maharashtra,75,Female,Primary,Business,Self-employed,409365,34113,1,Rural,No,No,No
7193,West Bengal,30,Female,Graduate,Healthcare,Student,232269,19355,1,Rural,No,No,Yes
7194,Delhi,35,Male,Secondary,Labour,Unemployed,697904,58158,8,Rural,No,No,No
7195,Haryana,66,Male,Postgraduate,Business,Student,844556,70379,7,Rural,No,No,Yes
7196,Maharashtra,48,Male,Primary,Labour,Student,705502,58791,6,Rural,Yes,No,Yes
7197,Gujarat,66,Male,Postgraduate,Healthcare,Employed,295652,24637,1,Rural,Yes,Yes,No
7198,Punjab,43,Female,Higher Secondary,Teacher,Student,627278,52273,2,Rural,No,Yes,No
7199,Delhi,70,Female,Higher Secondary,Business,Self-employed,651223,54268,7,Urban,Yes,No,No
7200,Tamil Nadu,75,Female,Primary,Student,Employed,940173,78347,5,Urban,Yes,Yes,Yes
7201,Rajasthan,42,Female,Higher Secondary,Private,Unemployed,552269,46022,4,Rural,Yes,No,No
7202,Karnataka,33,Female,Higher Secondary,Healthcare,Student,298113,24842,2,Rural,Yes,No,No
7203,Tamil Nadu,34,Female,Higher Secondary,Unemployed,Employed,567698,47308,1,Rural,No,No,No
7204,Gujarat,65,Female,Secondary,Healthcare,Self-employed,60000,5000,4,Rural,No,No,No
7205,Gujarat,29,Male,Graduate,Government,Self-employed,293383,24448,1,Rural,No,No,Yes
7206,Delhi,77,Male,Primary,Private,Unemployed,60000,5000,8,Rural,Yes,No,Yes
7207,West Bengal,52,Female,Postgraduate,Healthcare,Employed,541054,45087,8,Urban,Yes,No,No
7208,Delhi,34,Male,Higher Secondary,Labour,Employed,856028,71335,6,Rural,Yes,Yes,Yes
7209,Punjab,44,Female,Secondary,Engineer,Employed,400239,33353,1,Rural,No,No,No
7210,West Bengal,75,Female,Primary,Private,Employed,256305,21358,8,Urban,Yes,No,Yes
7211,Haryana,46,Female,Secondary,Student,Self-employed,727018,60584,4,Rural,Yes,Yes,Yes
7212,Uttar Pradesh,57,Female,Secondary,Healthcare,Self-employed,449763,37480,3,Urban,Yes,Yes,No
7213,Karnataka,65,Female,Higher Secondary,Teacher,Employed,93344,7778,5,Urban,No,No,Yes
7214,Karnataka,19,Male,Higher Secondary,Farmer,Employed,496406,41367,3,Urban,No,Yes,Yes
7215,Karnataka,50,Male,Secondary,Student,Self-employed,364353,30362,3,Urban,No,No,No
7216,Punjab,31,Female,Higher Secondary,Unemployed,Employed,60000,5000,2,Urban,No,No,No
7217,Gujarat,74,Male,Graduate,Healthcare,Self-employed,163313,13609,5,Urban,No,No,Yes
7218,Rajasthan,21,Female,Secondary,Unemployed,Unemployed,229428,19119,3,Rural,Yes,Yes,No
7219,Haryana,73,Male,Secondary,Private,Student,562839,46903,2,Rural,Yes,Yes,Yes
7220,Rajasthan,54,Female,Higher Secondary,Business,Employed,269258,22438,5,Rural,No,Yes,No
7221,Punjab,67,Male,Secondary,Labour,Employed,456083,38006,2,Rural,Yes,No,Yes
7222,Delhi,42,Male,Higher Secondary,Healthcare,Employed,1139342,94945,3,Rural,No,No,No
7223,Karnataka,41,Male,Primary,Farmer,Employed,679529,56627,4,Rural,No,Yes,Yes
7224,Tamil Nadu,58,Female,Secondary,Labour,Self-employed,489363,40780,1,Rural,Yes,Yes,Yes
7225,Karnataka,61,Female,Primary,Labour,Employed,625245,52103,2,Rural,Yes,Yes,No
7226,Gujarat,25,Female,Graduate,Farmer,Self-employed,747765,62313,8,Rural,No,Yes,Yes
7227,West Bengal,32,Male,Graduate,Private,Student,478508,39875,8,Urban,Yes,No,No
7228,Tamil Nadu,50,Male,Primary,Healthcare,Employed,419398,34949,6,Urban,No,No,Yes
7229,Uttar Pradesh,60,Female,Secondary,Business,Employed,300906,25075,8,Rural,No,Yes,Yes
7230,Maharashtra,72,Female,Graduate,Healthcare,Student,246502,20541,7,Urban,Yes,Yes,Yes
7231,Punjab,54,Male,Graduate,Student,Self-employed,715293,59607,6,Rural,Yes,Yes,Yes
7232,Maharashtra,79,Male,Secondary,Farmer,Employed,307026,25585,2,Rural,No,Yes,Yes
7233,Gujarat,18,Male,Graduate,Student,Student,423345,35278,7,Urban,No,Yes,No
7234,Punjab,48,Female,Primary,Government,Self-employed,804089,67007,5,Urban,Yes,No,No
7235,Karnataka,27,Male,Higher Secondary,Private,Employed,628214,52351,1,Urban,No,Yes,No
7236,Maharashtra,78,Male,Graduate,Government,Self-employed,371659,30971,6,Urban,Yes,No,Yes
7237,Punjab,51,Male,Primary,Business,Employed,376226,31352,5,Urban,Yes,Yes,Yes
7238,Gujarat,71,Male,Secondary,Engineer,Employed,287048,23920,1,Rural,Yes,No,No
7239,West Bengal,75,Male,Primary,Business,Student,761504,63458,2,Rural,Yes,No,Yes
7240,West Bengal,45,Male,Graduate,Teacher,Student,952386,79365,5,Urban,No,Yes,Yes
7241,Karnataka,36,Male,Primary,Private,Employed,656824,54735,2,Rural,No,Yes,No
7242,Maharashtra,24,Female,Graduate,Unemployed,Student,550519,45876,6,Rural,Yes,No,Yes
7243,Gujarat,73,Male,Postgraduate,Student,Employed,980327,81693,5,Rural,Yes,Yes,No
7244,Delhi,47,Male,Postgraduate,Private,Employed,823480,68623,2,Urban,Yes,No,No
7245,Punjab,63,Female,Secondary,Student,Self-employed,553052,46087,1,Urban,No,Yes,Yes
7246,West Bengal,19,Male,Primary,Healthcare,Employed,300214,25017,7,Urban,Yes,Yes,No
7247,Gujarat,38,Male,Graduate,Engineer,Unemployed,694279,57856,2,Urban,No,No,Yes
7248,Karnataka,66,Male,Primary,Engineer,Unemployed,361650,30137,3,Urban,Yes,No,No
7249,Punjab,77,Male,Graduate,Private,Self-employed,273379,22781,4,Rural,Yes,Yes,No
7250,Haryana,71,Male,Postgraduate,Healthcare,Student,349300,29108,8,Urban,Yes,No,Yes
7251,Gujarat,26,Male,Postgraduate,Labour,Student,290833,24236,3,Rural,Yes,Yes,No
7252,Delhi,64,Male,Secondary,Farmer,Unemployed,420619,35051,1,Rural,No,No,Yes
7253,Karnataka,20,Male,Secondary,Teacher,Unemployed,60000,5000,7,Rural,No,No,Yes
7254,Delhi,60,Male,Higher Secondary,Engineer,Employed,451452,37621,2,Urban,Yes,Yes,No
7255,Gujarat,46,Male,Higher Secondary,Private,Employed,766004,63833,1,Urban,No,No,No
7256,Punjab,19,Female,Secondary,Student,Employed,577439,48119,7,Rural,No,No,No
7257,Punjab,52,Male,Primary,Teacher,Unemployed,368047,30670,1,Rural,No,Yes,No
7258,Uttar Pradesh,25,Male,Graduate,Teacher,Employed,738623,61551,7,Rural,Yes,No,No
7259,Haryana,74,Male,Higher Secondary,Engineer,Self-employed,757180,63098,5,Urban,No,Yes,Yes
7260,Rajasthan,38,Female,Higher Secondary,Government,Unemployed,580903,48408,5,Urban,No,No,No
7261,Delhi,45,Female,Higher Secondary,Farmer,Unemployed,534812,44567,7,Rural,No,No,Yes
7262,Maharashtra,33,Female,Postgraduate,Student,Student,672089,56007,5,Rural,No,No,No
7263,Karnataka,37,Female,Graduate,Unemployed,Employed,456335,38027,5,Rural,Yes,No,No
7264,Maharashtra,62,Female,Secondary,Healthcare,Self-employed,360904,30075,3,Rural,Yes,No,No
7265,Maharashtra,74,Male,Graduate,Farmer,Unemployed,706785,58898,7,Urban,Yes,Yes,No
7266,Karnataka,60,Male,Higher Secondary,Healthcare,Self-employed,371333,30944,8,Rural,No,No,No
7267,Rajasthan,21,Male,Higher Secondary,Unemployed,Employed,692690,57724,6,Urban,No,No,Yes
7268,Tamil Nadu,79,Female,Graduate,Student,Unemployed,373550,31129,7,Urban,No,No,No
7269,Haryana,61,Female,Primary,Farmer,Student,503347,41945,1,Rural,No,Yes,No
7270,Karnataka,32,Male,Graduate,Engineer,Unemployed,632279,52689,6,Rural,No,No,Yes
7271,Karnataka,40,Male,Secondary,Business,Unemployed,849704,70808,1,Rural,Yes,No,No
7272,Haryana,22,Female,Primary,Government,Self-employed,571993,47666,8,Rural,No,Yes,No
7273,Rajasthan,57,Male,Graduate,Government,Unemployed,565912,47159,7,Urban,No,No,Yes
7274,Tamil Nadu,41,Male,Postgraduate,Healthcare,Unemployed,637153,53096,7,Rural,No,Yes,No
7275,Uttar Pradesh,73,Male,Higher Secondary,Student,Employed,846973,70581,7,Rural,No,No,No
7276,Uttar Pradesh,80,Female,Secondary,Unemployed,Self-employed,173321,14443,7,Urban,No,No,No
7277,Gujarat,42,Male,Primary,Labour,Employed,584221,48685,3,Rural,No,Yes,Yes
7278,Gujarat,18,Female,Secondary,Unemployed,Employed,301053,25087,8,Urban,Yes,No,Yes
7279,Haryana,52,Male,Higher Secondary,Student,Self-employed,409853,34154,1,Rural,Yes,Yes,No
7280,Gujarat,37,Female,Higher Secondary,Engineer,Employed,487706,40642,5,Rural,Yes,No,Yes
7281,Punjab,77,Female,Postgraduate,Government,Employed,425128,35427,2,Rural,No,No,No
7282,Rajasthan,53,Female,Primary,Engineer,Employed,639038,53253,7,Rural,No,Yes,Yes
7283,West Bengal,23,Female,Secondary,Engineer,Employed,476817,39734,2,Rural,No,Yes,No
7284,Punjab,66,Female,Higher Secondary,Teacher,Unemployed,454746,37895,8,Urban,No,No,Yes
7285,Delhi,25,Male,Primary,Teacher,Self-employed,187535,15627,7,Urban,Yes,Yes,No
7286,Gujarat,53,Female,Secondary,Private,Unemployed,344228,28685,8,Rural,Yes,No,No
7287,Punjab,53,Female,Primary,Government,Employed,498785,41565,1,Rural,Yes,Yes,No
7288,Punjab,61,Female,Primary,Private,Self-employed,467466,38955,1,Urban,Yes,Yes,No
7289,Gujarat,43,Female,Graduate,Teacher,Unemployed,451264,37605,2,Urban,Yes,Yes,Yes
7290,Gujarat,48,Female,Graduate,Government,Student,504260,42021,8,Urban,No,No,Yes
7291,Tamil Nadu,70,Male,Primary,Labour,Self-employed,607066,50588,7,Rural,Yes,Yes,Yes
7292,Punjab,69,Female,Higher Secondary,Private,Self-employed,619054,51587,8,Urban,Yes,No,Yes
7293,Uttar Pradesh,42,Female,Primary,Engineer,Employed,623476,51956,7,Rural,No,Yes,No
7294,Karnataka,22,Female,Postgraduate,Engineer,Employed,499050,41587,2,Rural,No,No,Yes
7295,Punjab,77,Female,Higher Secondary,Teacher,Student,635835,52986,6,Urban,Yes,No,No
7296,Uttar Pradesh,61,Female,Postgraduate,Government,Unemployed,151276,12606,7,Rural,Yes,Yes,No
7297,Uttar Pradesh,42,Male,Primary,Business,Unemployed,973986,81165,1,Rural,Yes,Yes,No
7298,Rajasthan,56,Female,Secondary,Teacher,Student,661896,55158,8,Rural,Yes,No,No
7299,Punjab,29,Male,Postgraduate,Teacher,Self-employed,717918,59826,3,Rural,No,Yes,Yes
7300,West Bengal,66,Male,Secondary,Student,Self-employed,732665,61055,7,Urban,No,No,Yes
7301,Rajasthan,59,Female,Secondary,Business,Student,551112,45926,3,Urban,No,Yes,Yes
7302,Haryana,58,Female,Primary,Student,Employed,631970,52664,5,Urban,Yes,No,No
7303,Gujarat,37,Male,Secondary,Private,Self-employed,659016,54918,4,Rural,No,Yes,No
7304,Gujarat,67,Female,Secondary,Farmer,Employed,529700,44141,5,Rural,No,Yes,Yes
7305,Maharashtra,56,Female,Secondary,Teacher,Employed,367374,30614,1,Rural,Yes,No,Yes
7306,Delhi,49,Female,Graduate,Unemployed,Unemployed,180892,15074,4,Rural,No,No,Yes
7307,Gujarat,69,Male,Postgraduate,Student,Student,718178,59848,5,Urban,Yes,Yes,No
7308,Tamil Nadu,41,Male,Postgraduate,Unemployed,Student,371138,30928,8,Rural,No,No,Yes
7309,West Bengal,51,Female,Secondary,Student,Employed,565485,47123,3,Rural,Yes,No,No
7310,Gujarat,37,Female,Graduate,Teacher,Student,529151,44095,7,Rural,No,No,No
7311,Gujarat,31,Male,Primary,Labour,Unemployed,206727,17227,4,Rural,Yes,No,No
7312,Karnataka,60,Female,Postgraduate,Engineer,Employed,876437,73036,7,Urban,No,No,Yes
7313,Tamil Nadu,56,Female,Primary,Teacher,Employed,637672,53139,6,Rural,No,No,Yes
7314,Maharashtra,61,Male,Higher Secondary,Farmer,Employed,60000,5000,2,Urban,No,No,Yes
7315,Haryana,29,Female,Graduate,Private,Unemployed,506606,42217,1,Rural,Yes,Yes,Yes
7316,Karnataka,33,Male,Higher Secondary,Business,Student,380472,31706,1,Urban,No,No,Yes
7317,Uttar Pradesh,69,Male,Higher Secondary,Engineer,Unemployed,708059,59004,1,Urban,No,No,Yes
7318,West Bengal,53,Male,Postgraduate,Engineer,Self-employed,447324,37277,4,Rural,Yes,No,No
7319,Uttar Pradesh,21,Male,Primary,Student,Self-employed,732502,61041,5,Urban,Yes,Yes,Yes
7320,Punjab,54,Female,Primary,Healthcare,Employed,619190,51599,3,Urban,No,Yes,No
7321,West Bengal,41,Female,Postgraduate,Unemployed,Employed,138664,11555,7,Urban,Yes,No,Yes
7322,Punjab,23,Female,Graduate,Private,Employed,711589,59299,8,Rural,Yes,No,Yes
7323,Punjab,72,Male,Postgraduate,Student,Employed,307340,25611,5,Rural,Yes,Yes,Yes
7324,Rajasthan,28,Male,Postgraduate,Government,Self-employed,441652,36804,6,Rural,Yes,Yes,Yes
7325,Maharashtra,45,Female,Secondary,Student,Self-employed,834918,69576,6,Urban,Yes,Yes,No
7326,Rajasthan,80,Female,Postgraduate,Labour,Student,955879,79656,7,Rural,No,Yes,No
7327,Punjab,56,Male,Graduate,Teacher,Self-employed,970074,80839,8,Urban,No,No,No
7328,West Bengal,74,Male,Higher Secondary,Teacher,Employed,503078,41923,1,Urban,Yes,Yes,No
7329,Uttar Pradesh,34,Female,Secondary,Government,Self-employed,428166,35680,1,Rural,No,No,Yes
7330,Punjab,76,Female,Graduate,Government,Unemployed,503761,41980,6,Rural,Yes,Yes,No
7331,Uttar Pradesh,38,Female,Graduate,Teacher,Unemployed,519071,43255,7,Urban,No,Yes,Yes
7332,Tamil Nadu,54,Male,Secondary,Labour,Student,930331,77527,7,Urban,Yes,Yes,Yes
7333,Delhi,43,Male,Secondary,Business,Unemployed,592293,49357,1,Rural,Yes,No,Yes
7334,Delhi,54,Male,Postgraduate,Private,Student,523482,43623,3,Urban,No,No,Yes
7335,West Bengal,30,Female,Secondary,Teacher,Self-employed,691523,57626,6,Rural,No,Yes,No
7336,Delhi,80,Male,Primary,Teacher,Unemployed,212733,17727,3,Rural,No,No,Yes
7337,Haryana,36,Male,Postgraduate,Student,Unemployed,699871,58322,4,Rural,No,No,No
7338,Maharashtra,39,Female,Secondary,Unemployed,Unemployed,394037,32836,8,Rural,Yes,Yes,Yes
7339,Delhi,27,Female,Higher Secondary,Teacher,Employed,285748,23812,8,Rural,No,Yes,Yes
7340,Haryana,74,Male,Higher Secondary,Private,Self-employed,526917,43909,6,Rural,Yes,No,Yes
7341,Haryana,55,Male,Secondary,Business,Student,318073,26506,3,Rural,Yes,Yes,No
7342,Karnataka,54,Male,Postgraduate,Engineer,Self-employed,446845,37237,2,Rural,Yes,Yes,Yes
7343,Haryana,80,Female,Postgraduate,Government,Unemployed,200198,16683,3,Rural,No,Yes,No
7344,Haryana,70,Male,Higher Secondary,Healthcare,Self-employed,787499,65624,8,Urban,Yes,No,No
7345,Punjab,53,Male,Postgraduate,Business,Employed,647429,53952,2,Rural,No,No,Yes
7346,Haryana,38,Male,Secondary,Private,Student,959705,79975,2,Rural,No,Yes,Yes
7347,West Bengal,61,Male,Secondary,Labour,Unemployed,650353,54196,4,Rural,No,Yes,No
7348,Karnataka,38,Male,Primary,Unemployed,Student,823461,68621,5,Urban,Yes,Yes,Yes
7349,Delhi,48,Male,Primary,Private,Student,831748,69312,8,Urban,Yes,Yes,Yes
7350,Karnataka,31,Male,Postgraduate,Government,Self-employed,617289,51440,6,Urban,No,Yes,Yes
7351,Gujarat,20,Female,Primary,Government,Self-employed,621408,51784,3,Rural,Yes,No,No
7352,Rajasthan,51,Female,Primary,Labour,Self-employed,340671,28389,4,Rural,Yes,Yes,No
7353,Delhi,36,Male,Higher Secondary,Engineer,Unemployed,469891,39157,6,Urban,No,No,No
7354,Haryana,65,Female,Secondary,Government,Unemployed,785597,65466,3,Urban,Yes,Yes,Yes
7355,Maharashtra,30,Female,Graduate,Engineer,Student,912777,76064,2,Rural,No,No,No
7356,Punjab,69,Female,Secondary,Private,Employed,509654,42471,5,Urban,Yes,Yes,Yes
7357,Tamil Nadu,58,Female,Graduate,Healthcare,Unemployed,590167,49180,7,Urban,No,No,No
7358,Maharashtra,44,Male,Higher Secondary,Farmer,Student,60000,5000,6,Urban,Yes,No,Yes
7359,Tamil Nadu,59,Female,Secondary,Private,Self-employed,86826,7235,8,Urban,Yes,No,Yes
7360,Karnataka,55,Male,Graduate,Private,Unemployed,612066,51005,7,Urban,Yes,Yes,No
7361,West Bengal,51,Male,Graduate,Unemployed,Unemployed,657939,54828,7,Urban,Yes,No,Yes
7362,Haryana,71,Female,Postgraduate,Labour,Unemployed,289931,24160,2,Urban,Yes,No,No
7363,Delhi,55,Male,Primary,Farmer,Employed,437291,36440,7,Urban,Yes,Yes,No
7364,Maharashtra,33,Female,Primary,Engineer,Unemployed,1278571,106547,4,Rural,Yes,Yes,No
7365,Gujarat,76,Female,Graduate,Teacher,Self-employed,861616,71801,4,Urban,Yes,No,No
7366,Punjab,51,Female,Primary,Private,Student,1175344,97945,2,Urban,No,Yes,No
7367,West Bengal,18,Female,Secondary,Unemployed,Self-employed,513214,42767,5,Rural,No,No,Yes
7368,Rajasthan,69,Female,Postgraduate,Unemployed,Self-employed,882353,73529,1,Rural,No,Yes,Yes
7369,Uttar Pradesh,23,Male,Postgraduate,Government,Employed,210426,17535,7,Urban,No,No,No
7370,Maharashtra,30,Male,Higher Secondary,Government,Unemployed,467694,38974,3,Urban,No,No,Yes
7371,Gujarat,49,Female,Higher Secondary,Farmer,Employed,614643,51220,5,Rural,No,Yes,Yes
7372,Gujarat,42,Male,Postgraduate,Farmer,Employed,703426,58618,7,Urban,Yes,No,Yes
7373,Haryana,66,Female,Higher Secondary,Healthcare,Student,794312,66192,3,Urban,Yes,No,No
7374,Rajasthan,34,Male,Secondary,Private,Self-employed,833238,69436,3,Rural,Yes,Yes,Yes
7375,Gujarat,24,Male,Graduate,Engineer,Unemployed,613990,51165,3,Urban,Yes,Yes,No
7376,Punjab,57,Male,Higher Secondary,Private,Self-employed,305262,25438,4,Urban,No,No,No
7377,Gujarat,29,Female,Higher Secondary,Student,Employed,227073,18922,8,Rural,No,No,No
7378,Karnataka,57,Female,Secondary,Teacher,Employed,637785,53148,6,Rural,Yes,No,No
7379,Karnataka,59,Female,Higher Secondary,Business,Employed,689290,57440,8,Urban,No,No,Yes
7380,Haryana,44,Female,Postgraduate,Healthcare,Unemployed,234129,19510,8,Urban,No,No,No
7381,Delhi,34,Female,Primary,Labour,Employed,607487,50623,7,Urban,Yes,Yes,Yes
7382,Tamil Nadu,67,Female,Postgraduate,Government,Student,60000,5000,5,Rural,No,Yes,Yes
7383,Delhi,51,Male,Primary,Unemployed,Student,466898,38908,7,Urban,Yes,Yes,No
7384,Tamil Nadu,24,Female,Graduate,Student,Student,668572,55714,2,Rural,No,Yes,No
7385,Haryana,67,Female,Higher Secondary,Farmer,Employed,935899,77991,7,Urban,No,No,Yes
7386,West Bengal,76,Female,Higher Secondary,Business,Self-employed,595459,49621,3,Rural,Yes,No,Yes
7387,Punjab,27,Male,Higher Secondary,Business,Employed,533861,44488,1,Urban,No,Yes,No
7388,Delhi,68,Male,Postgraduate,Farmer,Unemployed,742684,61890,8,Urban,Yes,Yes,Yes
7389,Punjab,58,Male,Graduate,Healthcare,Unemployed,608790,50732,4,Rural,Yes,No,Yes
7390,Delhi,77,Female,Graduate,Business,Unemployed,522488,43540,7,Urban,No,Yes,No
7391,Maharashtra,29,Male,Secondary,Farmer,Student,627792,52316,5,Rural,Yes,Yes,Yes
7392,Uttar Pradesh,75,Female,Primary,Engineer,Employed,510591,42549,4,Urban,Yes,Yes,Yes
7393,Delhi,28,Male,Primary,Farmer,Student,798751,66562,8,Rural,No,Yes,Yes
7394,Delhi,58,Female,Postgraduate,Government,Student,473372,39447,2,Rural,Yes,Yes,Yes
7395,Delhi,48,Male,Primary,Labour,Unemployed,352371,29364,8,Urban,No,Yes,Yes
7396,Maharashtra,65,Male,Secondary,Engineer,Employed,699175,58264,3,Urban,Yes,Yes,Yes
7397,Tamil Nadu,38,Male,Secondary,Healthcare,Student,140045,11670,8,Urban,No,Yes,Yes
7398,Gujarat,52,Male,Primary,Private,Unemployed,170264,14188,8,Urban,Yes,Yes,No
7399,Punjab,34,Female,Higher Secondary,Teacher,Employed,687786,57315,3,Rural,No,No,Yes
7400,Haryana,43,Male,Postgraduate,Labour,Unemployed,835281,69606,5,Rural,No,Yes,No
7401,Maharashtra,71,Male,Secondary,Unemployed,Employed,358149,29845,1,Rural,Yes,Yes,Yes
7402,Tamil Nadu,58,Female,Postgraduate,Labour,Employed,251551,20962,1,Urban,Yes,Yes,No
7403,Punjab,47,Male,Postgraduate,Business,Employed,751034,62586,3,Rural,Yes,Yes,Yes
7404,Punjab,47,Female,Graduate,Government,Self-employed,375099,31258,8,Urban,No,Yes,Yes
7405,Punjab,62,Female,Higher Secondary,Farmer,Student,963024,80252,2,Rural,Yes,No,No
7406,Maharashtra,62,Male,Graduate,Business,Unemployed,243973,20331,5,Rural,No,Yes,No
7407,Rajasthan,62,Male,Secondary,Farmer,Student,597874,49822,1,Urban,Yes,Yes,Yes
7408,Tamil Nadu,77,Male,Secondary,Unemployed,Employed,537754,44812,5,Urban,No,No,Yes
7409,West Bengal,68,Male,Postgraduate,Government,Employed,664886,55407,6,Rural,No,Yes,No
7410,Karnataka,68,Male,Secondary,Business,Self-employed,593831,49485,3,Rural,No,Yes,No
7411,Punjab,40,Female,Secondary,Healthcare,Student,164868,13739,6,Urban,Yes,No,No
7412,Rajasthan,26,Female,Higher Secondary,Healthcare,Student,538636,44886,1,Rural,Yes,Yes,No
7413,Karnataka,40,Male,Higher Secondary,Labour,Self-employed,401196,33433,8,Rural,Yes,Yes,Yes
7414,Gujarat,46,Female,Secondary,Labour,Unemployed,216674,18056,1,Urban,No,No,Yes
7415,Tamil Nadu,62,Female,Higher Secondary,Private,Unemployed,415121,34593,6,Rural,Yes,No,No
7416,Rajasthan,60,Female,Secondary,Unemployed,Employed,372282,31023,4,Urban,No,No,No
7417,Rajasthan,68,Female,Primary,Business,Self-employed,60000,5000,8,Urban,Yes,Yes,Yes
7418,Gujarat,67,Male,Higher Secondary,Farmer,Student,460987,38415,8,Urban,Yes,Yes,No
7419,Karnataka,40,Female,Postgraduate,Farmer,Unemployed,629917,52493,6,Urban,Yes,Yes,Yes
7420,Gujarat,54,Male,Graduate,Farmer,Student,104126,8677,8,Rural,No,No,Yes
7421,Punjab,27,Female,Primary,Business,Employed,626416,52201,6,Urban,No,No,Yes
7422,Rajasthan,36,Female,Postgraduate,Farmer,Student,532000,44333,8,Urban,No,Yes,No
7423,Delhi,22,Female,Primary,Government,Self-employed,426489,35540,6,Rural,No,No,Yes
7424,Maharashtra,34,Male,Secondary,Labour,Self-employed,267945,22328,2,Urban,Yes,No,No
7425,Karnataka,74,Female,Higher Secondary,Teacher,Self-employed,757403,63116,1,Rural,No,Yes,No
7426,Karnataka,36,Female,Graduate,Teacher,Employed,341547,28462,5,Urban,No,Yes,Yes
7427,Karnataka,63,Female,Primary,Business,Self-employed,652525,54377,2,Rural,No,No,No
7428,Uttar Pradesh,55,Female,Graduate,Unemployed,Employed,335201,27933,6,Urban,No,Yes,No
7429,Tamil Nadu,63,Male,Graduate,Private,Student,258136,21511,4,Rural,No,No,Yes
7430,Karnataka,77,Female,Graduate,Business,Unemployed,784663,65388,6,Urban,No,Yes,No
7431,Uttar Pradesh,78,Male,Primary,Business,Employed,550407,45867,6,Rural,No,No,No
7432,Maharashtra,39,Male,Primary,Healthcare,Self-employed,60000,5000,1,Rural,Yes,Yes,Yes
7433,Delhi,29,Male,Primary,Student,Unemployed,624667,52055,5,Rural,No,No,No
7434,Tamil Nadu,52,Male,Primary,Labour,Employed,159727,13310,5,Rural,Yes,No,No
7435,Maharashtra,68,Male,Postgraduate,Healthcare,Unemployed,203150,16929,6,Urban,Yes,No,No
7436,Delhi,48,Female,Graduate,Farmer,Self-employed,820380,68365,3,Rural,Yes,No,Yes
7437,Tamil Nadu,63,Female,Graduate,Teacher,Employed,827447,68953,6,Rural,No,Yes,No
7438,Karnataka,23,Female,Postgraduate,Unemployed,Self-employed,1066559,88879,7,Rural,No,No,No
7439,Haryana,34,Male,Graduate,Government,Self-employed,561794,46816,5,Rural,No,Yes,Yes
7440,Punjab,55,Male,Primary,Student,Student,487640,40636,6,Urban,Yes,Yes,Yes
7441,Tamil Nadu,76,Female,Primary,Private,Self-employed,313011,26084,3,Urban,Yes,No,No
7442,Uttar Pradesh,22,Male,Primary,Farmer,Student,380526,31710,3,Rural,Yes,No,Yes
7443,Gujarat,41,Male,Secondary,Engineer,Student,358723,29893,8,Rural,Yes,No,Yes
7444,Haryana,66,Female,Secondary,Private,Student,374045,31170,5,Rural,No,Yes,No
7445,Gujarat,69,Female,Secondary,Teacher,Employed,514827,42902,7,Urban,Yes,Yes,Yes
7446,Karnataka,56,Female,Higher Secondary,Private,Employed,720217,60018,2,Urban,Yes,No,Yes
7447,Tamil Nadu,49,Male,Secondary,Teacher,Unemployed,633953,52829,4,Urban,No,No,No
7448,Delhi,65,Female,Graduate,Unemployed,Employed,723180,60265,8,Rural,Yes,Yes,Yes
7449,Gujarat,38,Male,Higher Secondary,Healthcare,Student,404569,33714,6,Rural,No,No,No
7450,Rajasthan,47,Female,Higher Secondary,Farmer,Self-employed,60000,5000,1,Rural,No,No,No
7451,Rajasthan,62,Male,Postgraduate,Unemployed,Self-employed,790636,65886,2,Rural,Yes,No,No
7452,Gujarat,49,Male,Graduate,Student,Employed,513144,42762,8,Rural,No,Yes,No
7453,Gujarat,53,Male,Postgraduate,Teacher,Self-employed,554295,46191,4,Urban,Yes,Yes,Yes
7454,Tamil Nadu,43,Male,Higher Secondary,Labour,Employed,417933,34827,1,Urban,No,No,Yes
7455,West Bengal,22,Female,Graduate,Government,Self-employed,538069,44839,2,Urban,No,No,Yes
7456,Uttar Pradesh,59,Female,Primary,Healthcare,Unemployed,465871,38822,5,Urban,Yes,No,Yes
7457,Tamil Nadu,56,Female,Higher Secondary,Teacher,Unemployed,920901,76741,3,Urban,No,Yes,Yes
7458,Uttar Pradesh,42,Female,Primary,Government,Self-employed,476348,39695,8,Rural,Yes,Yes,No
7459,Punjab,36,Female,Primary,Student,Employed,884843,73736,6,Urban,Yes,No,No
7460,Rajasthan,63,Female,Postgraduate,Business,Student,247956,20663,5,Rural,No,Yes,No
7461,Karnataka,72,Male,Secondary,Unemployed,Self-employed,164900,13741,1,Urban,Yes,Yes,No
7462,West Bengal,33,Male,Higher Secondary,Engineer,Unemployed,647486,53957,6,Rural,No,Yes,Yes
7463,Delhi,77,Female,Graduate,Business,Student,1224956,102079,8,Rural,Yes,Yes,No
7464,West Bengal,66,Female,Primary,Labour,Unemployed,266778,22231,3,Rural,Yes,Yes,Yes
7465,Haryana,66,Male,Postgraduate,Government,Employed,551303,45941,7,Urban,No,No,No
7466,West Bengal,61,Female,Primary,Government,Employed,482309,40192,7,Rural,Yes,No,No
7467,Delhi,72,Female,Higher Secondary,Business,Employed,878978,73248,3,Rural,Yes,Yes,Yes
7468,West Bengal,30,Male,Higher Secondary,Engineer,Unemployed,159884,13323,2,Urban,No,Yes,No
7469,Rajasthan,27,Male,Primary,Government,Unemployed,717590,59799,1,Rural,No,No,No
7470,Karnataka,20,Male,Graduate,Engineer,Student,355214,29601,5,Rural,No,No,No
7471,Karnataka,41,Male,Postgraduate,Student,Unemployed,910077,75839,4,Urban,No,Yes,No
7472,Uttar Pradesh,74,Female,Secondary,Business,Student,761646,63470,3,Rural,No,Yes,Yes
7473,Rajasthan,49,Male,Primary,Business,Employed,806754,67229,8,Rural,No,No,Yes
7474,Tamil Nadu,35,Male,Secondary,Business,Student,361201,30100,1,Rural,No,No,No
7475,Rajasthan,47,Female,Secondary,Engineer,Student,296619,24718,5,Rural,No,Yes,No
7476,Maharashtra,76,Male,Primary,Government,Unemployed,529893,44157,5,Rural,No,Yes,No
7477,Uttar Pradesh,60,Female,Secondary,Government,Self-employed,587462,48955,4,Rural,No,No,No
7478,Maharashtra,76,Male,Postgraduate,Private,Self-employed,449880,37490,4,Urban,Yes,No,Yes
7479,Karnataka,75,Male,Secondary,Unemployed,Unemployed,519601,43300,7,Rural,Yes,No,Yes
7480,Gujarat,33,Male,Higher Secondary,Farmer,Self-employed,795384,66282,7,Rural,No,Yes,Yes
7481,Maharashtra,78,Female,Primary,Labour,Unemployed,342152,28512,7,Rural,Yes,No,Yes
7482,Tamil Nadu,40,Female,Primary,Farmer,Unemployed,658425,54868,7,Rural,No,Yes,No
7483,Delhi,60,Female,Graduate,Labour,Unemployed,574732,47894,5,Urban,Yes,Yes,No
7484,Karnataka,59,Female,Postgraduate,Engineer,Student,630084,52507,7,Rural,Yes,Yes,Yes
7485,West Bengal,31,Male,Higher Secondary,Student,Unemployed,792205,66017,7,Rural,Yes,No,Yes
7486,Haryana,54,Male,Postgraduate,Government,Student,406103,33841,3,Rural,No,Yes,Yes
7487,Gujarat,20,Female,Higher Secondary,Unemployed,Self-employed,339614,28301,7,Rural,No,No,Yes
7488,Delhi,63,Female,Graduate,Student,Employed,529392,44116,5,Rural,Yes,Yes,Yes
7489,Uttar Pradesh,20,Male,Higher Secondary,Engineer,Student,63493,5291,7,Rural,No,No,No
7490,Karnataka,19,Female,Higher Secondary,Unemployed,Student,815904,67992,1,Urban,Yes,No,No
7491,Gujarat,63,Female,Graduate,Private,Unemployed,626283,52190,1,Rural,Yes,Yes,Yes
7492,Gujarat,26,Female,Graduate,Farmer,Self-employed,169276,14106,1,Rural,No,No,Yes
7493,Rajasthan,31,Female,Postgraduate,Labour,Unemployed,462549,38545,4,Urban,No,Yes,Yes
7494,Punjab,69,Male,Primary,Student,Self-employed,265080,22090,6,Rural,Yes,Yes,No
7495,Gujarat,61,Male,Graduate,Student,Employed,748718,62393,6,Urban,Yes,No,No
7496,Gujarat,30,Male,Postgraduate,Student,Employed,709582,59131,6,Urban,No,No,No
7497,Tamil Nadu,68,Male,Primary,Engineer,Self-employed,652880,54406,4,Rural,No,No,Yes
7498,Tamil Nadu,55,Female,Higher Secondary,Student,Student,618110,51509,2,Rural,No,Yes,No
7499,Delhi,79,Male,Postgraduate,Student,Student,426149,35512,4,Urban,Yes,Yes,No
7500,Tamil Nadu,78,Male,Higher Secondary,Labour,Student,402344,33528,4,Urban,Yes,No,No
7501,Punjab,66,Female,Primary,Farmer,Student,367116,30593,7,Urban,Yes,Yes,No
7502,Punjab,56,Female,Higher Secondary,Farmer,Employed,290863,24238,2,Urban,Yes,No,No
7503,Gujarat,43,Male,Secondary,Healthcare,Self-employed,688666,57388,1,Rural,No,No,No
7504,Tamil Nadu,48,Male,Graduate,Engineer,Self-employed,296161,24680,6,Rural,Yes,No,No
7505,Tamil Nadu,74,Female,Graduate,Private,Unemployed,269190,22432,1,Rural,Yes,Yes,No
7506,Maharashtra,33,Female,Postgraduate,Labour,Unemployed,889952,74162,6,Rural,No,Yes,No
7507,Tamil Nadu,64,Female,Secondary,Government,Employed,406930,33910,2,Rural,No,Yes,Yes
7508,Uttar Pradesh,80,Male,Primary,Business,Unemployed,193824,16152,6,Urban,No,Yes,Yes
7509,Rajasthan,22,Male,Graduate,Private,Student,588032,49002,3,Urban,Yes,Yes,Yes
7510,Maharashtra,67,Male,Graduate,Unemployed,Student,696351,58029,8,Rural,No,Yes,No
7511,Tamil Nadu,59,Male,Graduate,Business,Unemployed,543666,45305,7,Urban,Yes,Yes,No
7512,Maharashtra,45,Male,Graduate,Farmer,Student,582272,48522,5,Rural,Yes,No,Yes
7513,Delhi,69,Male,Graduate,Student,Unemployed,575545,47962,2,Rural,Yes,Yes,No
7514,Rajasthan,55,Male,Primary,Teacher,Unemployed,660820,55068,4,Rural,No,Yes,No
7515,Punjab,36,Male,Higher Secondary,Government,Student,513135,42761,2,Urban,No,No,Yes
7516,Punjab,64,Female,Primary,Teacher,Employed,317321,26443,7,Rural,No,No,Yes
7517,West Bengal,58,Male,Graduate,Business,Self-employed,594814,49567,5,Rural,No,Yes,No
7518,Maharashtra,80,Female,Graduate,Engineer,Student,60000,5000,7,Urban,No,No,No
7519,Karnataka,74,Male,Postgraduate,Government,Unemployed,509467,42455,1,Urban,No,Yes,No
7520,Gujarat,28,Male,Higher Secondary,Business,Student,338431,28202,2,Urban,Yes,Yes,No
7521,Karnataka,41,Female,Primary,Farmer,Self-employed,611534,50961,4,Rural,Yes,Yes,Yes
7522,Haryana,27,Female,Secondary,Student,Self-employed,284595,23716,4,Urban,Yes,No,No
7523,Karnataka,48,Female,Graduate,Labour,Employed,527412,43951,5,Urban,Yes,Yes,Yes
7524,Maharashtra,79,Male,Secondary,Labour,Employed,94730,7894,2,Urban,No,Yes,Yes
7525,West Bengal,53,Male,Higher Secondary,Business,Employed,562266,46855,1,Urban,No,No,Yes
7526,Rajasthan,58,Female,Graduate,Labour,Student,693284,57773,8,Rural,No,Yes,No
7527,Delhi,21,Male,Postgraduate,Teacher,Self-employed,99295,8274,6,Urban,No,Yes,No
7528,Tamil Nadu,48,Male,Higher Secondary,Government,Self-employed,390686,32557,2,Rural,No,No,Yes
7529,Tamil Nadu,56,Male,Higher Secondary,Private,Student,747729,62310,4,Rural,No,Yes,Yes
7530,Maharashtra,52,Male,Postgraduate,Unemployed,Unemployed,502884,41907,6,Urban,Yes,Yes,No
7531,Karnataka,28,Male,Higher Secondary,Labour,Self-employed,512154,42679,5,Urban,No,No,Yes
7532,Tamil Nadu,50,Male,Primary,Private,Self-employed,555218,46268,4,Rural,No,No,No
7533,Rajasthan,50,Male,Primary,Teacher,Self-employed,675797,56316,5,Rural,No,No,No
7534,Haryana,22,Female,Higher Secondary,Unemployed,Self-employed,60000,5000,1,Rural,No,Yes,No
7535,Tamil Nadu,67,Male,Primary,Student,Student,630404,52533,8,Rural,Yes,Yes,Yes
7536,Rajasthan,76,Male,Higher Secondary,Farmer,Employed,837559,69796,4,Rural,Yes,No,Yes
7537,Rajasthan,76,Male,Graduate,Healthcare,Employed,542981,45248,6,Rural,Yes,No,No
7538,Uttar Pradesh,72,Male,Secondary,Healthcare,Employed,258377,21531,8,Urban,Yes,No,No
7539,Punjab,68,Female,Secondary,Student,Self-employed,840673,70056,1,Rural,No,Yes,No
7540,Rajasthan,18,Female,Higher Secondary,Healthcare,Self-employed,649837,54153,8,Rural,No,Yes,Yes
7541,West Bengal,49,Male,Graduate,Healthcare,Self-employed,472296,39358,7,Rural,Yes,No,Yes
7542,Maharashtra,20,Male,Postgraduate,Private,Student,661520,55126,3,Urban,Yes,No,Yes
7543,Rajasthan,35,Male,Graduate,Government,Student,962204,80183,1,Rural,Yes,No,Yes
7544,Punjab,35,Male,Graduate,Unemployed,Self-employed,316115,26342,6,Urban,Yes,No,Yes
7545,Rajasthan,54,Female,Higher Secondary,Healthcare,Self-employed,221015,18417,1,Urban,No,Yes,No
7546,Delhi,57,Female,Primary,Business,Student,176574,14714,7,Rural,Yes,Yes,Yes
7547,West Bengal,71,Male,Primary,Unemployed,Self-employed,733471,61122,2,Urban,Yes,Yes,Yes
7548,Gujarat,76,Female,Postgraduate,Student,Unemployed,759804,63317,2,Rural,No,Yes,Yes
7549,Uttar Pradesh,27,Male,Higher Secondary,Student,Unemployed,247692,20641,5,Urban,No,Yes,No
7550,Punjab,22,Female,Graduate,Government,Unemployed,101799,8483,3,Urban,Yes,Yes,No
7551,Delhi,62,Female,Secondary,Farmer,Student,890046,74170,3,Rural,Yes,Yes,Yes
7552,Punjab,27,Male,Primary,Business,Self-employed,60000,5000,6,Rural,No,Yes,No
7553,West Bengal,26,Female,Primary,Business,Self-employed,782548,65212,5,Rural,No,No,No
7554,West Bengal,74,Male,Secondary,Student,Self-employed,993749,82812,6,Rural,Yes,Yes,No
7555,Rajasthan,48,Male,Graduate,Engineer,Student,347136,28928,4,Rural,Yes,Yes,No
7556,Karnataka,68,Male,Graduate,Government,Unemployed,264688,22057,7,Rural,No,Yes,No
7557,Karnataka,51,Female,Postgraduate,Teacher,Unemployed,683549,56962,5,Rural,Yes,Yes,No
7558,Delhi,66,Female,Primary,Unemployed,Student,416494,34707,3,Urban,No,No,Yes
7559,West Bengal,31,Male,Secondary,Farmer,Employed,193019,16084,8,Urban,No,No,No
7560,Uttar Pradesh,48,Male,Postgraduate,Labour,Employed,181552,15129,8,Rural,Yes,No,No
7561,Punjab,55,Male,Secondary,Engineer,Self-employed,247722,20643,4,Urban,No,Yes,No
7562,Punjab,69,Female,Primary,Teacher,Employed,345806,28817,2,Rural,Yes,Yes,Yes
7563,Punjab,21,Female,Postgraduate,Healthcare,Student,358311,29859,3,Urban,No,Yes,Yes
7564,Gujarat,38,Female,Higher Secondary,Student,Unemployed,91040,7586,6,Rural,Yes,No,No
7565,Tamil Nadu,37,Female,Secondary,Unemployed,Unemployed,60000,5000,2,Urban,No,Yes,Yes
7566,Maharashtra,44,Female,Primary,Student,Self-employed,491383,40948,1,Urban,Yes,Yes,Yes
7567,Maharashtra,29,Male,Graduate,Unemployed,Self-employed,527635,43969,7,Rural,Yes,No,No
7568,Delhi,42,Male,Graduate,Student,Self-employed,412455,34371,1,Urban,Yes,No,No
7569,Delhi,79,Male,Secondary,Business,Unemployed,934145,77845,6,Urban,No,No,Yes
7570,Gujarat,19,Male,Graduate,Teacher,Student,794291,66190,8,Urban,No,No,No
7571,Rajasthan,50,Male,Postgraduate,Student,Unemployed,647659,53971,3,Urban,Yes,Yes,Yes
7572,Uttar Pradesh,45,Female,Secondary,Government,Student,486050,40504,7,Urban,No,Yes,Yes
7573,Rajasthan,21,Male,Postgraduate,Government,Self-employed,564504,47042,7,Urban,Yes,No,No
7574,West Bengal,47,Male,Higher Secondary,Farmer,Student,315385,26282,4,Urban,No,No,No
7575,Haryana,19,Male,Postgraduate,Labour,Employed,60000,5000,6,Rural,No,No,Yes
7576,Maharashtra,31,Male,Postgraduate,Healthcare,Self-employed,615916,51326,3,Rural,No,No,No
7577,Karnataka,40,Female,Graduate,Unemployed,Employed,632231,52685,4,Urban,No,Yes,Yes
7578,Punjab,23,Male,Primary,Government,Employed,190972,15914,1,Rural,Yes,Yes,No
7579,Karnataka,72,Male,Higher Secondary,Government,Student,667555,55629,1,Urban,Yes,No,Yes
7580,Gujarat,70,Male,Graduate,Teacher,Unemployed,372252,31021,6,Urban,Yes,No,Yes
7581,Rajasthan,65,Female,Secondary,Engineer,Employed,680688,56724,6,Rural,No,Yes,No
7582,Uttar Pradesh,72,Male,Primary,Student,Self-employed,306881,25573,4,Rural,Yes,No,No
7583,Maharashtra,39,Male,Graduate,Labour,Unemployed,684553,57046,5,Urban,No,No,Yes
7584,Gujarat,57,Male,Graduate,Unemployed,Unemployed,710472,59206,7,Rural,No,Yes,No
7585,Karnataka,23,Female,Postgraduate,Student,Unemployed,668079,55673,2,Urban,Yes,No,No
7586,Karnataka,42,Male,Higher Secondary,Teacher,Student,487395,40616,1,Urban,No,Yes,Yes
7587,West Bengal,31,Male,Higher Secondary,Private,Student,218549,18212,6,Urban,No,Yes,No
7588,Uttar Pradesh,40,Male,Higher Secondary,Private,Self-employed,948721,79060,4,Rural,No,Yes,No
7589,Tamil Nadu,73,Female,Graduate,Teacher,Unemployed,586960,48913,6,Urban,No,Yes,No
7590,Haryana,35,Female,Higher Secondary,Student,Unemployed,804059,67004,7,Rural,No,No,Yes
7591,Delhi,61,Male,Primary,Farmer,Self-employed,198693,16557,5,Urban,Yes,Yes,No
7592,West Bengal,73,Female,Postgraduate,Government,Student,60000,5000,1,Urban,Yes,No,No
7593,Rajasthan,21,Female,Postgraduate,Private,Student,716369,59697,2,Urban,Yes,No,No
7594,Gujarat,41,Male,Graduate,Unemployed,Employed,454186,37848,7,Rural,Yes,Yes,No
7595,Tamil Nadu,32,Female,Primary,Healthcare,Employed,608074,50672,3,Urban,No,No,Yes
7596,West Bengal,33,Female,Higher Secondary,Healthcare,Employed,745402,62116,3,Rural,Yes,Yes,Yes
7597,Maharashtra,42,Male,Primary,Labour,Unemployed,854352,71196,5,Rural,Yes,Yes,No
7598,Maharashtra,74,Female,Graduate,Farmer,Employed,799894,66657,4,Rural,No,Yes,No
7599,Uttar Pradesh,66,Male,Graduate,Student,Unemployed,60000,5000,3,Rural,No,Yes,Yes
7600,Gujarat,38,Male,Graduate,Teacher,Unemployed,775611,64634,5,Rural,Yes,Yes,Yes
7601,Maharashtra,23,Male,Primary,Unemployed,Student,458252,38187,3,Urban,No,Yes,No
7602,Uttar Pradesh,58,Female,Graduate,Engineer,Student,70811,5900,4,Rural,Yes,No,No
7603,Haryana,32,Female,Higher Secondary,Healthcare,Self-employed,252495,21041,1,Urban,Yes,No,Yes
7604,Karnataka,47,Female,Primary,Labour,Employed,730876,60906,5,Rural,Yes,Yes,No
7605,Punjab,44,Female,Secondary,Teacher,Self-employed,311757,25979,3,Urban,No,No,Yes
7606,West Bengal,77,Female,Secondary,Farmer,Self-employed,60000,5000,6,Urban,Yes,No,Yes
7607,Haryana,65,Male,Higher Secondary,Student,Student,60000,5000,6,Urban,Yes,Yes,Yes
7608,Delhi,66,Female,Secondary,Government,Self-employed,650331,54194,5,Rural,Yes,No,Yes
7609,Karnataka,25,Male,Higher Secondary,Teacher,Self-employed,226313,18859,5,Urban,Yes,No,Yes
7610,Tamil Nadu,78,Male,Primary,Private,Unemployed,202037,16836,3,Urban,No,No,Yes
7611,Delhi,18,Female,Higher Secondary,Healthcare,Unemployed,949843,79153,7,Rural,Yes,Yes,Yes
7612,Delhi,63,Male,Secondary,Government,Employed,477761,39813,4,Rural,No,No,No
7613,Haryana,30,Female,Secondary,Engineer,Self-employed,60000,5000,6,Urban,Yes,Yes,Yes
7614,Karnataka,31,Female,Secondary,Labour,Employed,573030,47752,7,Rural,Yes,Yes,No
7615,Delhi,22,Male,Higher Secondary,Farmer,Employed,249669,20805,5,Rural,Yes,Yes,No
7616,Uttar Pradesh,48,Female,Secondary,Farmer,Unemployed,304844,25403,8,Urban,No,No,No
7617,Haryana,80,Female,Higher Secondary,Government,Unemployed,321554,26796,3,Urban,No,Yes,Yes
7618,West Bengal,80,Female,Postgraduate,Unemployed,Unemployed,412606,34383,6,Rural,No,No,Yes
7619,Punjab,77,Male,Secondary,Farmer,Employed,346028,28835,6,Urban,Yes,Yes,Yes
7620,Karnataka,58,Female,Higher Secondary,Government,Student,357655,29804,1,Urban,No,Yes,No
7621,Rajasthan,21,Male,Secondary,Government,Self-employed,403828,33652,7,Rural,Yes,Yes,No
7622,Karnataka,77,Female,Graduate,Healthcare,Employed,590091,49174,2,Urban,Yes,Yes,Yes
7623,Punjab,71,Female,Secondary,Business,Self-employed,205729,17144,5,Urban,No,No,No
7624,Uttar Pradesh,37,Male,Postgraduate,Farmer,Self-employed,913899,76158,6,Rural,Yes,No,No
7625,Delhi,51,Male,Graduate,Engineer,Unemployed,401512,33459,5,Rural,Yes,Yes,Yes
7626,Gujarat,54,Male,Graduate,Teacher,Unemployed,327626,27302,8,Urban,Yes,Yes,No
7627,Uttar Pradesh,74,Male,Higher Secondary,Healthcare,Employed,656383,54698,2,Rural,Yes,Yes,No
7628,Uttar Pradesh,80,Female,Secondary,Private,Employed,444252,37021,1,Rural,No,Yes,Yes
7629,Haryana,32,Female,Higher Secondary,Unemployed,Employed,222728,18560,7,Urban,No,No,Yes
7630,Tamil Nadu,56,Male,Primary,Government,Employed,268212,22351,6,Urban,Yes,No,Yes
7631,Rajasthan,27,Male,Secondary,Private,Self-employed,640016,53334,6,Rural,Yes,No,Yes
7632,Haryana,62,Male,Secondary,Unemployed,Self-employed,820834,68402,8,Rural,No,No,Yes
7633,Maharashtra,52,Male,Graduate,Private,Unemployed,798399,66533,7,Rural,Yes,Yes,No
7634,Rajasthan,19,Male,Primary,Labour,Student,328146,27345,4,Rural,Yes,No,Yes
7635,Rajasthan,63,Male,Postgraduate,Healthcare,Self-employed,162507,13542,5,Urban,Yes,No,No
7636,Haryana,36,Female,Primary,Healthcare,Unemployed,565769,47147,8,Rural,Yes,No,Yes
7637,Tamil Nadu,18,Male,Secondary,Unemployed,Unemployed,609568,50797,4,Rural,No,No,Yes
7638,West Bengal,31,Female,Graduate,Labour,Student,779033,64919,3,Urban,Yes,No,Yes
7639,Maharashtra,75,Male,Higher Secondary,Engineer,Unemployed,60000,5000,5,Urban,No,Yes,Yes
7640,Karnataka,47,Male,Primary,Student,Student,882363,73530,6,Rural,Yes,No,No
7641,Karnataka,58,Female,Postgraduate,Engineer,Self-employed,60000,5000,8,Urban,Yes,No,No
7642,Punjab,48,Female,Higher Secondary,Labour,Student,386808,32234,1,Urban,Yes,No,Yes
7643,Delhi,51,Male,Higher Secondary,Labour,Unemployed,64879,5406,8,Rural,No,Yes,No
7644,Tamil Nadu,26,Male,Higher Secondary,Engineer,Self-employed,446558,37213,7,Urban,Yes,Yes,No
7645,Maharashtra,20,Female,Higher Secondary,Engineer,Self-employed,631882,52656,7,Rural,Yes,Yes,Yes
7646,Rajasthan,30,Male,Graduate,Teacher,Student,806590,67215,8,Urban,Yes,Yes,Yes
7647,West Bengal,37,Male,Graduate,Private,Unemployed,463848,38654,8,Rural,No,No,Yes
7648,Tamil Nadu,21,Female,Graduate,Farmer,Self-employed,775388,64615,6,Urban,Yes,No,Yes
7649,Haryana,33,Female,Secondary,Farmer,Student,287912,23992,1,Urban,No,Yes,Yes
7650,Uttar Pradesh,63,Male,Primary,Private,Employed,499834,41652,4,Urban,Yes,Yes,No
7651,Delhi,72,Male,Higher Secondary,Unemployed,Unemployed,785873,65489,5,Rural,No,Yes,Yes
7652,Delhi,60,Male,Graduate,Business,Self-employed,317094,26424,6,Rural,Yes,No,No
7653,Rajasthan,25,Female,Graduate,Private,Unemployed,836757,69729,6,Rural,No,No,No
7654,West Bengal,21,Male,Secondary,Farmer,Student,561912,46826,4,Rural,Yes,No,Yes
7655,Delhi,48,Male,Postgraduate,Engineer,Student,253887,21157,3,Rural,Yes,Yes,Yes
7656,Tamil Nadu,63,Female,Higher Secondary,Teacher,Employed,490106,40842,6,Urban,Yes,No,Yes
7657,Karnataka,22,Male,Postgraduate,Unemployed,Employed,60000,5000,6,Rural,Yes,No,No
7658,Uttar Pradesh,48,Female,Primary,Engineer,Student,60000,5000,4,Rural,No,Yes,Yes
7659,Uttar Pradesh,21,Male,Graduate,Government,Student,705690,58807,2,Rural,Yes,No,No
7660,Karnataka,69,Male,Graduate,Labour,Employed,466799,38899,5,Urban,No,Yes,Yes
7661,Karnataka,68,Male,Higher Secondary,Healthcare,Self-employed,506563,42213,8,Rural,No,Yes,No
7662,Tamil Nadu,53,Male,Postgraduate,Business,Employed,121076,10089,8,Rural,No,No,No
7663,Punjab,51,Male,Higher Secondary,Government,Unemployed,690624,57552,1,Rural,Yes,No,No
7664,Gujarat,44,Female,Postgraduate,Unemployed,Employed,107514,8959,6,Urban,No,Yes,No
7665,Delhi,53,Female,Primary,Teacher,Student,61147,5095,7,Rural,Yes,No,No
7666,West Bengal,79,Male,Postgraduate,Unemployed,Unemployed,633988,52832,2,Rural,Yes,No,No
7667,Karnataka,45,Male,Primary,Government,Self-employed,720018,60001,1,Rural,Yes,No,No
7668,Maharashtra,24,Female,Postgraduate,Engineer,Student,637399,53116,4,Rural,Yes,No,No
7669,Gujarat,70,Female,Higher Secondary,Labour,Student,484675,40389,2,Urban,Yes,Yes,Yes
7670,West Bengal,21,Female,Secondary,Labour,Unemployed,173413,14451,6,Rural,No,No,No
7671,Punjab,79,Male,Primary,Business,Unemployed,959824,79985,3,Urban,No,No,No
7672,Delhi,40,Male,Primary,Engineer,Self-employed,841616,70134,6,Rural,Yes,Yes,Yes
7673,Maharashtra,45,Female,Postgraduate,Government,Unemployed,586168,48847,7,Rural,Yes,Yes,Yes
7674,Gujarat,33,Male,Higher Secondary,Unemployed,Unemployed,719989,59999,4,Rural,Yes,Yes,No
7675,Maharashtra,41,Male,Primary,Farmer,Unemployed,660195,55016,4,Rural,Yes,No,No
7676,West Bengal,30,Male,Primary,Engineer,Employed,496109,41342,4,Urban,No,No,No
7677,Tamil Nadu,22,Male,Secondary,Engineer,Student,169979,14164,6,Urban,No,Yes,No
7678,Tamil Nadu,60,Male,Postgraduate,Healthcare,Student,1103880,91990,1,Rural,No,Yes,No
7679,Haryana,77,Female,Higher Secondary,Labour,Unemployed,724302,60358,3,Rural,Yes,Yes,No
7680,Gujarat,29,Male,Higher Secondary,Labour,Employed,386698,32224,1,Rural,Yes,Yes,No
7681,Karnataka,68,Male,Secondary,Teacher,Self-employed,343346,28612,8,Rural,No,No,Yes
7682,West Bengal,26,Female,Primary,Government,Unemployed,1110796,92566,4,Rural,No,No,No
7683,Tamil Nadu,45,Female,Postgraduate,Private,Unemployed,191446,15953,5,Rural,Yes,Yes,Yes
7684,Maharashtra,60,Male,Graduate,Student,Unemployed,301279,25106,4,Rural,Yes,No,No
7685,Uttar Pradesh,25,Female,Graduate,Business,Student,613069,51089,2,Rural,No,Yes,Yes
7686,Gujarat,74,Female,Graduate,Private,Unemployed,536086,44673,5,Urban,No,No,No
7687,West Bengal,63,Female,Primary,Healthcare,Employed,909256,75771,4,Rural,No,No,Yes
7688,Tamil Nadu,74,Male,Secondary,Government,Unemployed,727125,60593,2,Rural,Yes,Yes,Yes
7689,Tamil Nadu,50,Male,Graduate,Healthcare,Unemployed,411418,34284,3,Rural,No,No,Yes
7690,Delhi,64,Female,Higher Secondary,Labour,Employed,470620,39218,2,Urban,No,Yes,No
7691,Delhi,64,Male,Graduate,Unemployed,Student,921253,76771,7,Rural,No,No,Yes
7692,Punjab,20,Female,Secondary,Private,Unemployed,740546,61712,8,Rural,Yes,No,No
7693,West Bengal,60,Female,Graduate,Labour,Self-employed,286492,23874,5,Rural,Yes,Yes,No
7694,Karnataka,60,Male,Secondary,Labour,Self-employed,121100,10091,4,Urban,Yes,No,No
7695,Rajasthan,39,Male,Graduate,Healthcare,Employed,415550,34629,8,Rural,No,Yes,No
7696,Rajasthan,59,Female,Graduate,Engineer,Student,522710,43559,3,Urban,Yes,Yes,Yes
7697,Rajasthan,35,Female,Postgraduate,Business,Self-employed,639410,53284,4,Rural,No,Yes,Yes
7698,Tamil Nadu,68,Female,Primary,Student,Self-employed,60000,5000,1,Rural,No,Yes,No
7699,Karnataka,45,Female,Graduate,Student,Employed,157285,13107,7,Urban,No,No,Yes
7700,Karnataka,58,Male,Higher Secondary,Teacher,Student,614279,51189,4,Rural,Yes,No,No
7701,Uttar Pradesh,71,Female,Secondary,Business,Employed,872769,72730,4,Rural,No,No,No
7702,Haryana,43,Female,Graduate,Unemployed,Employed,160397,13366,3,Urban,No,Yes,No
7703,Rajasthan,71,Female,Graduate,Engineer,Unemployed,360719,30059,2,Rural,No,Yes,No
7704,Uttar Pradesh,60,Female,Primary,Student,Self-employed,379514,31626,8,Urban,No,Yes,Yes
7705,Karnataka,38,Female,Primary,Business,Employed,60000,5000,4,Rural,Yes,No,Yes
7706,West Bengal,73,Female,Graduate,Student,Student,437544,36462,2,Urban,No,Yes,Yes
7707,Maharashtra,77,Female,Secondary,Private,Student,366149,30512,4,Rural,Yes,Yes,No
7708,Punjab,76,Female,Graduate,Government,Unemployed,687681,57306,5,Urban,Yes,Yes,Yes
7709,West Bengal,57,Male,Higher Secondary,Farmer,Unemployed,950410,79200,4,Urban,No,No,No
7710,West Bengal,67,Female,Higher Secondary,Unemployed,Self-employed,288124,24010,4,Rural,No,No,Yes
7711,Gujarat,50,Male,Primary,Business,Employed,698066,58172,5,Urban,Yes,Yes,Yes
7712,Maharashtra,39,Female,Higher Secondary,Business,Unemployed,410860,34238,5,Urban,Yes,No,Yes
7713,Tamil Nadu,56,Male,Graduate,Business,Student,342893,28574,4,Rural,No,Yes,Yes
7714,Tamil Nadu,31,Female,Primary,Student,Unemployed,731103,60925,5,Urban,No,Yes,Yes
7715,West Bengal,64,Female,Graduate,Private,Employed,964509,80375,7,Urban,Yes,Yes,No
7716,Tamil Nadu,51,Male,Primary,Private,Employed,597085,49757,4,Rural,No,Yes,No
7717,Delhi,18,Male,Secondary,Labour,Student,376702,31391,8,Urban,No,No,Yes
7718,Maharashtra,41,Female,Graduate,Government,Employed,949355,79112,7,Urban,No,No,Yes
7719,Rajasthan,27,Female,Secondary,Government,Unemployed,477380,39781,5,Urban,No,Yes,No
7720,Gujarat,27,Male,Postgraduate,Private,Unemployed,384334,32027,1,Rural,No,Yes,No
7721,Rajasthan,52,Female,Graduate,Student,Student,122938,10244,5,Urban,No,Yes,Yes
7722,Maharashtra,21,Female,Graduate,Farmer,Self-employed,184674,15389,6,Rural,Yes,No,No
7723,Haryana,54,Female,Secondary,Farmer,Student,486080,40506,8,Rural,No,No,No
7724,Karnataka,22,Male,Secondary,Teacher,Employed,148098,12341,5,Rural,No,Yes,Yes
7725,Maharashtra,39,Female,Secondary,Teacher,Student,406938,33911,6,Urban,No,Yes,No
7726,Punjab,55,Male,Postgraduate,Teacher,Unemployed,319391,26615,6,Rural,Yes,Yes,Yes
7727,Maharashtra,31,Male,Higher Secondary,Private,Employed,701401,58450,2,Rural,No,No,No
7728,Rajasthan,30,Male,Postgraduate,Unemployed,Employed,615325,51277,8,Rural,No,No,Yes
7729,Uttar Pradesh,69,Female,Secondary,Engineer,Employed,60000,5000,8,Urban,No,Yes,No
7730,West Bengal,26,Female,Secondary,Teacher,Self-employed,822625,68552,3,Rural,No,Yes,Yes
7731,Karnataka,18,Female,Graduate,Unemployed,Self-employed,197344,16445,6,Urban,No,Yes,No
7732,Karnataka,76,Female,Secondary,Unemployed,Unemployed,572265,47688,2,Urban,Yes,Yes,Yes
7733,Haryana,54,Female,Primary,Healthcare,Self-employed,938763,78230,6,Rural,No,No,No
7734,Maharashtra,79,Female,Postgraduate,Government,Student,408346,34028,8,Rural,Yes,Yes,Yes
7735,Uttar Pradesh,58,Female,Primary,Unemployed,Employed,941746,78478,7,Rural,No,No,Yes
7736,West Bengal,44,Male,Higher Secondary,Labour,Unemployed,450118,37509,6,Urban,Yes,Yes,Yes
7737,West Bengal,41,Female,Postgraduate,Teacher,Employed,120363,10030,5,Rural,Yes,No,Yes
7738,Tamil Nadu,65,Female,Higher Secondary,Student,Employed,803258,66938,3,Urban,No,Yes,Yes
7739,Karnataka,79,Female,Primary,Labour,Employed,488465,40705,2,Urban,No,No,No
7740,West Bengal,22,Female,Graduate,Healthcare,Self-employed,629074,52422,1,Rural,No,No,Yes
7741,Tamil Nadu,77,Male,Primary,Unemployed,Employed,590841,49236,1,Rural,Yes,No,Yes
7742,Karnataka,64,Female,Primary,Private,Employed,359841,29986,8,Urban,Yes,No,No
7743,Uttar Pradesh,24,Female,Graduate,Unemployed,Employed,60000,5000,5,Urban,Yes,Yes,Yes
7744,Rajasthan,24,Female,Primary,Government,Employed,832342,69361,5,Rural,No,Yes,No
7745,Tamil Nadu,62,Male,Primary,Government,Self-employed,362323,30193,3,Urban,Yes,Yes,No
7746,Tamil Nadu,50,Male,Higher Secondary,Teacher,Employed,147030,12252,1,Urban,No,No,No
7747,Maharashtra,34,Female,Graduate,Farmer,Self-employed,451201,37600,6,Rural,Yes,Yes,Yes
7748,Tamil Nadu,63,Male,Postgraduate,Unemployed,Student,60000,5000,8,Rural,Yes,No,No
7749,Gujarat,24,Male,Postgraduate,Teacher,Self-employed,470397,39199,7,Rural,No,Yes,Yes
7750,Haryana,24,Male,Graduate,Farmer,Unemployed,562391,46865,5,Urban,No,Yes,No
7751,Gujarat,59,Female,Higher Secondary,Government,Employed,564018,47001,7,Urban,No,No,No
7752,West Bengal,80,Female,Primary,Unemployed,Student,511486,42623,3,Urban,Yes,No,No
7753,Maharashtra,47,Female,Secondary,Student,Employed,645888,53824,8,Urban,Yes,No,No
7754,Punjab,23,Female,Secondary,Business,Self-employed,782671,65222,8,Urban,No,Yes,No
7755,Delhi,49,Male,Graduate,Government,Employed,328472,27372,6,Urban,No,No,No
7756,Delhi,28,Female,Primary,Government,Student,923840,76986,8,Urban,No,No,Yes
7757,Delhi,41,Male,Secondary,Unemployed,Self-employed,423901,35325,4,Urban,No,Yes,Yes
7758,Tamil Nadu,72,Male,Postgraduate,Labour,Employed,336322,28026,8,Urban,Yes,Yes,Yes
7759,Uttar Pradesh,30,Female,Graduate,Government,Employed,106188,8849,7,Urban,Yes,No,No
7760,Rajasthan,75,Female,Graduate,Unemployed,Employed,457828,38152,6,Urban,Yes,Yes,Yes
7761,Haryana,73,Male,Secondary,Labour,Employed,240265,20022,3,Urban,Yes,No,Yes
7762,Haryana,46,Female,Graduate,Healthcare,Self-employed,135135,11261,5,Rural,No,Yes,No
7763,Haryana,70,Male,Graduate,Engineer,Unemployed,551335,45944,8,Rural,No,No,No
7764,Maharashtra,36,Female,Postgraduate,Unemployed,Unemployed,457919,38159,7,Urban,No,Yes,Yes
7765,Punjab,39,Male,Secondary,Government,Employed,446005,37167,2,Urban,Yes,No,Yes
7766,Tamil Nadu,75,Female,Graduate,Healthcare,Unemployed,60000,5000,3,Rural,Yes,No,No
7767,Tamil Nadu,57,Female,Secondary,Private,Student,60000,5000,1,Urban,Yes,No,Yes
7768,Haryana,29,Female,Primary,Student,Unemployed,292783,24398,3,Rural,No,No,Yes
7769,Gujarat,77,Female,Postgraduate,Business,Student,574019,47834,3,Urban,Yes,Yes,No
7770,Punjab,38,Female,Graduate,Business,Student,683855,56987,5,Rural,No,Yes,Yes
7771,Delhi,63,Male,Secondary,Labour,Self-employed,434718,36226,3,Urban,No,No,No
7772,Delhi,46,Female,Postgraduate,Teacher,Employed,798904,66575,2,Urban,No,Yes,No
7773,Delhi,49,Male,Higher Secondary,Private,Employed,1205397,100449,5,Urban,No,No,Yes
7774,Punjab,23,Female,Secondary,Labour,Self-employed,350726,29227,3,Urban,No,No,Yes
7775,Maharashtra,80,Male,Primary,Healthcare,Student,60000,5000,3,Rural,No,Yes,Yes
7776,Haryana,35,Male,Higher Secondary,Private,Self-employed,148138,12344,1,Urban,Yes,Yes,Yes
7777,Tamil Nadu,59,Male,Secondary,Government,Employed,551197,45933,4,Rural,Yes,No,No
7778,Tamil Nadu,70,Male,Secondary,Farmer,Student,516270,43022,5,Urban,No,Yes,Yes
7779,Uttar Pradesh,30,Male,Primary,Private,Self-employed,738116,61509,5,Urban,No,Yes,Yes
7780,Karnataka,48,Female,Secondary,Business,Student,449039,37419,5,Rural,Yes,No,Yes
7781,Uttar Pradesh,60,Male,Primary,Business,Unemployed,411319,34276,8,Rural,Yes,Yes,No
7782,Tamil Nadu,54,Female,Secondary,Private,Self-employed,252411,21034,4,Urban,Yes,Yes,No
7783,West Bengal,18,Male,Higher Secondary,Teacher,Unemployed,318058,26504,5,Urban,No,Yes,Yes
7784,Delhi,58,Male,Secondary,Government,Student,60000,5000,4,Rural,Yes,Yes,Yes
7785,Uttar Pradesh,39,Male,Higher Secondary,Teacher,Employed,704169,58680,5,Urban,No,Yes,Yes
7786,Karnataka,43,Male,Higher Secondary,Unemployed,Self-employed,361324,30110,8,Rural,No,Yes,Yes
7787,Gujarat,46,Male,Higher Secondary,Teacher,Employed,69125,5760,5,Urban,Yes,No,No
7788,Tamil Nadu,31,Female,Secondary,Farmer,Employed,126617,10551,4,Urban,Yes,Yes,Yes
7789,Delhi,42,Male,Higher Secondary,Government,Employed,596923,49743,3,Urban,Yes,Yes,No
7790,Maharashtra,27,Female,Secondary,Engineer,Unemployed,661115,55092,3,Urban,Yes,No,No
7791,Delhi,33,Male,Higher Secondary,Teacher,Student,429711,35809,4,Urban,Yes,No,No
7792,Delhi,41,Female,Secondary,Healthcare,Student,303719,25309,2,Rural,No,Yes,Yes
7793,West Bengal,70,Male,Secondary,Student,Unemployed,244697,20391,2,Urban,Yes,No,No
7794,Gujarat,45,Male,Higher Secondary,Business,Employed,812285,67690,7,Urban,No,Yes,No
7795,Rajasthan,34,Male,Secondary,Teacher,Self-employed,696581,58048,7,Rural,Yes,Yes,Yes
7796,Haryana,50,Male,Primary,Private,Self-employed,638456,53204,7,Urban,Yes,No,No
7797,Karnataka,27,Female,Secondary,Private,Employed,265087,22090,5,Urban,Yes,No,Yes
7798,Karnataka,61,Male,Postgraduate,Healthcare,Student,588362,49030,5,Urban,Yes,No,Yes
7799,Haryana,40,Female,Graduate,Unemployed,Self-employed,687324,57277,6,Urban,Yes,Yes,Yes
7800,Maharashtra,76,Male,Primary,Government,Student,384753,32062,6,Urban,Yes,Yes,No
7801,Maharashtra,29,Male,Primary,Student,Unemployed,453373,37781,3,Rural,Yes,No,Yes
7802,Delhi,55,Male,Postgraduate,Healthcare,Student,214405,17867,1,Rural,No,Yes,No
7803,Delhi,61,Male,Secondary,Unemployed,Employed,111661,9305,7,Rural,No,Yes,Yes
7804,West Bengal,32,Female,Postgraduate,Engineer,Employed,350149,29179,6,Urban,No,Yes,Yes
7805,Tamil Nadu,43,Male,Postgraduate,Teacher,Employed,276485,23040,2,Rural,No,No,No
7806,Delhi,41,Female,Secondary,Engineer,Student,403589,33632,1,Rural,Yes,Yes,Yes
7807,Maharashtra,19,Male,Primary,Unemployed,Employed,780821,65068,7,Rural,Yes,No,Yes
7808,Karnataka,33,Male,Secondary,Farmer,Employed,933412,77784,5,Urban,No,Yes,No
7809,Maharashtra,26,Female,Postgraduate,Student,Self-employed,315149,26262,6,Urban,Yes,Yes,Yes
7810,Haryana,29,Male,Primary,Engineer,Self-employed,850558,70879,2,Rural,No,No,Yes
7811,Maharashtra,47,Male,Secondary,Student,Student,194524,16210,6,Rural,Yes,Yes,Yes
7812,Punjab,67,Female,Secondary,Student,Student,237486,19790,2,Rural,No,No,No
7813,Karnataka,26,Male,Primary,Private,Self-employed,219623,18301,8,Rural,No,No,Yes
7814,West Bengal,56,Male,Graduate,Unemployed,Employed,579247,48270,8,Rural,Yes,No,No
7815,West Bengal,60,Male,Postgraduate,Engineer,Self-employed,661599,55133,1,Urban,No,No,No
7816,Punjab,39,Female,Postgraduate,Healthcare,Self-employed,514514,42876,7,Rural,No,Yes,No
7817,Delhi,48,Female,Postgraduate,Teacher,Employed,249347,20778,6,Urban,No,Yes,Yes
7818,Delhi,60,Female,Postgraduate,Business,Student,531733,44311,5,Urban,Yes,No,Yes
7819,West Bengal,61,Male,Primary,Private,Unemployed,360047,30003,8,Urban,No,No,No
7820,Rajasthan,49,Male,Higher Secondary,Government,Student,330208,27517,2,Urban,No,No,No
7821,Delhi,49,Male,Graduate,Teacher,Self-employed,60000,5000,6,Urban,No,Yes,Yes
7822,Uttar Pradesh,30,Female,Primary,Government,Unemployed,175256,14604,4,Urban,No,Yes,No
7823,Haryana,79,Female,Graduate,Business,Employed,763438,63619,4,Rural,Yes,Yes,Yes
7824,Uttar Pradesh,64,Female,Graduate,Student,Student,397763,33146,3,Urban,Yes,Yes,No
7825,Rajasthan,57,Female,Primary,Private,Employed,357035,29752,1,Urban,No,Yes,Yes
7826,Uttar Pradesh,80,Male,Graduate,Business,Employed,556521,46376,7,Urban,Yes,No,No
7827,Punjab,73,Female,Graduate,Government,Unemployed,644987,53748,7,Rural,Yes,Yes,Yes
7828,Gujarat,31,Male,Graduate,Unemployed,Employed,491187,40932,3,Urban,No,No,No
7829,Karnataka,78,Male,Primary,Government,Employed,826820,68901,7,Rural,Yes,No,No
7830,Tamil Nadu,18,Female,Postgraduate,Business,Self-employed,294045,24503,3,Urban,Yes,Yes,No
7831,Punjab,79,Female,Graduate,Business,Employed,643793,53649,4,Urban,Yes,Yes,No
7832,West Bengal,25,Male,Secondary,Labour,Self-employed,567486,47290,8,Rural,Yes,Yes,Yes
7833,Uttar Pradesh,69,Male,Postgraduate,Private,Unemployed,426021,35501,5,Urban,Yes,Yes,Yes
7834,Haryana,68,Male,Graduate,Healthcare,Self-employed,391245,32603,2,Rural,Yes,Yes,No
7835,Tamil Nadu,59,Male,Graduate,Government,Unemployed,594557,49546,3,Urban,No,Yes,No
7836,Rajasthan,35,Female,Higher Secondary,Engineer,Employed,637602,53133,8,Urban,Yes,Yes,Yes
7837,Rajasthan,18,Female,Higher Secondary,Unemployed,Unemployed,141954,11829,7,Rural,No,No,No
7838,Uttar Pradesh,25,Female,Higher Secondary,Teacher,Employed,302711,25225,3,Rural,No,No,Yes
7839,Maharashtra,76,Male,Postgraduate,Labour,Student,1052838,87736,3,Urban,No,No,No
7840,Uttar Pradesh,73,Female,Higher Secondary,Private,Employed,498848,41570,4,Rural,No,Yes,Yes
7841,Uttar Pradesh,80,Male,Postgraduate,Business,Self-employed,511864,42655,2,Rural,Yes,No,Yes
7842,Delhi,44,Female,Secondary,Engineer,Self-employed,496905,41408,4,Rural,Yes,No,No
7843,Delhi,26,Female,Secondary,Labour,Employed,489834,40819,4,Urban,Yes,Yes,No
7844,Gujarat,19,Female,Primary,Business,Student,339497,28291,7,Rural,No,No,Yes
7845,Maharashtra,64,Male,Primary,Student,Self-employed,550254,45854,3,Urban,Yes,No,No
7846,Delhi,64,Male,Primary,Unemployed,Employed,678001,56500,8,Rural,No,Yes,No
7847,Maharashtra,50,Male,Secondary,Government,Employed,593620,49468,2,Urban,Yes,Yes,No
7848,Uttar Pradesh,45,Male,Postgraduate,Government,Self-employed,506366,42197,6,Urban,Yes,Yes,Yes
7849,Gujarat,19,Female,Secondary,Farmer,Self-employed,678455,56537,7,Urban,No,No,Yes
7850,Delhi,30,Female,Postgraduate,Labour,Student,765578,63798,7,Urban,No,Yes,No
7851,West Bengal,44,Female,Graduate,Student,Unemployed,613317,51109,6,Urban,Yes,No,Yes
7852,Haryana,25,Male,Primary,Business,Student,699275,58272,5,Urban,Yes,No,No
7853,Maharashtra,59,Male,Graduate,Business,Self-employed,834805,69567,5,Urban,Yes,No,Yes
7854,Gujarat,65,Male,Secondary,Farmer,Employed,229833,19152,3,Rural,Yes,No,Yes
7855,West Bengal,74,Female,Secondary,Teacher,Student,658312,54859,2,Rural,Yes,No,No
7856,Karnataka,33,Female,Postgraduate,Student,Self-employed,796796,66399,7,Urban,Yes,Yes,No
7857,West Bengal,55,Male,Graduate,Unemployed,Self-employed,730383,60865,1,Urban,Yes,Yes,Yes
7858,Tamil Nadu,58,Male,Graduate,Unemployed,Unemployed,616637,51386,4,Urban,No,Yes,Yes
7859,Punjab,44,Male,Higher Secondary,Healthcare,Unemployed,753698,62808,3,Urban,Yes,No,No
7860,Karnataka,40,Male,Primary,Farmer,Student,156507,13042,6,Rural,Yes,Yes,No
7861,Haryana,25,Male,Higher Secondary,Teacher,Employed,189017,15751,2,Rural,No,Yes,No
7862,West Bengal,40,Female,Graduate,Unemployed,Employed,60000,5000,5,Urban,No,No,Yes
7863,Gujarat,50,Female,Primary,Business,Unemployed,869610,72467,5,Urban,No,No,Yes
7864,West Bengal,42,Female,Postgraduate,Private,Self-employed,457610,38134,2,Urban,No,Yes,No
7865,Gujarat,60,Male,Higher Secondary,Teacher,Employed,612248,51020,4,Urban,Yes,No,Yes
7866,Tamil Nadu,68,Male,Higher Secondary,Labour,Unemployed,94449,7870,2,Rural,Yes,No,No
7867,Karnataka,56,Male,Postgraduate,Teacher,Student,1029113,85759,3,Urban,No,No,Yes
7868,Delhi,64,Male,Postgraduate,Unemployed,Unemployed,662231,55185,5,Urban,Yes,Yes,Yes
7869,West Bengal,71,Male,Higher Secondary,Government,Employed,637054,53087,4,Urban,No,Yes,Yes
7870,Karnataka,60,Female,Postgraduate,Unemployed,Unemployed,633340,52778,4,Urban,Yes,Yes,Yes
7871,Delhi,76,Female,Postgraduate,Farmer,Student,722568,60214,3,Urban,No,No,No
7872,Punjab,47,Female,Secondary,Healthcare,Employed,86878,7239,6,Urban,Yes,No,Yes
7873,Delhi,64,Male,Primary,Unemployed,Unemployed,608663,50721,5,Urban,No,No,No
7874,Delhi,31,Male,Primary,Engineer,Employed,762059,63504,2,Urban,Yes,Yes,Yes
7875,Haryana,61,Male,Postgraduate,Business,Employed,598636,49886,1,Urban,No,Yes,No
7876,Tamil Nadu,71,Female,Primary,Student,Employed,391100,32591,5,Rural,No,No,No
7877,West Bengal,21,Male,Secondary,Labour,Employed,591317,49276,7,Urban,No,No,No
7878,Gujarat,20,Female,Secondary,Farmer,Student,803784,66982,8,Rural,Yes,Yes,Yes
7879,Karnataka,55,Female,Graduate,Student,Self-employed,539152,44929,8,Urban,No,No,Yes
7880,Delhi,56,Female,Higher Secondary,Unemployed,Employed,436053,36337,2,Rural,No,No,Yes
7881,Haryana,52,Female,Secondary,Unemployed,Student,629546,52462,2,Rural,Yes,Yes,No
7882,Delhi,44,Female,Primary,Healthcare,Unemployed,977770,81480,8,Urban,Yes,Yes,No
7883,Karnataka,48,Male,Secondary,Healthcare,Student,412135,34344,6,Urban,Yes,Yes,No
7884,Tamil Nadu,47,Male,Graduate,Farmer,Unemployed,398473,33206,6,Rural,No,Yes,Yes
7885,Gujarat,64,Female,Higher Secondary,Engineer,Employed,655393,54616,7,Urban,Yes,Yes,Yes
7886,Rajasthan,19,Female,Higher Secondary,Farmer,Student,514382,42865,7,Rural,Yes,No,Yes
7887,Uttar Pradesh,52,Male,Secondary,Business,Unemployed,425884,35490,1,Urban,No,Yes,Yes
7888,Karnataka,23,Male,Graduate,Healthcare,Self-employed,275851,22987,8,Urban,No,No,Yes
7889,Karnataka,59,Female,Postgraduate,Labour,Student,83566,6963,1,Rural,No,Yes,No
7890,Delhi,38,Female,Higher Secondary,Labour,Unemployed,590450,49204,4,Urban,Yes,Yes,Yes
7891,Gujarat,40,Female,Graduate,Healthcare,Student,698403,58200,1,Rural,Yes,Yes,No
7892,Haryana,57,Male,Graduate,Private,Employed,726836,60569,6,Urban,Yes,No,No
7893,Punjab,54,Male,Postgraduate,Engineer,Student,497446,41453,1,Rural,No,No,No
7894,Delhi,72,Female,Graduate,Teacher,Student,321820,26818,8,Rural,No,No,No
7895,Haryana,23,Female,Primary,Private,Employed,452504,37708,7,Rural,No,No,No
7896,Haryana,60,Male,Secondary,Business,Self-employed,735295,61274,6,Rural,No,Yes,No
7897,Karnataka,48,Female,Primary,Farmer,Employed,831398,69283,5,Rural,Yes,No,No
7898,Uttar Pradesh,73,Female,Higher Secondary,Government,Self-employed,182147,15178,3,Urban,Yes,No,Yes
7899,Rajasthan,38,Female,Primary,Farmer,Student,739497,61624,5,Rural,Yes,Yes,Yes
7900,Maharashtra,48,Male,Graduate,Student,Unemployed,732318,61026,3,Rural,No,No,Yes
7901,Karnataka,45,Female,Secondary,Teacher,Self-employed,661297,55108,2,Rural,Yes,No,No
7902,Haryana,62,Male,Primary,Farmer,Employed,286288,23857,6,Rural,No,No,Yes
7903,Gujarat,52,Male,Higher Secondary,Teacher,Employed,723953,60329,2,Urban,No,Yes,Yes
7904,Delhi,79,Female,Secondary,Healthcare,Employed,517595,43132,4,Urban,Yes,No,Yes
7905,Uttar Pradesh,62,Male,Postgraduate,Farmer,Employed,757409,63117,7,Rural,Yes,Yes,Yes
7906,West Bengal,42,Male,Primary,Healthcare,Self-employed,199853,16654,3,Rural,Yes,No,No
7907,Rajasthan,66,Female,Secondary,Student,Student,904335,75361,4,Rural,No,No,Yes
7908,Tamil Nadu,34,Male,Secondary,Farmer,Self-employed,387862,32321,6,Urban,No,No,Yes
7909,Rajasthan,65,Female,Postgraduate,Teacher,Employed,927887,77323,3,Rural,No,Yes,No
7910,West Bengal,50,Female,Postgraduate,Farmer,Student,646087,53840,8,Rural,Yes,Yes,No
7911,Gujarat,33,Male,Higher Secondary,Student,Unemployed,483240,40270,3,Urban,No,Yes,No
7912,Punjab,18,Female,Graduate,Business,Self-employed,638378,53198,7,Urban,No,No,No
7913,Rajasthan,51,Female,Higher Secondary,Farmer,Self-employed,628084,52340,7,Rural,No,Yes,No
7914,Karnataka,18,Female,Higher Secondary,Unemployed,Employed,622017,51834,5,Urban,Yes,No,No
7915,Gujarat,48,Female,Graduate,Business,Unemployed,948689,79057,1,Urban,Yes,Yes,No
7916,West Bengal,29,Male,Postgraduate,Labour,Student,270093,22507,3,Rural,Yes,Yes,No
7917,Delhi,70,Male,Graduate,Unemployed,Unemployed,391076,32589,4,Rural,No,Yes,No
7918,Tamil Nadu,23,Male,Higher Secondary,Healthcare,Employed,290293,24191,7,Urban,No,Yes,Yes
7919,Haryana,49,Male,Secondary,Unemployed,Unemployed,320203,26683,2,Rural,No,Yes,Yes
7920,West Bengal,30,Female,Graduate,Healthcare,Self-employed,722820,60235,4,Urban,No,No,Yes
7921,Maharashtra,32,Female,Graduate,Business,Unemployed,517636,43136,8,Rural,Yes,No,Yes
7922,Maharashtra,70,Male,Secondary,Labour,Student,166783,13898,5,Urban,No,No,Yes
7923,Gujarat,23,Female,Postgraduate,Government,Self-employed,282844,23570,4,Rural,No,No,No
7924,Delhi,57,Male,Graduate,Healthcare,Self-employed,615480,51290,8,Rural,No,No,Yes
7925,Uttar Pradesh,35,Female,Graduate,Government,Self-employed,564598,47049,2,Rural,No,No,Yes
7926,Rajasthan,66,Male,Graduate,Teacher,Self-employed,336658,28054,2,Urban,Yes,No,Yes
7927,Gujarat,79,Female,Graduate,Labour,Self-employed,796870,66405,8,Rural,No,No,Yes
7928,Gujarat,20,Male,Secondary,Teacher,Self-employed,475668,39639,7,Rural,Yes,No,No
7929,Gujarat,34,Female,Postgraduate,Farmer,Unemployed,241566,20130,6,Urban,No,No,No
7930,Delhi,37,Female,Graduate,Teacher,Unemployed,464562,38713,2,Rural,Yes,No,No
7931,Karnataka,22,Female,Primary,Unemployed,Employed,750571,62547,1,Rural,No,No,Yes
7932,Delhi,50,Male,Primary,Unemployed,Unemployed,856660,71388,1,Rural,Yes,Yes,No
7933,Punjab,28,Female,Graduate,Healthcare,Unemployed,187551,15629,6,Urban,No,Yes,No
7934,Maharashtra,37,Male,Primary,Healthcare,Unemployed,232898,19408,5,Urban,No,Yes,Yes
7935,Haryana,21,Female,Postgraduate,Farmer,Unemployed,344993,28749,8,Urban,Yes,No,No
7936,Punjab,77,Male,Postgraduate,Business,Unemployed,244298,20358,2,Rural,Yes,Yes,No
7937,Karnataka,76,Male,Graduate,Teacher,Self-employed,331791,27649,6,Urban,No,No,No
7938,Delhi,37,Female,Graduate,Student,Self-employed,657495,54791,6,Urban,No,No,No
7939,Delhi,39,Male,Higher Secondary,Private,Unemployed,249336,20778,1,Urban,Yes,Yes,No
7940,Rajasthan,24,Male,Secondary,Engineer,Employed,491307,40942,6,Rural,No,No,No
7941,Uttar Pradesh,72,Male,Primary,Engineer,Student,673533,56127,4,Rural,No,No,No
7942,Gujarat,29,Female,Postgraduate,Business,Self-employed,647626,53968,1,Rural,No,Yes,No
7943,Punjab,26,Female,Postgraduate,Engineer,Self-employed,60000,5000,4,Urban,No,No,No
7944,Rajasthan,22,Male,Primary,Unemployed,Self-employed,262856,21904,2,Rural,Yes,Yes,Yes
7945,Haryana,22,Male,Graduate,Farmer,Student,493362,41113,6,Urban,No,No,No
7946,Rajasthan,27,Female,Graduate,Farmer,Employed,500306,41692,7,Urban,No,No,No
7947,Maharashtra,50,Male,Postgraduate,Unemployed,Unemployed,663719,55309,5,Urban,No,Yes,Yes
7948,West Bengal,79,Male,Graduate,Business,Student,637203,53100,1,Urban,Yes,Yes,No
7949,West Bengal,48,Male,Higher Secondary,Healthcare,Employed,670787,55898,8,Rural,No,Yes,Yes
7950,Karnataka,48,Female,Higher Secondary,Teacher,Employed,600681,50056,1,Rural,No,No,No
7951,Karnataka,45,Male,Primary,Engineer,Employed,534103,44508,3,Urban,No,Yes,Yes
7952,Karnataka,59,Male,Graduate,Teacher,Self-employed,60000,5000,5,Rural,No,No,No
7953,West Bengal,43,Female,Secondary,Student,Self-employed,529976,44164,1,Rural,No,No,Yes
7954,Gujarat,80,Male,Secondary,Labour,Employed,554847,46237,5,Urban,Yes,Yes,Yes
7955,Karnataka,18,Male,Postgraduate,Labour,Self-employed,514253,42854,5,Rural,Yes,Yes,No
7956,Tamil Nadu,45,Male,Secondary,Private,Student,464883,38740,4,Rural,Yes,Yes,Yes
7957,Gujarat,78,Female,Graduate,Labour,Unemployed,95045,7920,4,Urban,No,No,Yes
7958,Rajasthan,23,Male,Higher Secondary,Healthcare,Employed,385421,32118,6,Rural,Yes,No,Yes
7959,Rajasthan,54,Male,Postgraduate,Engineer,Self-employed,286548,23879,7,Rural,No,Yes,Yes
7960,West Bengal,63,Female,Postgraduate,Engineer,Student,766419,63868,3,Rural,Yes,No,Yes
7961,Uttar Pradesh,28,Female,Higher Secondary,Engineer,Student,359655,29971,6,Rural,No,No,No
7962,Delhi,77,Female,Secondary,Teacher,Employed,377005,31417,7,Urban,Yes,No,Yes
7963,Uttar Pradesh,19,Male,Postgraduate,Engineer,Self-employed,324372,27031,4,Urban,No,No,Yes
7964,Tamil Nadu,65,Male,Secondary,Private,Student,412229,34352,5,Rural,Yes,No,No
7965,Maharashtra,28,Male,Postgraduate,Unemployed,Unemployed,174930,14577,1,Urban,Yes,No,Yes
7966,Karnataka,51,Female,Primary,Teacher,Employed,463503,38625,8,Urban,No,Yes,No
7967,Karnataka,43,Male,Graduate,Labour,Self-employed,565873,47156,4,Rural,No,Yes,Yes
7968,West Bengal,26,Male,Graduate,Healthcare,Employed,595392,49616,4,Rural,Yes,Yes,Yes
7969,Karnataka,79,Female,Postgraduate,Student,Student,60000,5000,7,Rural,Yes,Yes,Yes
7970,Uttar Pradesh,37,Male,Primary,Farmer,Employed,115504,9625,5,Rural,No,Yes,Yes
7971,West Bengal,80,Male,Graduate,Private,Employed,402870,33572,3,Rural,No,Yes,Yes
7972,West Bengal,35,Male,Secondary,Farmer,Student,375229,31269,2,Rural,Yes,Yes,No
7973,Rajasthan,77,Male,Secondary,Business,Student,399220,33268,2,Rural,No,Yes,No
7974,West Bengal,26,Female,Secondary,Labour,Self-employed,442095,36841,3,Urban,No,No,Yes
7975,West Bengal,27,Male,Secondary,Student,Student,260935,21744,2,Urban,No,No,Yes
7976,Gujarat,31,Male,Graduate,Healthcare,Student,926251,77187,1,Rural,No,Yes,No
7977,Uttar Pradesh,75,Male,Postgraduate,Private,Self-employed,949088,79090,3,Urban,No,No,Yes
7978,Haryana,44,Male,Primary,Engineer,Student,804180,67015,3,Urban,No,No,Yes
7979,West Bengal,69,Male,Primary,Government,Employed,559728,46644,8,Urban,No,Yes,Yes
7980,West Bengal,68,Female,Higher Secondary,Engineer,Unemployed,615916,51326,6,Rural,No,No,No
7981,Haryana,74,Female,Higher Secondary,Government,Employed,537626,44802,6,Rural,Yes,No,Yes
7982,Haryana,34,Female,Primary,Private,Employed,932500,77708,1,Rural,No,No,No
7983,Haryana,27,Male,Graduate,Teacher,Student,638570,53214,1,Urban,Yes,No,No
7984,Maharashtra,58,Female,Primary,Unemployed,Unemployed,89675,7472,8,Rural,No,No,Yes
7985,Karnataka,72,Female,Secondary,Government,Student,606144,50512,6,Rural,No,Yes,No
7986,Rajasthan,43,Male,Graduate,Government,Employed,690891,57574,7,Rural,Yes,No,No
7987,Rajasthan,63,Male,Graduate,Student,Self-employed,1086185,90515,7,Urban,No,Yes,No
7988,West Bengal,31,Female,Higher Secondary,Engineer,Unemployed,708145,59012,5,Urban,Yes,Yes,No
7989,Haryana,38,Male,Primary,Unemployed,Employed,479423,39951,2,Rural,No,No,Yes
7990,Karnataka,57,Female,Higher Secondary,Engineer,Self-employed,421104,35092,1,Urban,Yes,Yes,Yes
7991,West Bengal,49,Female,Higher Secondary,Business,Student,515249,42937,3,Rural,Yes,No,No
7992,Haryana,57,Female,Graduate,Unemployed,Employed,990387,82532,3,Rural,No,Yes,Yes
7993,Uttar Pradesh,30,Male,Graduate,Private,Self-employed,345244,28770,2,Urban,Yes,Yes,No
7994,Rajasthan,76,Female,Higher Secondary,Teacher,Self-employed,624699,52058,8,Rural,Yes,Yes,No
7995,Gujarat,59,Female,Higher Secondary,Government,Employed,605012,50417,7,Rural,Yes,Yes,Yes
7996,Delhi,22,Male,Higher Secondary,Teacher,Employed,840427,70035,8,Rural,Yes,Yes,Yes
7997,Rajasthan,37,Male,Primary,Engineer,Employed,714510,59542,8,Urban,Yes,No,Yes
7998,Haryana,52,Female,Primary,Business,Self-employed,470101,39175,8,Rural,No,No,No
7999,Delhi,34,Female,Postgraduate,Teacher,Unemployed,754079,62839,8,Rural,No,No,Yes
8000,Uttar Pradesh,27,Male,Graduate,Engineer,Student,1074264,89522,4,Rural,Yes,No,No
8001,Maharashtra,29,Male,Higher Secondary,Healthcare,Unemployed,433498,36124,7,Urban,Yes,Yes,Yes
8002,Uttar Pradesh,27,Female,Graduate,Government,Employed,152200,12683,5,Urban,Yes,Yes,Yes
8003,Maharashtra,36,Female,Graduate,Private,Student,203919,16993,5,Rural,Yes,Yes,No
8004,Uttar Pradesh,52,Male,Primary,Teacher,Student,409807,34150,2,Urban,Yes,No,Yes
8005,Haryana,25,Female,Secondary,Healthcare,Employed,292423,24368,1,Urban,Yes,No,No
8006,Haryana,73,Male,Secondary,Farmer,Student,355661,29638,8,Rural,No,No,Yes
8007,Karnataka,43,Female,Postgraduate,Business,Self-employed,1033256,86104,6,Urban,Yes,Yes,Yes
8008,Uttar Pradesh,75,Female,Postgraduate,Private,Employed,969052,80754,3,Urban,Yes,Yes,No
8009,Tamil Nadu,46,Female,Secondary,Government,Student,414746,34562,3,Urban,No,No,Yes
8010,Uttar Pradesh,68,Male,Postgraduate,Teacher,Student,421058,35088,4,Rural,No,No,Yes
8011,Haryana,29,Male,Primary,Teacher,Self-employed,564708,47059,4,Urban,No,No,No
8012,Tamil Nadu,60,Female,Primary,Unemployed,Unemployed,405542,33795,3,Urban,No,No,No
8013,Tamil Nadu,72,Female,Postgraduate,Private,Unemployed,919598,76633,3,Urban,No,Yes,Yes
8014,Gujarat,73,Male,Graduate,Labour,Employed,503035,41919,5,Urban,No,No,No
8015,Rajasthan,29,Male,Graduate,Healthcare,Self-employed,361580,30131,8,Rural,Yes,Yes,No
8016,West Bengal,25,Male,Graduate,Engineer,Student,738840,61570,1,Urban,Yes,No,No
8017,Tamil Nadu,78,Female,Postgraduate,Student,Self-employed,905695,75474,4,Rural,Yes,No,Yes
8018,Gujarat,29,Female,Higher Secondary,Government,Self-employed,319727,26643,4,Urban,Yes,No,Yes
8019,Punjab,44,Male,Primary,Government,Employed,516123,43010,1,Rural,No,Yes,No
8020,Uttar Pradesh,78,Male,Secondary,Unemployed,Unemployed,368059,30671,6,Urban,Yes,No,No
8021,Karnataka,36,Male,Secondary,Engineer,Student,823025,68585,3,Urban,Yes,No,Yes
8022,Haryana,43,Female,Primary,Private,Self-employed,288239,24019,2,Urban,Yes,No,No
8023,Haryana,26,Female,Primary,Labour,Unemployed,603294,50274,3,Rural,Yes,Yes,Yes
8024,Haryana,65,Male,Graduate,Student,Unemployed,492921,41076,6,Rural,Yes,No,No
8025,Maharashtra,63,Female,Higher Secondary,Teacher,Self-employed,751328,62610,7,Rural,No,No,Yes
8026,West Bengal,77,Male,Secondary,Unemployed,Self-employed,571934,47661,4,Urban,No,No,No
8027,Gujarat,70,Male,Graduate,Farmer,Self-employed,217279,18106,1,Rural,No,No,Yes
8028,Punjab,80,Female,Postgraduate,Government,Student,432069,36005,3,Urban,No,Yes,Yes
8029,Rajasthan,26,Male,Primary,Student,Unemployed,518376,43198,8,Urban,Yes,No,No
8030,Tamil Nadu,44,Female,Postgraduate,Government,Employed,256519,21376,4,Rural,No,Yes,Yes
8031,Tamil Nadu,53,Female,Higher Secondary,Labour,Unemployed,285414,23784,7,Rural,No,Yes,Yes
8032,Gujarat,36,Male,Higher Secondary,Student,Student,576731,48060,1,Rural,Yes,No,Yes
8033,Karnataka,18,Male,Graduate,Healthcare,Student,459532,38294,8,Rural,Yes,Yes,No
8034,Maharashtra,55,Female,Postgraduate,Private,Student,742278,61856,7,Rural,No,Yes,No
8035,Karnataka,66,Female,Higher Secondary,Unemployed,Self-employed,616568,51380,8,Rural,No,No,Yes
8036,Karnataka,37,Female,Graduate,Unemployed,Self-employed,742218,61851,3,Urban,Yes,Yes,Yes
8037,Uttar Pradesh,19,Female,Postgraduate,Engineer,Employed,763838,63653,3,Rural,No,Yes,No
8038,Karnataka,66,Female,Primary,Teacher,Employed,567710,47309,7,Urban,Yes,No,Yes
8039,West Bengal,69,Male,Secondary,Teacher,Self-employed,655950,54662,3,Rural,Yes,No,Yes
8040,Maharashtra,24,Female,Secondary,Student,Unemployed,647259,53938,2,Urban,No,Yes,Yes
8041,Delhi,64,Male,Graduate,Engineer,Employed,446738,37228,7,Urban,Yes,Yes,No
8042,Uttar Pradesh,44,Female,Secondary,Labour,Employed,472835,39402,4,Rural,Yes,Yes,No
8043,Haryana,46,Female,Secondary,Engineer,Unemployed,317551,26462,2,Rural,Yes,Yes,Yes
8044,Tamil Nadu,77,Female,Graduate,Government,Self-employed,607703,50641,4,Rural,Yes,Yes,No
8045,Tamil Nadu,74,Male,Higher Secondary,Business,Unemployed,423678,35306,6,Rural,No,No,Yes
8046,Uttar Pradesh,39,Male,Primary,Unemployed,Unemployed,769928,64160,2,Rural,Yes,Yes,Yes
8047,Maharashtra,46,Female,Secondary,Business,Employed,707480,58956,4,Urban,No,No,No
8048,Punjab,21,Female,Secondary,Student,Student,262561,21880,7,Urban,No,Yes,Yes
8049,Karnataka,47,Male,Graduate,Labour,Student,575209,47934,1,Urban,Yes,Yes,Yes
8050,Haryana,57,Female,Secondary,Private,Student,383105,31925,7,Rural,Yes,Yes,No
8051,Tamil Nadu,23,Female,Higher Secondary,Healthcare,Unemployed,327700,27308,5,Rural,No,Yes,Yes
8052,Rajasthan,64,Female,Secondary,Farmer,Unemployed,632003,52666,6,Rural,Yes,Yes,Yes
8053,Tamil Nadu,66,Female,Postgraduate,Farmer,Employed,605408,50450,2,Rural,No,Yes,No
8054,Karnataka,50,Female,Secondary,Healthcare,Self-employed,616527,51377,1,Rural,No,Yes,No
8055,Uttar Pradesh,34,Male,Postgraduate,Unemployed,Student,544516,45376,1,Rural,No,No,Yes
8056,Karnataka,56,Female,Higher Secondary,Farmer,Self-employed,365419,30451,7,Urban,No,No,No
8057,Punjab,72,Male,Postgraduate,Private,Employed,636482,53040,7,Urban,Yes,Yes,Yes
8058,Tamil Nadu,23,Male,Postgraduate,Labour,Employed,674858,56238,7,Urban,No,No,No
8059,Punjab,58,Male,Postgraduate,Engineer,Employed,500887,41740,7,Rural,No,Yes,No
8060,West Bengal,27,Male,Primary,Healthcare,Unemployed,544354,45362,7,Rural,No,No,Yes
8061,Uttar Pradesh,71,Female,Graduate,Student,Student,316202,26350,7,Urban,Yes,Yes,No
8062,West Bengal,34,Male,Higher Secondary,Healthcare,Student,525442,43786,2,Urban,Yes,No,Yes
8063,Delhi,48,Female,Primary,Business,Self-employed,910515,75876,3,Urban,Yes,Yes,No
8064,Tamil Nadu,70,Female,Primary,Government,Student,300699,25058,7,Rural,No,No,Yes
8065,Tamil Nadu,22,Male,Secondary,Private,Self-employed,636947,53078,4,Rural,No,Yes,No
8066,Punjab,30,Male,Graduate,Private,Student,318620,26551,7,Rural,Yes,No,Yes
8067,Punjab,39,Female,Secondary,Government,Student,523791,43649,6,Urban,No,Yes,Yes
8068,West Bengal,73,Male,Higher Secondary,Teacher,Unemployed,442316,36859,2,Urban,Yes,Yes,Yes
8069,Tamil Nadu,74,Male,Higher Secondary,Private,Unemployed,60000,5000,5,Urban,Yes,No,No
8070,Uttar Pradesh,33,Male,Higher Secondary,Government,Employed,373265,31105,8,Urban,No,Yes,No
8071,West Bengal,25,Male,Postgraduate,Engineer,Employed,382405,31867,7,Rural,Yes,Yes,Yes
8072,Tamil Nadu,28,Female,Secondary,Unemployed,Unemployed,340231,28352,1,Urban,Yes,No,No
8073,Tamil Nadu,65,Female,Postgraduate,Labour,Self-employed,202166,16847,6,Rural,Yes,Yes,Yes
8074,Gujarat,25,Female,Secondary,Student,Employed,398371,33197,5,Rural,No,Yes,Yes
8075,Punjab,33,Female,Graduate,Business,Employed,863923,71993,8,Rural,Yes,No,No
8076,West Bengal,19,Female,Postgraduate,Private,Unemployed,634060,52838,8,Rural,No,Yes,No
8077,Haryana,28,Female,Primary,Private,Employed,435391,36282,4,Rural,Yes,Yes,No
8078,Tamil Nadu,38,Male,Postgraduate,Student,Unemployed,746951,62245,6,Urban,Yes,No,No
8079,Rajasthan,24,Male,Postgraduate,Healthcare,Student,132569,11047,1,Rural,No,No,Yes
8080,Karnataka,48,Female,Higher Secondary,Farmer,Employed,294774,24564,4,Rural,No,Yes,No
8081,Rajasthan,60,Male,Postgraduate,Farmer,Self-employed,249225,20768,5,Rural,Yes,No,No
8082,Maharashtra,24,Male,Postgraduate,Student,Self-employed,116303,9691,6,Urban,No,No,No
8083,Maharashtra,38,Male,Primary,Farmer,Self-employed,246937,20578,8,Urban,No,No,No
8084,Delhi,57,Male,Graduate,Healthcare,Employed,1073245,89437,7,Urban,Yes,Yes,No
8085,Rajasthan,60,Female,Secondary,Unemployed,Student,783548,65295,4,Rural,No,Yes,No
8086,Haryana,68,Male,Secondary,Farmer,Self-employed,679553,56629,4,Rural,No,No,No
8087,Punjab,59,Female,Postgraduate,Unemployed,Employed,1097779,91481,5,Rural,Yes,No,Yes
8088,Karnataka,52,Male,Postgraduate,Labour,Unemployed,163296,13608,1,Urban,Yes,Yes,No
8089,Rajasthan,21,Female,Secondary,Labour,Self-employed,567848,47320,6,Urban,No,Yes,Yes
8090,Karnataka,56,Male,Higher Secondary,Business,Student,713330,59444,8,Rural,No,Yes,Yes
8091,Gujarat,57,Male,Secondary,Student,Employed,500293,41691,1,Rural,No,No,No
8092,Haryana,80,Female,Postgraduate,Labour,Employed,213464,17788,4,Urban,No,No,No
8093,Punjab,56,Female,Postgraduate,Farmer,Unemployed,426558,35546,7,Urban,No,No,No
8094,Tamil Nadu,65,Male,Secondary,Labour,Student,388541,32378,4,Rural,Yes,No,Yes
8095,Uttar Pradesh,30,Female,Primary,Labour,Employed,743149,61929,7,Urban,No,No,No
8096,Karnataka,78,Male,Primary,Student,Employed,569944,47495,3,Rural,Yes,No,No
8097,Tamil Nadu,63,Male,Primary,Business,Student,586403,48866,1,Urban,Yes,No,No
8098,Haryana,75,Female,Higher Secondary,Student,Unemployed,213467,17788,4,Rural,Yes,Yes,No
8099,Punjab,30,Female,Graduate,Student,Self-employed,60000,5000,2,Rural,No,Yes,Yes
8100,Delhi,65,Female,Postgraduate,Labour,Unemployed,642168,53514,1,Urban,No,Yes,No
8101,Rajasthan,41,Female,Graduate,Farmer,Unemployed,661928,55160,8,Rural,Yes,No,No
8102,Haryana,33,Female,Primary,Healthcare,Self-employed,347130,28927,6,Urban,Yes,No,No
8103,Haryana,36,Male,Graduate,Business,Self-employed,597686,49807,1,Rural,Yes,No,Yes
8104,Rajasthan,61,Male,Graduate,Student,Student,427768,35647,8,Urban,No,Yes,Yes
8105,Gujarat,67,Female,Primary,Business,Unemployed,1017210,84767,6,Rural,Yes,Yes,Yes
8106,Delhi,29,Female,Graduate,Labour,Employed,332761,27730,5,Urban,No,No,Yes
8107,West Bengal,56,Female,Primary,Engineer,Unemployed,63385,5282,3,Rural,No,Yes,Yes
8108,Punjab,34,Female,Graduate,Government,Employed,251961,20996,7,Rural,No,No,No
8109,Gujarat,80,Male,Postgraduate,Teacher,Employed,938689,78224,2,Urban,Yes,Yes,Yes
8110,Uttar Pradesh,38,Female,Postgraduate,Unemployed,Student,511054,42587,3,Urban,Yes,Yes,No
8111,Karnataka,29,Male,Graduate,Government,Self-employed,844484,70373,8,Rural,No,Yes,No
8112,West Bengal,66,Female,Secondary,Government,Employed,626915,52242,6,Urban,No,Yes,No
8113,West Bengal,43,Male,Postgraduate,Private,Self-employed,549773,45814,7,Rural,Yes,No,No
8114,Gujarat,19,Female,Postgraduate,Farmer,Employed,1024112,85342,3,Rural,Yes,Yes,Yes
8115,Rajasthan,75,Female,Primary,Labour,Self-employed,60000,5000,2,Rural,Yes,Yes,Yes
8116,Haryana,41,Male,Primary,Private,Student,519753,43312,6,Urban,No,Yes,No
8117,Delhi,80,Female,Postgraduate,Healthcare,Unemployed,235946,19662,7,Rural,No,Yes,No
8118,Rajasthan,35,Male,Graduate,Healthcare,Self-employed,60000,5000,4,Rural,Yes,Yes,No
8119,Punjab,27,Male,Primary,Farmer,Employed,478766,39897,8,Rural,No,Yes,Yes
8120,Gujarat,18,Female,Secondary,Labour,Self-employed,996417,83034,7,Rural,No,No,No
8121,Uttar Pradesh,58,Male,Higher Secondary,Business,Self-employed,424829,35402,6,Urban,Yes,No,Yes
8122,Rajasthan,73,Male,Graduate,Private,Student,220001,18333,7,Rural,No,Yes,Yes
8123,Uttar Pradesh,24,Female,Graduate,Student,Self-employed,692541,57711,7,Rural,No,No,No
8124,Uttar Pradesh,72,Female,Higher Secondary,Private,Self-employed,1105388,92115,2,Urban,No,No,Yes
8125,Tamil Nadu,19,Male,Secondary,Labour,Employed,782007,65167,8,Rural,Yes,No,No
8126,Delhi,51,Male,Graduate,Government,Unemployed,753656,62804,3,Rural,No,Yes,Yes
8127,Haryana,62,Male,Graduate,Farmer,Student,509581,42465,5,Rural,Yes,Yes,Yes
8128,Gujarat,46,Female,Higher Secondary,Business,Self-employed,606437,50536,7,Urban,Yes,No,No
8129,Uttar Pradesh,76,Female,Secondary,Teacher,Student,774329,64527,6,Rural,Yes,Yes,Yes
8130,Haryana,39,Male,Secondary,Healthcare,Self-employed,201257,16771,8,Rural,Yes,No,No
8131,Haryana,30,Female,Postgraduate,Labour,Student,1003214,83601,1,Rural,No,Yes,Yes
8132,West Bengal,22,Male,Secondary,Farmer,Student,60000,5000,7,Rural,Yes,Yes,No
8133,Maharashtra,61,Female,Graduate,Engineer,Self-employed,467796,38983,1,Rural,Yes,No,Yes
8134,Haryana,65,Female,Secondary,Unemployed,Employed,381639,31803,3,Rural,No,Yes,No
8135,Maharashtra,69,Male,Graduate,Teacher,Student,270050,22504,8,Rural,No,Yes,Yes
8136,Delhi,60,Male,Higher Secondary,Student,Unemployed,422863,35238,7,Rural,No,No,Yes
8137,West Bengal,44,Female,Primary,Private,Unemployed,475594,39632,1,Urban,No,No,Yes
8138,Maharashtra,54,Male,Higher Secondary,Private,Student,135104,11258,1,Urban,No,No,No
8139,Rajasthan,74,Male,Postgraduate,Government,Self-employed,60000,5000,4,Urban,No,No,No
8140,Haryana,43,Female,Primary,Private,Student,60000,5000,3,Rural,No,Yes,No
8141,Maharashtra,67,Female,Primary,Private,Employed,261138,21761,6,Urban,No,Yes,No
8142,Uttar Pradesh,35,Female,Primary,Business,Employed,608072,50672,7,Rural,Yes,Yes,No
8143,Gujarat,75,Female,Higher Secondary,Student,Student,585816,48818,1,Rural,No,Yes,No
8144,West Bengal,31,Male,Secondary,Healthcare,Student,391765,32647,2,Urban,No,No,Yes
8145,Rajasthan,46,Male,Graduate,Private,Self-employed,259988,21665,4,Urban,No,No,Yes
8146,Tamil Nadu,33,Female,Secondary,Labour,Employed,305457,25454,5,Urban,Yes,No,Yes
8147,Maharashtra,48,Female,Postgraduate,Engineer,Employed,613977,51164,3,Urban,No,No,Yes
8148,Karnataka,76,Male,Graduate,Government,Employed,60000,5000,5,Urban,No,Yes,Yes
8149,Karnataka,69,Female,Graduate,Engineer,Self-employed,741787,61815,6,Urban,Yes,Yes,No
8150,Punjab,44,Male,Primary,Engineer,Student,509764,42480,1,Urban,No,Yes,Yes
8151,Maharashtra,65,Male,Secondary,Unemployed,Student,696499,58041,5,Urban,No,Yes,No
8152,Haryana,68,Female,Higher Secondary,Government,Self-employed,307139,25594,3,Urban,Yes,Yes,No
8153,Haryana,58,Male,Secondary,Labour,Employed,488712,40726,2,Urban,Yes,Yes,Yes
8154,Gujarat,20,Female,Secondary,Labour,Employed,219566,18297,3,Rural,Yes,No,Yes
8155,Karnataka,26,Female,Primary,Farmer,Unemployed,91300,7608,5,Rural,Yes,No,No
8156,Maharashtra,68,Male,Graduate,Unemployed,Employed,896617,74718,5,Rural,No,No,Yes
8157,Rajasthan,22,Male,Graduate,Private,Unemployed,641183,53431,6,Urban,Yes,Yes,Yes
8158,Tamil Nadu,31,Male,Primary,Healthcare,Employed,546075,45506,4,Urban,No,Yes,No
8159,Delhi,64,Female,Postgraduate,Teacher,Unemployed,289205,24100,8,Urban,No,No,Yes
8160,Haryana,36,Female,Secondary,Labour,Unemployed,338463,28205,6,Urban,No,Yes,Yes
8161,Haryana,37,Male,Graduate,Unemployed,Employed,246506,20542,1,Urban,Yes,No,No
8162,Uttar Pradesh,31,Male,Secondary,Labour,Self-employed,569507,47458,4,Rural,Yes,Yes,No
8163,Gujarat,75,Female,Higher Secondary,Farmer,Student,466787,38898,7,Rural,No,No,No
8164,Uttar Pradesh,71,Female,Postgraduate,Healthcare,Unemployed,417410,34784,5,Rural,No,No,No
8165,Uttar Pradesh,80,Male,Secondary,Private,Student,575325,47943,6,Rural,No,No,Yes
8166,Gujarat,35,Female,Postgraduate,Healthcare,Employed,208662,17388,4,Rural,Yes,Yes,No
8167,Delhi,47,Male,Graduate,Private,Self-employed,476061,39671,1,Rural,No,No,Yes
8168,Karnataka,24,Male,Higher Secondary,Labour,Student,819688,68307,2,Rural,Yes,No,No
8169,West Bengal,19,Female,Postgraduate,Business,Student,392325,32693,2,Urban,Yes,Yes,No
8170,Delhi,75,Female,Postgraduate,Labour,Unemployed,248652,20721,4,Rural,No,Yes,No
8171,Karnataka,48,Male,Secondary,Healthcare,Self-employed,324541,27045,3,Urban,No,Yes,No
8172,Gujarat,57,Male,Graduate,Healthcare,Self-employed,446514,37209,4,Rural,Yes,Yes,No
8173,Rajasthan,34,Female,Secondary,Student,Self-employed,667294,55607,4,Rural,Yes,No,No
8174,Punjab,51,Male,Primary,Unemployed,Employed,439867,36655,4,Rural,No,No,Yes
8175,Tamil Nadu,62,Male,Postgraduate,Unemployed,Self-employed,727788,60649,5,Rural,No,No,Yes
8176,Haryana,64,Male,Graduate,Student,Student,658460,54871,1,Urban,No,Yes,No
8177,Punjab,30,Female,Primary,Student,Unemployed,786342,65528,5,Rural,Yes,No,No
8178,Rajasthan,57,Male,Postgraduate,Healthcare,Employed,814144,67845,2,Rural,Yes,No,No
8179,Delhi,70,Female,Graduate,Healthcare,Unemployed,463068,38589,3,Rural,Yes,Yes,No
8180,Tamil Nadu,38,Female,Higher Secondary,Teacher,Unemployed,474974,39581,3,Rural,Yes,No,No
8181,Delhi,59,Male,Primary,Labour,Self-employed,579910,48325,3,Rural,Yes,Yes,No
8182,Uttar Pradesh,53,Male,Postgraduate,Unemployed,Student,296581,24715,5,Rural,No,Yes,Yes
8183,Haryana,70,Male,Higher Secondary,Labour,Unemployed,509818,42484,8,Urban,No,No,No
8184,West Bengal,80,Female,Secondary,Labour,Self-employed,346366,28863,7,Rural,Yes,No,No
8185,Punjab,63,Female,Postgraduate,Unemployed,Student,597088,49757,8,Urban,Yes,No,Yes
8186,Tamil Nadu,65,Female,Primary,Farmer,Student,683031,56919,3,Urban,Yes,Yes,No
8187,West Bengal,76,Female,Graduate,Engineer,Student,559427,46618,1,Urban,Yes,Yes,Yes
8188,West Bengal,74,Male,Graduate,Private,Student,614684,51223,4,Urban,Yes,No,Yes
8189,Rajasthan,70,Male,Higher Secondary,Student,Employed,985142,82095,8,Rural,Yes,Yes,Yes
8190,Rajasthan,72,Female,Secondary,Labour,Employed,837039,69753,2,Urban,Yes,No,Yes
8191,Uttar Pradesh,60,Male,Primary,Government,Self-employed,568081,47340,1,Rural,No,No,No
8192,Gujarat,59,Female,Higher Secondary,Business,Self-employed,588975,49081,1,Rural,No,No,Yes
8193,Uttar Pradesh,72,Female,Higher Secondary,Government,Self-employed,433829,36152,8,Rural,Yes,Yes,Yes
8194,West Bengal,61,Female,Primary,Student,Student,247173,20597,2,Urban,Yes,Yes,Yes
8195,Haryana,25,Male,Primary,Farmer,Unemployed,349512,29126,1,Urban,Yes,Yes,Yes
8196,Delhi,65,Female,Postgraduate,Government,Employed,417801,34816,8,Urban,No,No,Yes
8197,Punjab,34,Female,Primary,Private,Student,569783,47481,7,Rural,No,Yes,Yes
8198,Maharashtra,29,Male,Graduate,Student,Student,94838,7903,8,Urban,Yes,Yes,Yes
8199,Punjab,25,Male,Postgraduate,Engineer,Employed,426926,35577,5,Urban,No,Yes,Yes
8200,West Bengal,62,Female,Graduate,Private,Unemployed,551444,45953,1,Rural,Yes,Yes,No
8201,Punjab,71,Male,Primary,Business,Unemployed,802875,66906,1,Urban,No,Yes,Yes
8202,Tamil Nadu,58,Female,Primary,Healthcare,Self-employed,60000,5000,6,Rural,No,No,No
8203,Rajasthan,37,Male,Graduate,Private,Employed,328633,27386,5,Urban,Yes,Yes,Yes
8204,Karnataka,23,Male,Primary,Farmer,Employed,726843,60570,2,Rural,No,Yes,Yes
8205,Delhi,72,Female,Postgraduate,Engineer,Self-employed,466459,38871,1,Rural,No,Yes,No
8206,Tamil Nadu,64,Male,Postgraduate,Labour,Unemployed,295884,24657,7,Urban,Yes,No,Yes
8207,Delhi,68,Male,Higher Secondary,Business,Student,288067,24005,4,Rural,Yes,No,No
8208,Delhi,40,Male,Secondary,Government,Student,587297,48941,5,Rural,No,Yes,Yes
8209,Punjab,79,Female,Primary,Student,Student,646562,53880,5,Rural,No,Yes,No
8210,West Bengal,61,Female,Postgraduate,Student,Unemployed,741928,61827,3,Urban,Yes,No,Yes
8211,Maharashtra,70,Female,Postgraduate,Student,Student,60000,5000,3,Rural,No,Yes,Yes
8212,Punjab,21,Female,Graduate,Teacher,Employed,503073,41922,8,Urban,No,No,No
8213,West Bengal,50,Male,Secondary,Engineer,Unemployed,932947,77745,7,Rural,Yes,Yes,No
8214,Uttar Pradesh,66,Female,Postgraduate,Healthcare,Unemployed,736557,61379,2,Urban,Yes,Yes,Yes
8215,Punjab,22,Male,Primary,Farmer,Employed,464275,38689,6,Urban,No,No,Yes
8216,Tamil Nadu,46,Female,Primary,Labour,Student,487667,40638,7,Rural,No,Yes,Yes
8217,Gujarat,80,Male,Graduate,Student,Unemployed,115406,9617,1,Rural,No,Yes,Yes
8218,Karnataka,40,Female,Primary,Labour,Employed,254075,21172,6,Urban,Yes,Yes,Yes
8219,Gujarat,40,Female,Primary,Private,Student,346365,28863,4,Rural,Yes,Yes,No
8220,Rajasthan,39,Female,Higher Secondary,Government,Student,379985,31665,3,Rural,No,Yes,No
8221,West Bengal,48,Female,Primary,Healthcare,Self-employed,548253,45687,2,Rural,No,Yes,No
8222,Uttar Pradesh,42,Female,Postgraduate,Farmer,Self-employed,744187,62015,1,Urban,Yes,No,Yes
8223,Rajasthan,58,Male,Secondary,Unemployed,Employed,663709,55309,2,Urban,Yes,Yes,Yes
8224,Maharashtra,47,Male,Higher Secondary,Teacher,Student,262149,21845,2,Rural,Yes,No,No
8225,Tamil Nadu,76,Male,Higher Secondary,Business,Unemployed,524282,43690,3,Urban,No,Yes,No
8226,Gujarat,61,Female,Graduate,Engineer,Unemployed,702447,58537,7,Rural,No,No,Yes
8227,Uttar Pradesh,34,Male,Higher Secondary,Student,Unemployed,905094,75424,7,Rural,No,Yes,No
8228,Haryana,37,Male,Postgraduate,Unemployed,Self-employed,605231,50435,7,Rural,Yes,No,Yes
8229,Delhi,52,Male,Postgraduate,Teacher,Unemployed,991506,82625,5,Urban,No,Yes,Yes
8230,Punjab,68,Male,Primary,Healthcare,Self-employed,649168,54097,8,Urban,Yes,Yes,No
8231,Delhi,59,Male,Graduate,Engineer,Self-employed,601645,50137,1,Urban,Yes,Yes,Yes
8232,Delhi,53,Female,Primary,Student,Unemployed,931878,77656,8,Rural,No,Yes,Yes
8233,Haryana,66,Male,Graduate,Labour,Student,620823,51735,8,Rural,Yes,No,No
8234,Gujarat,76,Male,Primary,Healthcare,Employed,547529,45627,4,Urban,No,Yes,No
8235,Uttar Pradesh,61,Male,Secondary,Healthcare,Unemployed,831389,69282,3,Rural,Yes,No,Yes
8236,Tamil Nadu,40,Male,Graduate,Farmer,Unemployed,483976,40331,8,Urban,No,No,No
8237,Punjab,29,Male,Graduate,Healthcare,Self-employed,392443,32703,1,Urban,No,Yes,Yes
8238,Gujarat,54,Male,Higher Secondary,Student,Self-employed,445025,37085,2,Urban,No,No,No
8239,Delhi,62,Female,Postgraduate,Healthcare,Employed,203673,16972,3,Rural,Yes,Yes,No
8240,West Bengal,71,Female,Secondary,Student,Employed,437629,36469,4,Rural,No,Yes,No
8241,West Bengal,28,Male,Postgraduate,Teacher,Unemployed,60000,5000,4,Urban,No,No,No
8242,Rajasthan,30,Female,Secondary,Government,Unemployed,224261,18688,2,Rural,No,No,Yes
8243,West Bengal,58,Female,Higher Secondary,Private,Student,795905,66325,4,Urban,No,Yes,Yes
8244,Tamil Nadu,66,Female,Primary,Unemployed,Student,138385,11532,4,Rural,No,No,Yes
8245,Gujarat,34,Male,Postgraduate,Business,Employed,601386,50115,6,Urban,No,Yes,Yes
8246,Gujarat,62,Male,Secondary,Healthcare,Employed,725370,60447,2,Rural,No,Yes,No
8247,Haryana,39,Female,Graduate,Unemployed,Student,635357,52946,1,Rural,Yes,No,Yes
8248,Karnataka,76,Male,Graduate,Labour,Student,542063,45171,2,Urban,No,No,No
8249,Rajasthan,58,Female,Higher Secondary,Teacher,Student,458551,38212,3,Urban,Yes,Yes,Yes
8250,Punjab,41,Male,Higher Secondary,Unemployed,Unemployed,365125,30427,6,Rural,No,Yes,Yes
8251,Delhi,80,Female,Secondary,Engineer,Self-employed,701411,58450,8,Urban,No,No,No
8252,Gujarat,76,Female,Primary,Business,Unemployed,90101,7508,5,Rural,Yes,No,Yes
8253,Punjab,75,Female,Higher Secondary,Teacher,Self-employed,60000,5000,7,Rural,Yes,Yes,No
8254,Haryana,40,Male,Primary,Unemployed,Student,380073,31672,3,Rural,No,Yes,Yes
8255,Haryana,74,Female,Graduate,Private,Student,930291,77524,2,Rural,No,Yes,No
8256,Haryana,23,Female,Secondary,Farmer,Employed,406379,33864,7,Rural,Yes,Yes,Yes
8257,Maharashtra,70,Female,Primary,Healthcare,Self-employed,423177,35264,4,Rural,No,No,Yes
8258,Uttar Pradesh,51,Female,Primary,Unemployed,Unemployed,645322,53776,4,Rural,No,Yes,No
8259,Maharashtra,36,Male,Primary,Farmer,Self-employed,426492,35541,8,Urban,No,Yes,Yes
8260,Tamil Nadu,20,Female,Postgraduate,Business,Unemployed,613743,51145,2,Rural,No,No,Yes
8261,Gujarat,78,Female,Secondary,Teacher,Student,485272,40439,2,Rural,Yes,No,No
8262,Haryana,62,Female,Graduate,Teacher,Unemployed,289868,24155,6,Rural,No,Yes,No
8263,Haryana,72,Male,Primary,Unemployed,Employed,396829,33069,5,Urban,Yes,Yes,No
8264,Maharashtra,46,Male,Primary,Healthcare,Self-employed,901746,75145,6,Urban,No,No,Yes
8265,Punjab,27,Male,Postgraduate,Engineer,Unemployed,848528,70710,2,Rural,Yes,No,No
8266,Rajasthan,32,Male,Graduate,Labour,Employed,391096,32591,5,Rural,Yes,Yes,Yes
8267,Punjab,24,Male,Postgraduate,Teacher,Self-employed,469527,39127,7,Urban,No,No,No
8268,Karnataka,40,Male,Higher Secondary,Business,Student,888794,74066,4,Urban,No,Yes,Yes
8269,Haryana,27,Female,Primary,Government,Employed,100231,8352,6,Urban,Yes,No,Yes
8270,Maharashtra,64,Male,Graduate,Farmer,Employed,736473,61372,6,Rural,No,No,No
8271,Haryana,18,Male,Graduate,Engineer,Self-employed,785540,65461,6,Rural,Yes,Yes,Yes
8272,Rajasthan,70,Female,Postgraduate,Government,Employed,374936,31244,2,Urban,No,Yes,Yes
8273,Punjab,67,Female,Higher Secondary,Teacher,Self-employed,991926,82660,2,Urban,Yes,Yes,No
8274,Delhi,35,Female,Primary,Labour,Student,633222,52768,7,Urban,Yes,No,No
8275,Haryana,66,Male,Higher Secondary,Engineer,Student,329807,27483,8,Urban,Yes,Yes,Yes
8276,Maharashtra,33,Female,Primary,Healthcare,Unemployed,60000,5000,6,Urban,Yes,Yes,Yes
8277,Maharashtra,35,Male,Higher Secondary,Private,Student,354065,29505,3,Rural,Yes,No,No
8278,Gujarat,52,Female,Primary,Unemployed,Self-employed,60000,5000,1,Urban,No,No,No
8279,Delhi,25,Female,Higher Secondary,Engineer,Student,728708,60725,3,Rural,No,Yes,Yes
8280,West Bengal,69,Female,Higher Secondary,Business,Self-employed,556087,46340,1,Urban,No,Yes,No
8281,Tamil Nadu,48,Male,Higher Secondary,Business,Employed,99795,8316,4,Urban,Yes,Yes,Yes
8282,West Bengal,61,Female,Primary,Business,Employed,352270,29355,7,Urban,No,No,No
8283,Uttar Pradesh,61,Male,Postgraduate,Teacher,Student,797691,66474,6,Urban,No,Yes,Yes
8284,Gujarat,46,Female,Higher Secondary,Healthcare,Unemployed,869397,72449,4,Urban,Yes,No,Yes
8285,Tamil Nadu,61,Male,Secondary,Student,Employed,235699,19641,6,Rural,No,No,No
8286,Punjab,32,Male,Higher Secondary,Student,Employed,606810,50567,2,Urban,No,No,Yes
8287,Haryana,74,Male,Graduate,Private,Employed,699234,58269,7,Urban,Yes,Yes,No
8288,West Bengal,64,Male,Graduate,Student,Unemployed,721679,60139,7,Urban,Yes,No,No
8289,Karnataka,19,Male,Postgraduate,Unemployed,Self-employed,561247,46770,3,Urban,No,Yes,Yes
8290,Maharashtra,37,Female,Primary,Teacher,Employed,478799,39899,4,Rural,No,Yes,No
8291,Maharashtra,47,Female,Graduate,Business,Employed,343403,28616,4,Rural,No,Yes,Yes
8292,Uttar Pradesh,77,Male,Primary,Business,Employed,241409,20117,3,Urban,Yes,No,No
8293,Maharashtra,18,Female,Secondary,Labour,Student,60000,5000,3,Rural,Yes,Yes,Yes
8294,Gujarat,45,Female,Primary,Labour,Self-employed,392834,32736,3,Urban,No,No,Yes
8295,West Bengal,54,Female,Graduate,Engineer,Employed,492296,41024,4,Urban,No,Yes,Yes
8296,Gujarat,50,Female,Higher Secondary,Business,Self-employed,131548,10962,6,Rural,No,Yes,No
8297,Tamil Nadu,21,Female,Higher Secondary,Business,Unemployed,856035,71336,7,Urban,No,No,No
8298,Maharashtra,46,Male,Higher Secondary,Engineer,Employed,596976,49748,4,Rural,Yes,Yes,No
8299,Uttar Pradesh,60,Female,Postgraduate,Business,Student,580832,48402,3,Urban,Yes,No,Yes
8300,Karnataka,71,Male,Primary,Healthcare,Unemployed,263263,21938,7,Rural,No,No,Yes
8301,Delhi,46,Male,Higher Secondary,Labour,Student,192901,16075,7,Urban,Yes,Yes,No
8302,Haryana,67,Male,Higher Secondary,Healthcare,Employed,109141,9095,4,Rural,Yes,Yes,Yes
8303,Maharashtra,62,Male,Graduate,Healthcare,Unemployed,489196,40766,8,Rural,No,Yes,Yes
8304,Punjab,43,Male,Secondary,Government,Employed,278176,23181,8,Rural,No,No,No
8305,Karnataka,65,Male,Graduate,Labour,Employed,755217,62934,2,Urban,No,No,Yes
8306,Haryana,44,Female,Secondary,Private,Unemployed,166521,13876,3,Rural,No,No,No
8307,Uttar Pradesh,48,Female,Higher Secondary,Teacher,Unemployed,60000,5000,2,Rural,No,Yes,Yes
8308,Haryana,29,Female,Postgraduate,Government,Self-employed,365106,30425,4,Urban,Yes,No,No
8309,West Bengal,53,Female,Postgraduate,Engineer,Student,296507,24708,1,Rural,Yes,No,Yes
8310,Delhi,76,Male,Postgraduate,Unemployed,Student,786559,65546,1,Rural,No,Yes,Yes
8311,Punjab,42,Female,Graduate,Government,Student,906664,75555,5,Rural,No,No,No
8312,Punjab,62,Female,Graduate,Student,Student,91808,7650,1,Urban,Yes,No,Yes
8313,Uttar Pradesh,80,Male,Graduate,Private,Self-employed,94265,7855,8,Urban,Yes,No,Yes
8314,Maharashtra,25,Female,Primary,Government,Unemployed,446966,37247,3,Urban,Yes,No,Yes
8315,Karnataka,72,Female,Higher Secondary,Engineer,Self-employed,224723,18726,6,Rural,Yes,No,Yes
8316,Maharashtra,72,Male,Postgraduate,Business,Student,496864,41405,7,Rural,Yes,No,No
8317,Maharashtra,67,Male,Primary,Business,Self-employed,531425,44285,3,Rural,Yes,No,Yes
8318,Rajasthan,42,Male,Graduate,Healthcare,Unemployed,557114,46426,7,Rural,Yes,Yes,No
8319,Delhi,19,Male,Graduate,Labour,Employed,409294,34107,2,Urban,Yes,No,No
8320,Gujarat,67,Female,Secondary,Farmer,Employed,464740,38728,4,Urban,No,Yes,No
8321,Karnataka,37,Male,Graduate,Unemployed,Self-employed,204308,17025,7,Rural,No,No,No
8322,Delhi,37,Female,Postgraduate,Labour,Student,646787,53898,6,Urban,No,No,No
8323,Karnataka,33,Male,Secondary,Labour,Employed,773781,64481,4,Urban,Yes,Yes,No
8324,Maharashtra,55,Female,Primary,Private,Self-employed,440544,36712,8,Urban,Yes,Yes,Yes
8325,West Bengal,45,Male,Higher Secondary,Government,Self-employed,379458,31621,7,Rural,No,No,Yes
8326,West Bengal,55,Female,Primary,Business,Student,701348,58445,2,Rural,Yes,Yes,Yes
8327,Karnataka,29,Male,Graduate,Private,Unemployed,794479,66206,7,Urban,Yes,No,Yes
8328,Haryana,74,Female,Secondary,Student,Employed,555741,46311,5,Urban,No,No,Yes
8329,Maharashtra,59,Female,Higher Secondary,Farmer,Self-employed,839780,69981,2,Urban,Yes,No,No
8330,Rajasthan,77,Female,Graduate,Labour,Student,206423,17201,5,Urban,Yes,No,Yes
8331,Tamil Nadu,52,Male,Postgraduate,Engineer,Self-employed,735296,61274,2,Rural,No,No,No
8332,Rajasthan,50,Male,Postgraduate,Engineer,Unemployed,366961,30580,8,Rural,Yes,No,Yes
8333,Delhi,31,Female,Graduate,Farmer,Self-employed,747096,62258,5,Rural,No,No,Yes
8334,Tamil Nadu,69,Male,Higher Secondary,Unemployed,Student,469228,39102,7,Urban,Yes,No,No
8335,Uttar Pradesh,41,Female,Primary,Healthcare,Employed,841886,70157,2,Rural,No,No,Yes
8336,Gujarat,22,Male,Postgraduate,Business,Unemployed,186347,15528,3,Rural,No,No,No
8337,Rajasthan,76,Male,Higher Secondary,Unemployed,Employed,137814,11484,7,Urban,No,No,No
8338,Karnataka,58,Male,Primary,Engineer,Employed,102045,8503,7,Rural,Yes,Yes,No
8339,Punjab,42,Male,Postgraduate,Unemployed,Student,274856,22904,8,Urban,Yes,Yes,Yes
8340,Punjab,58,Male,Postgraduate,Private,Employed,517969,43164,7,Rural,Yes,No,Yes
8341,Maharashtra,43,Male,Primary,Student,Unemployed,670589,55882,7,Urban,No,Yes,Yes
8342,Tamil Nadu,58,Female,Primary,Teacher,Employed,480140,40011,8,Rural,No,No,Yes
8343,Rajasthan,72,Female,Postgraduate,Engineer,Self-employed,537251,44770,4,Urban,Yes,Yes,Yes
8344,Tamil Nadu,18,Female,Higher Secondary,Unemployed,Employed,294645,24553,1,Urban,No,No,Yes
8345,Rajasthan,78,Male,Graduate,Teacher,Student,600951,50079,1,Urban,No,Yes,No
8346,Rajasthan,21,Female,Higher Secondary,Government,Student,675657,56304,8,Urban,No,Yes,No
8347,Karnataka,75,Male,Primary,Farmer,Employed,217745,18145,3,Rural,Yes,Yes,No
8348,West Bengal,37,Male,Primary,Unemployed,Unemployed,636933,53077,5,Rural,Yes,No,Yes
8349,Gujarat,18,Male,Graduate,Business,Student,829162,69096,2,Urban,Yes,Yes,No
8350,Maharashtra,69,Male,Postgraduate,Business,Employed,593874,49489,3,Rural,Yes,Yes,Yes
8351,Gujarat,59,Male,Secondary,Engineer,Employed,685521,57126,8,Rural,No,No,Yes
8352,Gujarat,26,Female,Secondary,Student,Student,768801,64066,7,Urban,No,No,Yes
8353,Tamil Nadu,21,Female,Primary,Private,Unemployed,467572,38964,5,Rural,No,Yes,No
8354,Punjab,72,Male,Postgraduate,Healthcare,Self-employed,321688,26807,8,Urban,No,No,Yes
8355,Delhi,73,Male,Higher Secondary,Business,Student,501702,41808,5,Rural,No,Yes,Yes
8356,Maharashtra,63,Male,Graduate,Private,Student,448267,37355,6,Urban,No,No,Yes
8357,West Bengal,33,Female,Primary,Business,Self-employed,553011,46084,2,Urban,Yes,No,Yes
8358,Delhi,63,Female,Primary,Teacher,Unemployed,377390,31449,8,Rural,Yes,No,Yes
8359,Rajasthan,35,Male,Higher Secondary,Farmer,Student,334020,27835,4,Rural,No,No,Yes
8360,Rajasthan,70,Female,Primary,Labour,Self-employed,609999,50833,7,Urban,No,No,Yes
8361,Haryana,67,Female,Graduate,Private,Self-employed,717803,59816,5,Rural,No,Yes,Yes
8362,Maharashtra,65,Female,Secondary,Labour,Unemployed,429226,35768,4,Urban,No,Yes,No
8363,West Bengal,57,Female,Higher Secondary,Private,Employed,717057,59754,4,Rural,No,No,Yes
8364,Delhi,60,Male,Secondary,Healthcare,Self-employed,280973,23414,8,Urban,No,Yes,No
8365,Punjab,24,Female,Primary,Government,Unemployed,773703,64475,2,Urban,No,Yes,Yes
8366,Uttar Pradesh,73,Female,Postgraduate,Healthcare,Unemployed,256555,21379,5,Urban,No,No,No
8367,West Bengal,57,Male,Secondary,Student,Student,734287,61190,5,Rural,No,Yes,No
8368,Punjab,31,Male,Higher Secondary,Business,Student,371704,30975,4,Rural,No,No,No
8369,Maharashtra,43,Female,Higher Secondary,Teacher,Self-employed,693811,57817,2,Rural,No,No,No
8370,Tamil Nadu,43,Male,Postgraduate,Labour,Self-employed,655545,54628,1,Urban,No,No,Yes
8371,Delhi,80,Male,Secondary,Student,Unemployed,262587,21882,6,Urban,No,Yes,No
8372,Uttar Pradesh,50,Female,Secondary,Student,Unemployed,722865,60238,7,Rural,No,Yes,Yes
8373,Rajasthan,20,Female,Higher Secondary,Labour,Employed,614013,51167,7,Urban,Yes,No,Yes
8374,Punjab,48,Female,Primary,Teacher,Unemployed,696686,58057,3,Urban,Yes,No,No
8375,Gujarat,24,Female,Primary,Private,Student,494055,41171,1,Rural,Yes,No,Yes
8376,Haryana,20,Female,Postgraduate,Unemployed,Self-employed,955630,79635,5,Rural,Yes,No,No
8377,Uttar Pradesh,58,Female,Secondary,Student,Employed,623200,51933,6,Urban,No,No,No
8378,Punjab,62,Female,Postgraduate,Student,Employed,440283,36690,5,Rural,Yes,Yes,Yes
8379,Uttar Pradesh,42,Male,Secondary,Unemployed,Employed,758646,63220,1,Rural,No,No,No
8380,Delhi,30,Male,Primary,Farmer,Student,873644,72803,1,Rural,Yes,Yes,Yes
8381,Uttar Pradesh,44,Female,Primary,Farmer,Student,474537,39544,1,Rural,No,No,No
8382,Punjab,25,Female,Secondary,Engineer,Self-employed,205557,17129,3,Rural,Yes,No,Yes
8383,Karnataka,20,Male,Secondary,Healthcare,Self-employed,328771,27397,1,Rural,Yes,No,No
8384,Maharashtra,38,Male,Graduate,Unemployed,Employed,672428,56035,2,Rural,No,Yes,No
8385,Karnataka,74,Female,Primary,Farmer,Unemployed,481513,40126,8,Urban,No,Yes,Yes
8386,Maharashtra,77,Female,Secondary,Unemployed,Student,494502,41208,6,Urban,Yes,No,No
8387,Karnataka,48,Female,Secondary,Private,Employed,468443,39036,6,Rural,Yes,Yes,No
8388,Karnataka,61,Male,Primary,Healthcare,Employed,406990,33915,1,Rural,No,Yes,No
8389,Tamil Nadu,43,Female,Secondary,Government,Unemployed,250290,20857,3,Rural,Yes,Yes,Yes
8390,Tamil Nadu,25,Male,Primary,Student,Employed,715682,59640,4,Urban,No,Yes,No
8391,Maharashtra,31,Male,Primary,Teacher,Self-employed,330076,27506,2,Urban,No,No,Yes
8392,Gujarat,44,Male,Higher Secondary,Government,Employed,654005,54500,4,Rural,Yes,Yes,Yes
8393,Delhi,31,Male,Primary,Healthcare,Unemployed,128637,10719,3,Urban,Yes,No,No
8394,Uttar Pradesh,21,Male,Postgraduate,Unemployed,Employed,696695,58057,2,Rural,No,No,Yes
8395,Haryana,32,Female,Higher Secondary,Business,Student,326145,27178,8,Rural,No,No,Yes
8396,Maharashtra,52,Female,Postgraduate,Engineer,Student,684111,57009,4,Urban,No,Yes,No
8397,West Bengal,27,Male,Higher Secondary,Engineer,Student,228156,19013,5,Urban,Yes,No,Yes
8398,West Bengal,70,Female,Postgraduate,Teacher,Employed,826398,68866,7,Rural,Yes,Yes,Yes
8399,Tamil Nadu,50,Male,Postgraduate,Business,Self-employed,451872,37656,5,Rural,Yes,No,Yes
8400,West Bengal,35,Male,Primary,Government,Self-employed,480565,40047,2,Urban,No,Yes,No
8401,Maharashtra,70,Female,Postgraduate,Private,Unemployed,456079,38006,5,Urban,No,Yes,No
8402,Punjab,56,Male,Higher Secondary,Business,Unemployed,502150,41845,5,Urban,Yes,No,Yes
8403,Haryana,39,Female,Secondary,Teacher,Student,927167,77263,5,Rural,No,Yes,Yes
8404,Karnataka,39,Female,Higher Secondary,Healthcare,Student,601387,50115,3,Rural,Yes,No,No
8405,Haryana,28,Female,Postgraduate,Farmer,Unemployed,960383,80031,5,Rural,Yes,Yes,No
8406,Rajasthan,29,Male,Higher Secondary,Private,Student,604321,50360,2,Urban,Yes,Yes,Yes
8407,West Bengal,45,Female,Graduate,Government,Unemployed,564700,47058,4,Rural,Yes,Yes,Yes
8408,Delhi,69,Female,Postgraduate,Unemployed,Employed,411802,34316,7,Rural,No,No,Yes
8409,Haryana,43,Male,Postgraduate,Unemployed,Employed,366839,30569,2,Rural,Yes,No,Yes
8410,Uttar Pradesh,31,Female,Higher Secondary,Private,Employed,392125,32677,8,Urban,Yes,Yes,No
8411,Karnataka,29,Female,Graduate,Business,Employed,676188,56349,4,Urban,No,No,No
8412,Punjab,60,Female,Graduate,Student,Student,1107032,92252,8,Rural,No,Yes,Yes
8413,Tamil Nadu,33,Male,Primary,Unemployed,Student,226581,18881,1,Urban,No,Yes,No
8414,Rajasthan,60,Female,Secondary,Labour,Unemployed,744413,62034,8,Urban,No,No,No
8415,Tamil Nadu,75,Male,Primary,Unemployed,Unemployed,405681,33806,6,Rural,Yes,Yes,Yes
8416,Uttar Pradesh,57,Female,Higher Secondary,Private,Unemployed,326200,27183,6,Urban,No,Yes,No
8417,Rajasthan,22,Male,Secondary,Student,Self-employed,214305,17858,2,Rural,Yes,Yes,Yes
8418,Uttar Pradesh,69,Female,Graduate,Teacher,Student,542607,45217,3,Urban,No,No,Yes
8419,West Bengal,49,Male,Secondary,Private,Employed,612977,51081,1,Urban,Yes,Yes,No
8420,Gujarat,58,Male,Higher Secondary,Private,Unemployed,728042,60670,2,Rural,No,No,Yes
8421,Delhi,56,Female,Primary,Labour,Student,269950,22495,1,Urban,No,Yes,No
8422,Haryana,56,Female,Graduate,Healthcare,Unemployed,336396,28033,5,Urban,No,No,No
8423,Haryana,79,Male,Primary,Unemployed,Student,292185,24348,2,Urban,Yes,Yes,No
8424,Delhi,65,Female,Primary,Teacher,Unemployed,570100,47508,2,Rural,No,Yes,No
8425,Karnataka,21,Female,Higher Secondary,Healthcare,Employed,162569,13547,3,Urban,Yes,No,Yes
8426,Delhi,69,Male,Higher Secondary,Healthcare,Employed,654918,54576,5,Urban,No,Yes,Yes
8427,West Bengal,61,Male,Primary,Healthcare,Employed,590909,49242,8,Rural,Yes,Yes,No
8428,West Bengal,64,Female,Primary,Student,Employed,88728,7394,5,Urban,Yes,Yes,No
8429,Haryana,18,Male,Graduate,Engineer,Unemployed,584082,48673,5,Urban,Yes,Yes,No
8430,Tamil Nadu,69,Male,Secondary,Unemployed,Self-employed,169394,14116,1,Rural,No,No,Yes
8431,Tamil Nadu,30,Male,Secondary,Labour,Student,321405,26783,5,Rural,No,No,No
8432,Rajasthan,78,Male,Primary,Labour,Employed,454460,37871,5,Rural,Yes,No,No
8433,Haryana,18,Male,Higher Secondary,Student,Unemployed,657761,54813,7,Urban,Yes,No,No
8434,Tamil Nadu,52,Female,Secondary,Government,Self-employed,492365,41030,1,Rural,Yes,No,Yes
8435,Uttar Pradesh,32,Female,Secondary,Private,Unemployed,577592,48132,7,Rural,No,No,Yes
8436,Punjab,23,Female,Secondary,Private,Student,451255,37604,6,Rural,Yes,No,Yes
8437,Haryana,55,Male,Secondary,Engineer,Student,356727,29727,6,Rural,Yes,Yes,Yes
8438,Gujarat,56,Male,Graduate,Private,Student,457330,38110,5,Rural,Yes,Yes,Yes
8439,Uttar Pradesh,36,Female,Higher Secondary,Healthcare,Employed,782677,65223,6,Urban,Yes,Yes,No
8440,Delhi,75,Male,Primary,Labour,Self-employed,533429,44452,7,Rural,Yes,Yes,Yes
8441,Uttar Pradesh,38,Female,Higher Secondary,Healthcare,Student,741801,61816,5,Urban,No,No,No
8442,Rajasthan,32,Male,Secondary,Teacher,Employed,211038,17586,6,Urban,Yes,Yes,Yes
8443,Karnataka,65,Male,Graduate,Engineer,Student,679932,56661,4,Urban,Yes,Yes,Yes
8444,Haryana,47,Female,Higher Secondary,Teacher,Unemployed,74455,6204,5,Urban,No,Yes,Yes
8445,Maharashtra,58,Female,Postgraduate,Engineer,Student,182894,15241,1,Rural,Yes,No,No
8446,Gujarat,31,Male,Postgraduate,Government,Self-employed,73940,6161,7,Urban,No,Yes,No
8447,Maharashtra,77,Male,Primary,Unemployed,Self-employed,635977,52998,6,Rural,Yes,No,Yes
8448,Punjab,59,Female,Postgraduate,Unemployed,Unemployed,178881,14906,3,Rural,No,No,Yes
8449,West Bengal,37,Female,Higher Secondary,Farmer,Student,561189,46765,1,Urban,No,Yes,No
8450,Maharashtra,70,Male,Postgraduate,Private,Employed,857234,71436,7,Urban,No,Yes,No
8451,Tamil Nadu,24,Male,Secondary,Student,Employed,424947,35412,5,Rural,Yes,No,No
8452,Rajasthan,39,Female,Secondary,Labour,Employed,411398,34283,6,Urban,Yes,No,No
8453,Haryana,26,Female,Graduate,Engineer,Employed,467504,38958,6,Rural,Yes,No,No
8454,Rajasthan,30,Female,Graduate,Student,Unemployed,468987,39082,2,Urban,No,No,No
8455,West Bengal,71,Female,Graduate,Government,Employed,391948,32662,5,Urban,Yes,Yes,Yes
8456,West Bengal,67,Male,Primary,Teacher,Unemployed,143750,11979,2,Urban,No,Yes,No
8457,Delhi,30,Female,Primary,Private,Self-employed,467378,38948,8,Urban,No,No,No
8458,Punjab,21,Female,Graduate,Teacher,Unemployed,327430,27285,7,Urban,No,Yes,Yes
8459,Tamil Nadu,18,Male,Higher Secondary,Labour,Self-employed,60000,5000,4,Urban,Yes,No,No
8460,Rajasthan,32,Female,Secondary,Private,Student,172692,14391,3,Urban,No,Yes,Yes
8461,Gujarat,34,Female,Higher Secondary,Unemployed,Employed,1028159,85679,4,Urban,Yes,Yes,Yes
8462,Haryana,31,Female,Primary,Unemployed,Employed,319639,26636,6,Rural,Yes,No,Yes
8463,Tamil Nadu,58,Male,Graduate,Private,Self-employed,247872,20656,6,Rural,Yes,Yes,No
8464,Punjab,71,Male,Primary,Private,Employed,322832,26902,3,Rural,No,Yes,Yes
8465,Gujarat,36,Male,Higher Secondary,Engineer,Self-employed,1144803,95400,2,Rural,No,No,No
8466,Karnataka,38,Female,Secondary,Engineer,Self-employed,483015,40251,4,Urban,Yes,No,Yes
8467,West Bengal,23,Female,Secondary,Unemployed,Self-employed,242306,20192,7,Urban,No,Yes,No
8468,West Bengal,42,Male,Graduate,Engineer,Employed,597289,49774,5,Rural,No,Yes,No
8469,Maharashtra,70,Male,Graduate,Private,Self-employed,651573,54297,2,Rural,No,Yes,Yes
8470,Delhi,18,Male,Graduate,Healthcare,Self-employed,416454,34704,8,Rural,Yes,No,Yes
8471,Haryana,42,Male,Secondary,Unemployed,Employed,366987,30582,6,Urban,No,No,Yes
8472,Uttar Pradesh,70,Male,Postgraduate,Business,Self-employed,60000,5000,1,Rural,Yes,Yes,Yes
8473,Punjab,61,Male,Graduate,Healthcare,Self-employed,310749,25895,1,Urban,Yes,Yes,No
8474,Punjab,54,Female,Secondary,Private,Student,509552,42462,4,Urban,Yes,No,No
8475,Gujarat,24,Female,Postgraduate,Government,Employed,222008,18500,6,Urban,No,Yes,No
8476,Uttar Pradesh,36,Male,Graduate,Private,Student,718021,59835,3,Rural,Yes,No,No
8477,Delhi,48,Female,Secondary,Engineer,Student,861835,71819,8,Rural,No,No,No
8478,Karnataka,37,Female,Graduate,Teacher,Unemployed,689497,57458,6,Rural,Yes,Yes,No
8479,Karnataka,28,Male,Primary,Farmer,Unemployed,611430,50952,7,Urban,No,Yes,Yes
8480,West Bengal,53,Female,Secondary,Labour,Student,745184,62098,8,Rural,No,No,Yes
8481,Haryana,44,Female,Higher Secondary,Private,Student,448645,37387,7,Rural,No,Yes,Yes
8482,Gujarat,73,Female,Secondary,Teacher,Employed,272855,22737,5,Rural,Yes,No,No
8483,Haryana,72,Male,Graduate,Private,Unemployed,629476,52456,6,Rural,Yes,Yes,Yes
8484,Maharashtra,56,Female,Secondary,Private,Unemployed,898565,74880,5,Rural,Yes,No,No
8485,Haryana,48,Female,Graduate,Government,Self-employed,396346,33028,6,Urban,No,Yes,No
8486,West Bengal,27,Female,Secondary,Government,Employed,242761,20230,1,Rural,No,No,Yes
8487,Punjab,34,Male,Higher Secondary,Teacher,Self-employed,403540,33628,1,Urban,No,No,Yes
8488,Punjab,50,Female,Secondary,Business,Self-employed,642583,53548,1,Rural,Yes,No,No
8489,Delhi,72,Male,Higher Secondary,Business,Self-employed,353176,29431,4,Rural,No,No,Yes
8490,Karnataka,73,Male,Higher Secondary,Business,Student,503767,41980,7,Rural,No,Yes,No
8491,Delhi,19,Male,Graduate,Student,Self-employed,649315,54109,6,Rural,Yes,No,Yes
8492,Uttar Pradesh,40,Male,Secondary,Business,Student,632287,52690,5,Urban,No,Yes,Yes
8493,Tamil Nadu,49,Female,Postgraduate,Government,Student,356770,29730,2,Urban,No,No,No
8494,West Bengal,25,Female,Postgraduate,Teacher,Student,314919,26243,5,Urban,Yes,Yes,Yes
8495,Delhi,48,Female,Postgraduate,Private,Unemployed,382327,31860,1,Urban,No,No,Yes
8496,West Bengal,65,Male,Higher Secondary,Farmer,Student,618726,51560,5,Rural,No,No,No
8497,Haryana,59,Male,Secondary,Teacher,Unemployed,754254,62854,5,Rural,No,Yes,No
8498,Delhi,40,Male,Secondary,Business,Unemployed,1054352,87862,2,Rural,Yes,Yes,Yes
8499,Uttar Pradesh,66,Male,Primary,Student,Unemployed,290056,24171,1,Rural,No,Yes,No
8500,Maharashtra,42,Female,Postgraduate,Labour,Employed,472330,39360,7,Urban,Yes,Yes,Yes
8501,West Bengal,36,Male,Primary,Farmer,Unemployed,498399,41533,5,Rural,No,No,Yes
8502,West Bengal,29,Female,Primary,Private,Unemployed,468284,39023,2,Rural,No,Yes,No
8503,Rajasthan,37,Male,Graduate,Teacher,Unemployed,351880,29323,7,Urban,No,No,Yes
8504,Delhi,80,Female,Secondary,Business,Student,209212,17434,6,Urban,No,Yes,Yes
8505,West Bengal,40,Male,Graduate,Private,Employed,562755,46896,1,Rural,No,No,No
8506,Haryana,60,Female,Postgraduate,Farmer,Self-employed,667699,55641,5,Rural,No,Yes,No
8507,Haryana,32,Female,Primary,Farmer,Self-employed,60000,5000,7,Rural,No,No,No
8508,Tamil Nadu,74,Female,Graduate,Engineer,Unemployed,908490,75707,7,Rural,Yes,No,No
8509,Haryana,50,Female,Higher Secondary,Farmer,Student,542085,45173,7,Rural,Yes,No,Yes
8510,West Bengal,76,Female,Graduate,Student,Self-employed,649340,54111,5,Rural,No,No,Yes
8511,Karnataka,65,Female,Postgraduate,Business,Employed,384976,32081,1,Rural,Yes,Yes,Yes
8512,Tamil Nadu,60,Female,Higher Secondary,Student,Employed,397039,33086,2,Urban,No,No,Yes
8513,Karnataka,71,Male,Secondary,Labour,Employed,446994,37249,7,Rural,Yes,Yes,No
8514,Karnataka,18,Male,Secondary,Government,Self-employed,496878,41406,3,Rural,No,Yes,No
8515,Uttar Pradesh,39,Male,Postgraduate,Student,Self-employed,221153,18429,4,Urban,Yes,Yes,No
8516,Punjab,75,Male,Postgraduate,Labour,Self-employed,554280,46190,1,Urban,No,No,No
8517,Karnataka,61,Male,Primary,Teacher,Employed,469748,39145,5,Urban,Yes,No,No
8518,Tamil Nadu,23,Female,Higher Secondary,Student,Self-employed,243052,20254,7,Rural,Yes,Yes,No
8519,Tamil Nadu,73,Female,Postgraduate,Student,Unemployed,418448,34870,2,Urban,Yes,Yes,Yes
8520,Gujarat,57,Male,Postgraduate,Engineer,Employed,762737,63561,8,Urban,No,Yes,No
8521,Haryana,54,Male,Graduate,Business,Unemployed,303207,25267,8,Rural,No,Yes,No
8522,Haryana,54,Male,Secondary,Government,Student,198193,16516,5,Rural,No,No,No
8523,Punjab,73,Female,Higher Secondary,Student,Employed,364268,30355,7,Urban,Yes,Yes,No
8524,Punjab,80,Female,Graduate,Business,Student,403098,33591,1,Urban,No,No,No
8525,Haryana,35,Male,Secondary,Private,Self-employed,625113,52092,4,Rural,Yes,No,Yes
8526,Karnataka,45,Female,Primary,Student,Unemployed,269154,22429,3,Urban,Yes,No,Yes
8527,Uttar Pradesh,45,Male,Higher Secondary,Teacher,Employed,264541,22045,4,Urban,No,No,No
8528,Uttar Pradesh,51,Female,Postgraduate,Student,Student,838358,69863,6,Rural,Yes,No,Yes
8529,West Bengal,26,Male,Primary,Teacher,Student,525559,43796,6,Rural,No,No,Yes
8530,Tamil Nadu,70,Male,Postgraduate,Government,Student,715210,59600,5,Rural,No,Yes,No
8531,Uttar Pradesh,21,Male,Primary,Government,Unemployed,343042,28586,5,Urban,No,Yes,No
8532,Gujarat,53,Female,Primary,Government,Unemployed,348212,29017,5,Rural,No,No,No
8533,West Bengal,80,Male,Postgraduate,Business,Unemployed,924534,77044,6,Rural,Yes,No,Yes
8534,Uttar Pradesh,35,Female,Higher Secondary,Healthcare,Student,476929,39744,5,Urban,Yes,No,Yes
8535,Karnataka,48,Male,Graduate,Private,Student,470085,39173,4,Rural,Yes,Yes,No
8536,Gujarat,49,Female,Higher Secondary,Labour,Employed,361708,30142,7,Urban,Yes,Yes,Yes
8537,Tamil Nadu,21,Female,Higher Secondary,Engineer,Unemployed,472043,39336,3,Urban,Yes,No,Yes
8538,Uttar Pradesh,29,Female,Postgraduate,Unemployed,Student,775285,64607,2,Urban,No,No,No
8539,Haryana,36,Male,Higher Secondary,Private,Student,192270,16022,1,Urban,No,No,Yes
8540,Gujarat,49,Male,Secondary,Farmer,Student,689482,57456,1,Urban,Yes,Yes,Yes
8541,Maharashtra,57,Male,Graduate,Government,Unemployed,616394,51366,6,Rural,Yes,Yes,No
8542,Punjab,27,Female,Secondary,Unemployed,Unemployed,264206,22017,7,Urban,No,No,Yes
8543,Punjab,73,Male,Secondary,Business,Employed,335468,27955,3,Urban,No,Yes,Yes
8544,Uttar Pradesh,23,Male,Higher Secondary,Student,Student,680111,56675,8,Rural,Yes,No,Yes
8545,Haryana,66,Female,Secondary,Student,Employed,774912,64576,8,Rural,No,No,Yes
8546,Maharashtra,53,Female,Secondary,Student,Self-employed,280102,23341,3,Urban,No,Yes,No
8547,Haryana,54,Male,Graduate,Unemployed,Unemployed,814280,67856,4,Urban,No,No,No
8548,Rajasthan,45,Male,Postgraduate,Private,Self-employed,331421,27618,6,Urban,Yes,Yes,Yes
8549,Delhi,79,Male,Postgraduate,Healthcare,Student,60000,5000,7,Rural,Yes,No,Yes
8550,Haryana,34,Male,Higher Secondary,Private,Self-employed,119276,9939,5,Rural,No,No,Yes
8551,Haryana,70,Male,Postgraduate,Healthcare,Student,456587,38048,3,Urban,No,No,No
8552,Uttar Pradesh,20,Female,Graduate,Student,Self-employed,60000,5000,8,Urban,No,Yes,Yes
8553,Karnataka,60,Female,Higher Secondary,Private,Self-employed,666572,55547,7,Rural,No,Yes,No
8554,Tamil Nadu,36,Female,Higher Secondary,Student,Student,324781,27065,1,Urban,Yes,Yes,No
8555,Punjab,22,Male,Secondary,Farmer,Unemployed,384500,32041,2,Urban,Yes,Yes,No
8556,West Bengal,24,Female,Graduate,Teacher,Student,446303,37191,2,Urban,Yes,Yes,No
8557,Tamil Nadu,21,Female,Higher Secondary,Labour,Employed,60000,5000,1,Rural,Yes,No,No
8558,Karnataka,54,Male,Primary,Private,Unemployed,796410,66367,8,Urban,No,No,No
8559,Gujarat,62,Male,Secondary,Labour,Employed,267393,22282,3,Urban,Yes,No,No
8560,Delhi,25,Male,Primary,Teacher,Employed,602734,50227,2,Rural,No,Yes,No
8561,Tamil Nadu,65,Female,Secondary,Healthcare,Self-employed,820670,68389,6,Urban,Yes,No,No
8562,Rajasthan,37,Female,Higher Secondary,Healthcare,Unemployed,321894,26824,6,Rural,No,No,No
8563,Maharashtra,49,Female,Secondary,Healthcare,Self-employed,562765,46897,2,Rural,Yes,No,No
8564,Tamil Nadu,25,Male,Secondary,Healthcare,Self-employed,572493,47707,5,Urban,No,No,No
8565,Haryana,65,Male,Postgraduate,Labour,Self-employed,415606,34633,6,Rural,Yes,Yes,No
8566,Tamil Nadu,63,Male,Graduate,Student,Unemployed,442765,36897,1,Rural,No,No,No
8567,Haryana,49,Male,Primary,Government,Student,138912,11576,8,Urban,No,Yes,No
8568,Maharashtra,50,Male,Secondary,Farmer,Employed,150778,12564,4,Urban,Yes,No,No
8569,Delhi,46,Female,Primary,Government,Unemployed,602387,50198,3,Rural,Yes,No,No
8570,Delhi,18,Male,Graduate,Business,Unemployed,978760,81563,5,Rural,No,No,No
8571,Gujarat,22,Male,Postgraduate,Unemployed,Self-employed,292712,24392,6,Rural,No,No,No
8572,Gujarat,46,Male,Higher Secondary,Business,Self-employed,654211,54517,7,Rural,Yes,No,No
8573,West Bengal,80,Female,Postgraduate,Private,Employed,758593,63216,6,Urban,No,No,Yes
8574,Rajasthan,76,Male,Graduate,Business,Unemployed,530825,44235,1,Rural,Yes,Yes,Yes
8575,Gujarat,68,Male,Postgraduate,Healthcare,Unemployed,531052,44254,7,Urban,No,Yes,Yes
8576,Punjab,44,Female,Secondary,Unemployed,Self-employed,358411,29867,6,Rural,Yes,No,No
8577,Maharashtra,32,Female,Primary,Business,Self-employed,509968,42497,2,Rural,Yes,Yes,Yes
8578,Punjab,72,Female,Secondary,Teacher,Unemployed,550882,45906,4,Rural,Yes,No,Yes
8579,West Bengal,40,Male,Postgraduate,Farmer,Self-employed,116731,9727,3,Urban,Yes,No,Yes
8580,Tamil Nadu,45,Female,Primary,Unemployed,Self-employed,424188,35349,3,Rural,Yes,Yes,Yes
8581,Uttar Pradesh,50,Male,Graduate,Private,Employed,679780,56648,1,Urban,Yes,No,Yes
8582,Rajasthan,50,Female,Secondary,Labour,Self-employed,294753,24562,5,Rural,No,Yes,Yes
8583,Delhi,66,Male,Graduate,Teacher,Unemployed,424138,35344,2,Rural,Yes,No,Yes
8584,Uttar Pradesh,40,Male,Secondary,Labour,Self-employed,352749,29395,7,Rural,Yes,No,Yes
8585,Punjab,46,Female,Postgraduate,Labour,Student,393092,32757,1,Urban,No,No,No
8586,Delhi,33,Male,Secondary,Teacher,Self-employed,783842,65320,2,Urban,Yes,Yes,Yes
8587,West Bengal,51,Female,Higher Secondary,Teacher,Self-employed,692906,57742,8,Urban,Yes,No,No
8588,Rajasthan,38,Male,Higher Secondary,Unemployed,Employed,1024870,85405,8,Urban,No,Yes,No
8589,West Bengal,32,Male,Primary,Healthcare,Self-employed,60000,5000,7,Urban,No,Yes,Yes
8590,Gujarat,36,Female,Primary,Government,Employed,348643,29053,5,Urban,Yes,No,Yes
8591,Gujarat,71,Male,Primary,Student,Student,407704,33975,5,Rural,No,No,No
8592,Karnataka,18,Female,Postgraduate,Private,Student,812072,67672,2,Rural,Yes,No,Yes
8593,Gujarat,48,Female,Secondary,Teacher,Student,312967,26080,5,Rural,No,No,Yes
8594,Tamil Nadu,80,Male,Higher Secondary,Business,Unemployed,719229,59935,8,Rural,Yes,No,Yes
8595,Gujarat,72,Female,Primary,Business,Unemployed,465200,38766,8,Urban,No,Yes,No
8596,Karnataka,21,Female,Higher Secondary,Engineer,Self-employed,714998,59583,8,Urban,No,Yes,Yes
8597,Rajasthan,57,Female,Postgraduate,Unemployed,Self-employed,623244,51937,7,Urban,Yes,No,No
8598,Rajasthan,68,Female,Primary,Engineer,Employed,602788,50232,3,Rural,No,No,No
8599,Rajasthan,51,Female,Graduate,Engineer,Self-employed,762468,63539,7,Rural,Yes,Yes,Yes
8600,Haryana,25,Female,Primary,Teacher,Self-employed,437811,36484,7,Rural,Yes,No,No
8601,West Bengal,78,Male,Secondary,Farmer,Student,562621,46885,8,Rural,No,No,No
8602,Delhi,19,Female,Postgraduate,Teacher,Unemployed,726957,60579,8,Rural,No,No,Yes
8603,Karnataka,44,Male,Graduate,Private,Self-employed,370105,30842,6,Urban,No,No,No
8604,Karnataka,51,Female,Graduate,Farmer,Employed,262438,21869,5,Rural,Yes,No,Yes
8605,Maharashtra,72,Male,Primary,Unemployed,Employed,368093,30674,2,Rural,No,No,Yes
8606,Rajasthan,48,Male,Primary,Government,Unemployed,689235,57436,1,Urban,No,No,Yes
8607,Maharashtra,77,Male,Higher Secondary,Labour,Unemployed,929839,77486,8,Urban,No,Yes,No
8608,West Bengal,73,Male,Postgraduate,Private,Student,469169,39097,2,Urban,No,No,No
8609,West Bengal,34,Male,Primary,Unemployed,Unemployed,354466,29538,8,Urban,No,No,Yes
8610,Karnataka,74,Male,Graduate,Teacher,Unemployed,662470,55205,7,Rural,Yes,Yes,Yes
8611,Tamil Nadu,39,Female,Graduate,Labour,Employed,381200,31766,6,Urban,No,Yes,No
8612,Gujarat,31,Female,Primary,Engineer,Employed,1149479,95789,3,Rural,Yes,Yes,Yes
8613,Haryana,56,Female,Graduate,Engineer,Self-employed,634895,52907,2,Rural,Yes,No,Yes
8614,Haryana,65,Female,Secondary,Engineer,Unemployed,800198,66683,4,Urban,Yes,Yes,Yes
8615,Maharashtra,64,Female,Secondary,Government,Self-employed,826845,68903,3,Urban,No,No,No
8616,Delhi,69,Female,Graduate,Business,Unemployed,658791,54899,2,Rural,Yes,No,No
8617,West Bengal,70,Female,Higher Secondary,Government,Self-employed,345384,28782,2,Rural,Yes,No,Yes
8618,Maharashtra,28,Male,Higher Secondary,Unemployed,Employed,399014,33251,3,Urban,Yes,No,Yes
8619,Haryana,68,Male,Primary,Government,Unemployed,490822,40901,3,Rural,No,Yes,No
8620,Haryana,35,Male,Graduate,Labour,Self-employed,228953,19079,6,Urban,No,No,No
8621,Uttar Pradesh,44,Female,Higher Secondary,Teacher,Employed,587386,48948,1,Urban,No,Yes,No
8622,Karnataka,48,Female,Secondary,Engineer,Student,60000,5000,3,Urban,No,No,No
8623,Punjab,70,Female,Primary,Government,Employed,203948,16995,2,Urban,Yes,Yes,No
8624,Punjab,66,Male,Secondary,Engineer,Employed,215000,17916,1,Rural,No,Yes,No
8625,Rajasthan,50,Male,Primary,Teacher,Self-employed,244406,20367,1,Urban,No,No,Yes
8626,Gujarat,56,Male,Secondary,Private,Student,292770,24397,4,Rural,No,Yes,No
8627,Gujarat,69,Female,Primary,Labour,Employed,823809,68650,8,Rural,No,No,No
8628,Gujarat,38,Male,Primary,Engineer,Self-employed,516912,43076,1,Rural,Yes,Yes,No
8629,Maharashtra,39,Male,Higher Secondary,Student,Self-employed,1102455,91871,1,Rural,Yes,No,Yes
8630,Rajasthan,62,Female,Postgraduate,Government,Unemployed,649275,54106,4,Urban,Yes,No,Yes
8631,Gujarat,76,Female,Postgraduate,Government,Self-employed,60000,5000,1,Urban,Yes,No,Yes
8632,Maharashtra,37,Female,Primary,Healthcare,Unemployed,569926,47493,6,Urban,No,Yes,No
8633,Tamil Nadu,61,Female,Secondary,Engineer,Unemployed,325329,27110,2,Rural,Yes,Yes,No
8634,Maharashtra,67,Male,Primary,Teacher,Unemployed,399566,33297,4,Urban,No,Yes,Yes
8635,Gujarat,18,Male,Postgraduate,Government,Student,838811,69900,8,Rural,Yes,Yes,Yes
8636,Delhi,52,Female,Higher Secondary,Student,Student,651398,54283,3,Urban,Yes,No,No
8637,Tamil Nadu,25,Male,Graduate,Government,Self-employed,610746,50895,5,Rural,No,Yes,No
8638,Tamil Nadu,20,Male,Secondary,Unemployed,Self-employed,181091,15090,5,Urban,No,Yes,No
8639,Uttar Pradesh,68,Male,Primary,Business,Student,60000,5000,4,Rural,Yes,No,Yes
8640,Delhi,65,Male,Higher Secondary,Private,Student,60000,5000,2,Urban,No,No,Yes
8641,Uttar Pradesh,62,Female,Postgraduate,Labour,Self-employed,134304,11192,3,Urban,No,Yes,Yes
8642,West Bengal,40,Male,Primary,Business,Employed,480033,40002,8,Urban,No,Yes,Yes
8643,Rajasthan,22,Male,Higher Secondary,Private,Student,685376,57114,6,Rural,Yes,No,No
8644,Karnataka,78,Male,Primary,Healthcare,Self-employed,362029,30169,7,Rural,Yes,Yes,No
8645,Uttar Pradesh,54,Female,Graduate,Farmer,Employed,528051,44004,4,Rural,No,No,Yes
8646,Karnataka,52,Male,Primary,Unemployed,Student,808365,67363,3,Urban,No,No,No
8647,West Bengal,56,Male,Graduate,Unemployed,Unemployed,415889,34657,2,Urban,Yes,No,Yes
8648,Haryana,67,Female,Primary,Student,Student,60000,5000,6,Urban,Yes,No,No
8649,Delhi,76,Male,Postgraduate,Business,Student,385148,32095,3,Rural,Yes,No,No
8650,Haryana,61,Male,Higher Secondary,Teacher,Student,443231,36935,7,Urban,No,Yes,Yes
8651,Haryana,44,Female,Graduate,Labour,Employed,60000,5000,2,Urban,Yes,Yes,No
8652,Uttar Pradesh,18,Female,Primary,Private,Self-employed,599348,49945,3,Urban,Yes,No,No
8653,Delhi,80,Male,Graduate,Labour,Student,405758,33813,5,Rural,Yes,No,No
8654,Maharashtra,25,Female,Higher Secondary,Private,Student,414804,34567,1,Urban,Yes,Yes,Yes
8655,Tamil Nadu,80,Male,Secondary,Private,Self-employed,273973,22831,2,Urban,No,Yes,Yes
8656,Rajasthan,50,Female,Graduate,Private,Employed,432269,36022,8,Urban,Yes,No,No
8657,West Bengal,30,Male,Higher Secondary,Student,Unemployed,576002,48000,1,Urban,Yes,No,No
8658,Uttar Pradesh,42,Male,Postgraduate,Private,Student,390119,32509,5,Rural,Yes,Yes,No
8659,Gujarat,40,Male,Primary,Farmer,Student,689992,57499,3,Urban,No,No,Yes
8660,Karnataka,53,Female,Graduate,Engineer,Self-employed,348360,29030,1,Rural,Yes,Yes,Yes
8661,Karnataka,28,Female,Primary,Farmer,Unemployed,299626,24968,2,Rural,Yes,No,Yes
8662,Uttar Pradesh,42,Male,Higher Secondary,Labour,Employed,504552,42046,7,Urban,Yes,No,Yes
8663,Uttar Pradesh,38,Female,Graduate,Student,Student,108056,9004,3,Rural,Yes,No,No
8664,Haryana,42,Male,Primary,Student,Employed,742876,61906,2,Urban,Yes,No,Yes
8665,West Bengal,38,Female,Primary,Healthcare,Unemployed,878206,73183,5,Rural,No,No,Yes
8666,Rajasthan,67,Female,Graduate,Government,Unemployed,644484,53707,5,Urban,No,Yes,No
8667,Karnataka,77,Female,Graduate,Private,Student,363806,30317,8,Rural,Yes,No,No
8668,Karnataka,65,Female,Graduate,Farmer,Student,540139,45011,3,Rural,Yes,No,No
8669,Maharashtra,24,Male,Postgraduate,Labour,Employed,467122,38926,1,Rural,Yes,Yes,No
8670,Maharashtra,22,Male,Primary,Government,Self-employed,707906,58992,2,Rural,No,Yes,No
8671,Punjab,69,Male,Secondary,Healthcare,Student,235513,19626,5,Rural,No,No,Yes
8672,Uttar Pradesh,41,Female,Higher Secondary,Engineer,Student,651520,54293,8,Rural,Yes,Yes,Yes
8673,Punjab,78,Male,Primary,Labour,Student,341034,28419,3,Urban,Yes,Yes,No
8674,Uttar Pradesh,53,Male,Graduate,Healthcare,Student,444268,37022,8,Urban,Yes,No,Yes
8675,Rajasthan,20,Female,Postgraduate,Teacher,Employed,232423,19368,3,Rural,Yes,Yes,Yes
8676,Maharashtra,76,Male,Postgraduate,Unemployed,Self-employed,238909,19909,6,Urban,Yes,Yes,No
8677,Punjab,54,Male,Primary,Student,Employed,504249,42020,1,Rural,No,Yes,Yes
8678,Gujarat,79,Male,Postgraduate,Teacher,Self-employed,643433,53619,3,Urban,Yes,Yes,No
8679,Tamil Nadu,29,Female,Graduate,Business,Unemployed,392886,32740,4,Rural,Yes,No,No
8680,Gujarat,28,Male,Secondary,Business,Unemployed,394172,32847,7,Urban,No,Yes,Yes
8681,Tamil Nadu,61,Female,Primary,Teacher,Unemployed,377292,31441,2,Urban,Yes,Yes,No
8682,Punjab,65,Male,Primary,Business,Student,602504,50208,4,Rural,Yes,Yes,Yes
8683,Rajasthan,27,Male,Graduate,Student,Student,538270,44855,4,Rural,No,Yes,Yes
8684,Gujarat,58,Male,Postgraduate,Unemployed,Employed,787256,65604,5,Rural,Yes,No,No
8685,Gujarat,70,Male,Graduate,Student,Self-employed,683387,56948,3,Rural,No,Yes,Yes
8686,Tamil Nadu,53,Male,Secondary,Farmer,Unemployed,588294,49024,5,Rural,No,No,No
8687,Uttar Pradesh,60,Male,Primary,Engineer,Student,226580,18881,6,Urban,Yes,Yes,Yes
8688,Gujarat,71,Male,Primary,Government,Self-employed,323067,26922,4,Urban,No,No,No
8689,Haryana,49,Male,Graduate,Student,Unemployed,112648,9387,5,Urban,No,Yes,Yes
8690,West Bengal,32,Male,Secondary,Farmer,Unemployed,398902,33241,2,Rural,No,No,No
8691,Rajasthan,24,Male,Higher Secondary,Private,Employed,474502,39541,5,Urban,Yes,No,No
8692,Maharashtra,23,Male,Postgraduate,Business,Employed,687732,57311,3,Urban,No,Yes,No
8693,Gujarat,44,Female,Higher Secondary,Teacher,Student,255095,21257,3,Urban,Yes,Yes,Yes
8694,Maharashtra,47,Male,Higher Secondary,Private,Unemployed,552661,46055,4,Rural,Yes,No,Yes
8695,Delhi,47,Male,Primary,Healthcare,Self-employed,299242,24936,4,Urban,No,Yes,Yes
8696,Rajasthan,51,Male,Postgraduate,Farmer,Unemployed,460809,38400,1,Rural,No,Yes,Yes
8697,Haryana,24,Female,Higher Secondary,Engineer,Employed,740852,61737,8,Rural,No,Yes,No
8698,Karnataka,72,Male,Primary,Business,Self-employed,155207,12933,2,Urban,Yes,Yes,No
8699,Punjab,23,Female,Graduate,Farmer,Self-employed,74588,6215,1,Urban,No,Yes,No
8700,Haryana,75,Male,Postgraduate,Government,Student,743834,61986,2,Rural,Yes,Yes,No
8701,Karnataka,22,Female,Higher Secondary,Labour,Student,1020824,85068,4,Rural,Yes,No,Yes
8702,Uttar Pradesh,62,Male,Secondary,Student,Self-employed,925287,77107,8,Rural,Yes,No,Yes
8703,Haryana,42,Female,Primary,Unemployed,Unemployed,600212,50017,7,Urban,Yes,Yes,Yes
8704,Haryana,44,Male,Secondary,Business,Unemployed,442486,36873,6,Rural,Yes,No,Yes
8705,Karnataka,65,Female,Graduate,Engineer,Employed,435284,36273,8,Rural,Yes,Yes,Yes
8706,Gujarat,52,Male,Primary,Teacher,Student,819052,68254,8,Rural,No,No,No
8707,Maharashtra,28,Male,Graduate,Private,Student,616492,51374,4,Urban,Yes,No,No
8708,Uttar Pradesh,49,Male,Higher Secondary,Farmer,Student,297815,24817,2,Rural,Yes,Yes,No
8709,Karnataka,18,Female,Primary,Unemployed,Student,60000,5000,8,Urban,No,Yes,No
8710,Rajasthan,44,Male,Secondary,Labour,Self-employed,60000,5000,8,Urban,Yes,No,Yes
8711,Delhi,44,Female,Higher Secondary,Business,Unemployed,840964,70080,2,Urban,Yes,Yes,No
8712,Punjab,28,Male,Higher Secondary,Engineer,Unemployed,648420,54035,5,Urban,No,No,No
8713,Uttar Pradesh,19,Male,Higher Secondary,Private,Student,672465,56038,8,Rural,No,Yes,No
8714,Delhi,65,Female,Secondary,Government,Student,697498,58124,3,Urban,Yes,No,No
8715,Rajasthan,47,Female,Postgraduate,Unemployed,Student,567673,47306,6,Rural,Yes,No,Yes
8716,Maharashtra,61,Male,Primary,Private,Employed,540223,45018,5,Urban,No,Yes,Yes
8717,Punjab,62,Male,Primary,Farmer,Student,494470,41205,7,Rural,Yes,Yes,Yes
8718,Tamil Nadu,33,Male,Primary,Business,Employed,695647,57970,1,Rural,Yes,No,No
8719,Delhi,60,Female,Postgraduate,Healthcare,Employed,115595,9632,8,Urban,Yes,No,Yes
8720,West Bengal,55,Male,Primary,Student,Employed,493790,41149,5,Urban,No,No,No
8721,Haryana,80,Female,Graduate,Farmer,Employed,757295,63107,4,Rural,No,No,Yes
8722,Haryana,69,Male,Primary,Farmer,Employed,689576,57464,8,Rural,No,Yes,Yes
8723,Haryana,75,Male,Graduate,Student,Employed,247826,20652,7,Rural,No,No,Yes
8724,Haryana,36,Female,Graduate,Student,Self-employed,714026,59502,2,Rural,No,No,Yes
8725,Gujarat,19,Male,Graduate,Student,Unemployed,341113,28426,1,Urban,Yes,Yes,Yes
8726,Haryana,35,Female,Secondary,Business,Student,567107,47258,4,Urban,Yes,No,Yes
8727,Punjab,20,Male,Graduate,Labour,Student,143808,11984,8,Rural,No,Yes,No
8728,Uttar Pradesh,44,Female,Secondary,Business,Employed,622726,51893,5,Urban,Yes,No,No
8729,Haryana,77,Female,Postgraduate,Private,Employed,246774,20564,1,Urban,Yes,No,Yes
8730,Delhi,25,Male,Secondary,Unemployed,Self-employed,292027,24335,5,Urban,Yes,No,No
8731,Uttar Pradesh,21,Male,Higher Secondary,Engineer,Student,694324,57860,1,Rural,No,Yes,Yes
8732,Punjab,49,Male,Postgraduate,Business,Self-employed,330200,27516,1,Rural,No,No,Yes
8733,Delhi,38,Male,Secondary,Private,Unemployed,87329,7277,6,Urban,Yes,No,Yes
8734,Haryana,54,Female,Postgraduate,Teacher,Unemployed,250270,20855,3,Rural,No,Yes,No
8735,Tamil Nadu,75,Female,Primary,Unemployed,Student,60000,5000,3,Rural,No,No,Yes
8736,West Bengal,63,Male,Higher Secondary,Farmer,Unemployed,212124,17677,5,Urban,Yes,Yes,Yes
8737,Karnataka,59,Female,Postgraduate,Unemployed,Unemployed,982418,81868,2,Urban,Yes,No,No
8738,West Bengal,58,Female,Higher Secondary,Business,Unemployed,485155,40429,4,Urban,Yes,No,No
8739,Delhi,22,Female,Postgraduate,Engineer,Self-employed,364936,30411,8,Rural,Yes,No,No
8740,Maharashtra,78,Female,Secondary,Engineer,Employed,990580,82548,3,Urban,No,Yes,No
8741,Delhi,30,Female,Postgraduate,Government,Self-employed,478759,39896,5,Rural,Yes,Yes,No
8742,Delhi,49,Female,Primary,Unemployed,Unemployed,413686,34473,8,Urban,No,Yes,No
8743,Punjab,68,Female,Postgraduate,Labour,Student,717394,59782,6,Urban,Yes,No,No
8744,Delhi,38,Female,Secondary,Government,Self-employed,374278,31189,2,Rural,Yes,Yes,No
8745,Gujarat,76,Male,Graduate,Government,Self-employed,465629,38802,6,Rural,Yes,Yes,No
8746,Delhi,27,Female,Secondary,Business,Employed,154996,12916,1,Rural,Yes,Yes,No
8747,Maharashtra,52,Female,Secondary,Government,Student,601163,50096,4,Urban,No,Yes,No
8748,Maharashtra,29,Female,Graduate,Student,Employed,391116,32593,2,Urban,Yes,Yes,No
8749,Karnataka,71,Male,Postgraduate,Business,Unemployed,440751,36729,7,Urban,Yes,No,Yes
8750,West Bengal,47,Female,Postgraduate,Unemployed,Self-employed,60000,5000,6,Rural,No,Yes,No
8751,West Bengal,70,Male,Secondary,Student,Employed,786424,65535,8,Urban,No,Yes,Yes
8752,Maharashtra,18,Female,Graduate,Teacher,Student,311786,25982,6,Rural,No,Yes,Yes
8753,Tamil Nadu,53,Female,Graduate,Private,Unemployed,436201,36350,7,Rural,Yes,Yes,Yes
8754,Gujarat,18,Female,Secondary,Business,Self-employed,509333,42444,4,Urban,No,Yes,No
8755,Rajasthan,64,Female,Higher Secondary,Unemployed,Employed,548733,45727,1,Rural,No,No,Yes
8756,Uttar Pradesh,29,Female,Primary,Business,Student,893450,74454,7,Urban,Yes,No,Yes
8757,Uttar Pradesh,48,Male,Postgraduate,Labour,Employed,638396,53199,3,Urban,Yes,Yes,No
8758,Gujarat,56,Male,Graduate,Engineer,Employed,389396,32449,7,Rural,No,No,No
8759,Punjab,60,Male,Primary,Government,Employed,865564,72130,5,Urban,Yes,No,No
8760,Tamil Nadu,43,Male,Postgraduate,Government,Unemployed,804978,67081,4,Rural,No,No,Yes
8761,Tamil Nadu,45,Female,Graduate,Engineer,Unemployed,337342,28111,7,Urban,No,No,Yes
8762,Maharashtra,52,Female,Graduate,Labour,Self-employed,568173,47347,1,Urban,Yes,Yes,Yes
8763,Delhi,45,Female,Secondary,Student,Self-employed,390831,32569,6,Urban,Yes,No,Yes
8764,Uttar Pradesh,50,Female,Graduate,Unemployed,Employed,700236,58353,7,Rural,No,No,Yes
8765,Rajasthan,62,Female,Postgraduate,Teacher,Student,321671,26805,8,Urban,No,Yes,Yes
8766,Uttar Pradesh,18,Female,Higher Secondary,Unemployed,Self-employed,60000,5000,1,Rural,Yes,Yes,No
8767,Uttar Pradesh,36,Female,Postgraduate,Private,Student,715492,59624,6,Rural,No,Yes,No
8768,Uttar Pradesh,50,Male,Primary,Teacher,Unemployed,693697,57808,2,Urban,Yes,No,Yes
8769,Maharashtra,75,Female,Postgraduate,Teacher,Unemployed,530738,44228,6,Rural,No,No,No
8770,West Bengal,31,Male,Higher Secondary,Student,Unemployed,352416,29368,5,Urban,No,No,Yes
8771,Tamil Nadu,78,Male,Graduate,Student,Employed,428989,35749,3,Rural,Yes,No,Yes
8772,Haryana,69,Male,Primary,Unemployed,Employed,796688,66390,2,Urban,Yes,Yes,Yes
8773,Haryana,47,Male,Postgraduate,Unemployed,Employed,720296,60024,8,Urban,Yes,Yes,No
8774,Punjab,36,Female,Primary,Engineer,Unemployed,460806,38400,6,Rural,Yes,Yes,No
8775,Delhi,61,Female,Primary,Student,Unemployed,569888,47490,3,Urban,Yes,No,No
8776,Tamil Nadu,32,Female,Postgraduate,Teacher,Student,831849,69320,7,Urban,Yes,No,No
8777,Punjab,33,Male,Graduate,Labour,Unemployed,596506,49708,7,Rural,Yes,Yes,No
8778,Punjab,30,Male,Postgraduate,Business,Unemployed,332207,27683,6,Urban,No,No,Yes
8779,West Bengal,36,Male,Postgraduate,Healthcare,Self-employed,362475,30206,3,Urban,Yes,No,No
8780,West Bengal,44,Female,Higher Secondary,Farmer,Unemployed,361690,30140,2,Rural,Yes,Yes,Yes
8781,Karnataka,75,Male,Higher Secondary,Private,Self-employed,928176,77348,7,Rural,Yes,Yes,No
8782,Tamil Nadu,30,Female,Primary,Healthcare,Employed,592777,49398,2,Urban,No,Yes,Yes
8783,Gujarat,27,Female,Secondary,Student,Student,248974,20747,6,Rural,Yes,No,Yes
8784,Tamil Nadu,55,Male,Higher Secondary,Government,Unemployed,457384,38115,6,Rural,No,No,Yes
8785,Karnataka,35,Male,Graduate,Labour,Student,562716,46893,7,Urban,Yes,No,Yes
8786,West Bengal,63,Female,Primary,Engineer,Unemployed,336479,28039,1,Rural,Yes,Yes,No
8787,Rajasthan,57,Male,Higher Secondary,Government,Self-employed,556265,46355,7,Rural,No,No,Yes
8788,Delhi,27,Female,Higher Secondary,Labour,Student,700179,58348,8,Urban,Yes,Yes,Yes
8789,Rajasthan,61,Female,Graduate,Labour,Employed,650928,54244,5,Rural,No,Yes,Yes
8790,Karnataka,34,Male,Higher Secondary,Student,Unemployed,454499,37874,8,Rural,No,Yes,No
8791,Uttar Pradesh,41,Female,Primary,Engineer,Self-employed,123245,10270,1,Rural,Yes,No,Yes
8792,Karnataka,60,Male,Primary,Farmer,Self-employed,433290,36107,7,Rural,Yes,No,Yes
8793,Gujarat,54,Female,Secondary,Unemployed,Unemployed,531214,44267,1,Rural,No,No,Yes
8794,Tamil Nadu,56,Male,Primary,Student,Unemployed,551859,45988,8,Rural,No,Yes,Yes
8795,Karnataka,46,Male,Higher Secondary,Student,Employed,464878,38739,6,Rural,No,Yes,Yes
8796,Delhi,80,Female,Primary,Farmer,Employed,377576,31464,3,Urban,No,No,Yes
8797,Punjab,29,Male,Postgraduate,Unemployed,Employed,108272,9022,2,Rural,Yes,Yes,No
8798,Tamil Nadu,72,Male,Postgraduate,Government,Employed,461049,38420,1,Rural,Yes,Yes,No
8799,Punjab,28,Female,Higher Secondary,Farmer,Student,60000,5000,1,Urban,Yes,Yes,No
8800,Haryana,56,Female,Higher Secondary,Teacher,Unemployed,522126,43510,7,Urban,Yes,Yes,No
8801,West Bengal,62,Male,Primary,Government,Unemployed,674927,56243,8,Rural,Yes,No,Yes
8802,Haryana,51,Male,Primary,Government,Employed,684345,57028,6,Urban,Yes,Yes,No
8803,Karnataka,37,Female,Graduate,Business,Employed,942471,78539,1,Urban,Yes,No,No
8804,Haryana,27,Female,Secondary,Engineer,Employed,60000,5000,3,Urban,Yes,No,Yes
8805,Rajasthan,25,Female,Higher Secondary,Unemployed,Unemployed,464346,38695,7,Rural,No,Yes,No
8806,Uttar Pradesh,68,Male,Higher Secondary,Healthcare,Unemployed,160395,13366,2,Rural,Yes,Yes,Yes
8807,Haryana,33,Male,Graduate,Labour,Unemployed,575095,47924,1,Rural,No,Yes,No
8808,Maharashtra,39,Female,Postgraduate,Unemployed,Unemployed,452297,37691,4,Urban,Yes,No,Yes
8809,Gujarat,44,Female,Secondary,Teacher,Self-employed,229139,19094,1,Rural,No,No,No
8810,West Bengal,18,Male,Higher Secondary,Private,Self-employed,353911,29492,3,Urban,Yes,No,No
8811,Haryana,44,Female,Graduate,Private,Employed,563747,46978,3,Rural,No,No,No
8812,Rajasthan,37,Male,Primary,Unemployed,Employed,306783,25565,3,Rural,Yes,Yes,Yes
8813,West Bengal,68,Female,Secondary,Teacher,Student,711389,59282,2,Rural,Yes,No,Yes
8814,Punjab,61,Female,Secondary,Labour,Employed,74493,6207,2,Rural,No,No,No
8815,Tamil Nadu,31,Female,Graduate,Labour,Self-employed,395930,32994,6,Rural,Yes,Yes,No
8816,Rajasthan,30,Male,Secondary,Labour,Student,920587,76715,7,Rural,Yes,Yes,Yes
8817,Delhi,20,Female,Higher Secondary,Teacher,Unemployed,648332,54027,7,Urban,No,Yes,Yes
8818,Tamil Nadu,54,Male,Secondary,Student,Unemployed,60000,5000,8,Rural,No,No,No
8819,Haryana,77,Male,Higher Secondary,Engineer,Student,424250,35354,2,Urban,Yes,Yes,Yes
8820,Tamil Nadu,31,Female,Postgraduate,Engineer,Student,561780,46815,6,Rural,No,No,No
8821,Haryana,58,Female,Postgraduate,Labour,Unemployed,661431,55119,6,Urban,No,Yes,No
8822,Gujarat,75,Female,Primary,Private,Student,789822,65818,4,Urban,Yes,No,No
8823,Delhi,77,Female,Primary,Government,Unemployed,459120,38260,6,Rural,No,No,No
8824,West Bengal,18,Female,Primary,Government,Employed,135740,11311,1,Urban,Yes,No,No
8825,Gujarat,28,Male,Primary,Business,Unemployed,1226416,102201,8,Rural,Yes,Yes,No
8826,West Bengal,61,Male,Higher Secondary,Unemployed,Employed,449167,37430,6,Urban,No,Yes,Yes
8827,Gujarat,47,Male,Postgraduate,Labour,Unemployed,604309,50359,1,Urban,No,No,Yes
8828,Gujarat,72,Female,Primary,Student,Student,391725,32643,7,Rural,No,Yes,No
8829,Maharashtra,38,Female,Graduate,Government,Employed,745915,62159,5,Urban,No,No,No
8830,Rajasthan,73,Male,Postgraduate,Government,Self-employed,640222,53351,5,Rural,Yes,No,Yes
8831,Uttar Pradesh,27,Female,Primary,Engineer,Self-employed,576630,48052,6,Rural,Yes,No,Yes
8832,Gujarat,19,Male,Higher Secondary,Unemployed,Student,228031,19002,7,Rural,Yes,No,No
8833,Uttar Pradesh,24,Female,Secondary,Teacher,Student,934126,77843,2,Rural,No,Yes,Yes
8834,Maharashtra,64,Female,Secondary,Farmer,Student,538979,44914,7,Urban,No,No,Yes
8835,Uttar Pradesh,39,Male,Graduate,Business,Student,814573,67881,6,Rural,Yes,Yes,No
8836,Gujarat,48,Female,Graduate,Labour,Student,419201,34933,3,Urban,Yes,No,No
8837,Delhi,59,Male,Primary,Private,Unemployed,246379,20531,6,Rural,Yes,No,Yes
8838,Karnataka,79,Female,Graduate,Engineer,Unemployed,569614,47467,7,Rural,No,Yes,Yes
8839,Uttar Pradesh,32,Female,Primary,Engineer,Unemployed,323894,26991,1,Rural,No,Yes,Yes
8840,Uttar Pradesh,35,Female,Higher Secondary,Unemployed,Student,144290,12024,1,Urban,Yes,Yes,No
8841,Punjab,46,Female,Primary,Business,Employed,184737,15394,6,Urban,No,No,Yes
8842,Karnataka,54,Male,Postgraduate,Private,Unemployed,215529,17960,3,Urban,No,Yes,Yes
8843,Delhi,73,Male,Graduate,Engineer,Student,613661,51138,7,Urban,Yes,Yes,Yes
8844,Karnataka,73,Female,Secondary,Student,Unemployed,706473,58872,2,Rural,No,Yes,Yes
8845,Punjab,78,Female,Secondary,Labour,Self-employed,380314,31692,1,Rural,Yes,Yes,No
8846,Haryana,77,Male,Secondary,Unemployed,Self-employed,401407,33450,2,Rural,No,Yes,No
8847,Uttar Pradesh,46,Female,Postgraduate,Student,Self-employed,257971,21497,5,Urban,Yes,Yes,No
8848,West Bengal,49,Female,Graduate,Farmer,Employed,671753,55979,1,Rural,No,No,Yes
8849,West Bengal,42,Female,Primary,Labour,Unemployed,283920,23660,2,Urban,No,No,Yes
8850,Karnataka,53,Female,Primary,Business,Student,60411,5034,3,Urban,No,No,Yes
8851,Rajasthan,75,Male,Graduate,Student,Unemployed,253711,21142,4,Rural,Yes,No,No
8852,Tamil Nadu,59,Female,Secondary,Student,Employed,874633,72886,1,Rural,Yes,No,No
8853,Maharashtra,42,Female,Postgraduate,Labour,Unemployed,339814,28317,2,Rural,Yes,Yes,No
8854,West Bengal,46,Female,Secondary,Private,Self-employed,724751,60395,2,Urban,Yes,Yes,Yes
8855,Delhi,75,Male,Graduate,Teacher,Student,366105,30508,6,Urban,Yes,No,Yes
8856,Uttar Pradesh,50,Male,Graduate,Unemployed,Student,132184,11015,6,Rural,No,Yes,No
8857,Gujarat,53,Male,Primary,Private,Student,1105453,92121,5,Urban,No,No,No
8858,Haryana,58,Female,Higher Secondary,Private,Unemployed,486665,40555,5,Urban,Yes,No,Yes
8859,Delhi,32,Female,Graduate,Private,Self-employed,181396,15116,1,Rural,No,No,No
8860,Delhi,40,Male,Primary,Farmer,Unemployed,389087,32423,1,Urban,No,No,No
8861,West Bengal,46,Female,Primary,Private,Student,998947,83245,8,Rural,No,Yes,Yes
8862,Uttar Pradesh,60,Female,Primary,Business,Unemployed,383858,31988,2,Rural,Yes,Yes,Yes
8863,Delhi,54,Female,Higher Secondary,Business,Student,60000,5000,8,Rural,No,No,Yes
8864,Maharashtra,57,Female,Primary,Teacher,Self-employed,267171,22264,7,Urban,No,Yes,Yes
8865,West Bengal,75,Male,Primary,Engineer,Employed,60000,5000,7,Rural,Yes,Yes,Yes
8866,Punjab,35,Female,Secondary,Engineer,Self-employed,324880,27073,2,Urban,No,Yes,Yes
8867,Punjab,73,Female,Graduate,Business,Student,650781,54231,4,Rural,No,No,Yes
8868,West Bengal,31,Male,Graduate,Government,Self-employed,172167,14347,6,Urban,No,No,Yes
8869,Punjab,70,Male,Postgraduate,Teacher,Self-employed,525438,43786,2,Urban,Yes,No,No
8870,Punjab,42,Male,Primary,Teacher,Unemployed,596493,49707,6,Rural,Yes,Yes,No
8871,Uttar Pradesh,51,Male,Secondary,Private,Self-employed,362302,30191,8,Urban,Yes,No,No
8872,Punjab,65,Female,Graduate,Farmer,Employed,528760,44063,1,Rural,Yes,No,Yes
8873,Punjab,53,Female,Graduate,Labour,Self-employed,566961,47246,4,Urban,No,Yes,Yes
8874,Gujarat,55,Male,Higher Secondary,Unemployed,Self-employed,379497,31624,8,Rural,Yes,No,Yes
8875,Uttar Pradesh,32,Female,Higher Secondary,Unemployed,Self-employed,468259,39021,6,Urban,Yes,No,No
8876,Punjab,53,Female,Graduate,Private,Unemployed,710913,59242,8,Urban,Yes,No,Yes
8877,Rajasthan,69,Female,Secondary,Labour,Employed,60000,5000,1,Urban,Yes,Yes,Yes
8878,Tamil Nadu,39,Male,Higher Secondary,Government,Employed,337103,28091,1,Urban,No,Yes,No
8879,Tamil Nadu,37,Female,Secondary,Engineer,Unemployed,580751,48395,7,Urban,Yes,No,No
8880,Haryana,29,Male,Higher Secondary,Teacher,Employed,703692,58641,5,Rural,No,No,No
8881,Karnataka,18,Female,Higher Secondary,Private,Unemployed,603860,50321,2,Urban,Yes,Yes,Yes
8882,Uttar Pradesh,39,Male,Higher Secondary,Student,Self-employed,235815,19651,3,Urban,No,Yes,No
8883,Karnataka,44,Male,Higher Secondary,Unemployed,Employed,609552,50796,8,Urban,No,Yes,No
8884,Rajasthan,19,Female,Graduate,Private,Student,336280,28023,5,Urban,No,Yes,Yes
8885,Karnataka,76,Male,Graduate,Farmer,Unemployed,472588,39382,6,Urban,Yes,No,No
8886,Gujarat,35,Female,Postgraduate,Labour,Unemployed,831758,69313,3,Urban,No,No,Yes
8887,Tamil Nadu,78,Female,Higher Secondary,Private,Student,436948,36412,4,Urban,Yes,Yes,Yes
8888,Maharashtra,34,Female,Primary,Farmer,Self-employed,670812,55901,6,Rural,Yes,No,No
8889,Karnataka,69,Male,Graduate,Engineer,Student,774215,64517,7,Rural,Yes,Yes,No
8890,West Bengal,37,Female,Graduate,Labour,Unemployed,180602,15050,8,Rural,Yes,No,No
8891,Punjab,77,Female,Secondary,Government,Self-employed,641622,53468,6,Rural,Yes,No,Yes
8892,West Bengal,57,Male,Secondary,Government,Employed,589266,49105,8,Rural,Yes,No,Yes
8893,Karnataka,64,Female,Primary,Engineer,Employed,559385,46615,4,Urban,Yes,No,No
8894,Punjab,58,Female,Secondary,Unemployed,Self-employed,326469,27205,7,Urban,Yes,No,Yes
8895,West Bengal,64,Male,Primary,Business,Unemployed,704627,58718,2,Rural,Yes,No,Yes
8896,Rajasthan,31,Male,Graduate,Teacher,Self-employed,863737,71978,6,Rural,Yes,Yes,Yes
8897,Punjab,69,Female,Postgraduate,Farmer,Employed,263252,21937,6,Urban,No,No,No
8898,West Bengal,74,Female,Higher Secondary,Healthcare,Student,217272,18106,7,Urban,No,No,Yes
8899,Punjab,56,Male,Postgraduate,Government,Self-employed,694016,57834,4,Rural,Yes,Yes,No
8900,Delhi,73,Female,Graduate,Engineer,Self-employed,243944,20328,3,Urban,No,No,No
8901,Uttar Pradesh,72,Male,Secondary,Private,Employed,801538,66794,1,Urban,Yes,No,No
8902,Punjab,22,Male,Secondary,Engineer,Student,422850,35237,8,Urban,Yes,No,Yes
8903,Karnataka,70,Male,Higher Secondary,Private,Unemployed,567325,47277,7,Rural,No,No,Yes
8904,Karnataka,57,Male,Secondary,Government,Unemployed,255741,21311,3,Urban,No,No,Yes
8905,Delhi,29,Female,Primary,Engineer,Self-employed,795864,66322,4,Rural,No,No,Yes
8906,Delhi,69,Female,Secondary,Student,Employed,864872,72072,3,Urban,No,No,Yes
8907,Maharashtra,22,Male,Secondary,Government,Student,743557,61963,4,Urban,Yes,No,No
8908,Karnataka,27,Female,Higher Secondary,Government,Self-employed,495638,41303,3,Rural,No,No,Yes
8909,Maharashtra,77,Male,Secondary,Unemployed,Student,600233,50019,5,Urban,Yes,Yes,No
8910,Maharashtra,70,Female,Postgraduate,Government,Student,553254,46104,7,Rural,No,No,No
8911,Uttar Pradesh,23,Male,Secondary,Engineer,Student,144132,12011,3,Urban,No,No,Yes
8912,Tamil Nadu,45,Male,Postgraduate,Farmer,Unemployed,261846,21820,1,Urban,No,No,No
8913,Uttar Pradesh,69,Female,Postgraduate,Unemployed,Employed,694209,57850,8,Urban,No,No,Yes
8914,Gujarat,72,Male,Primary,Private,Student,259768,21647,6,Urban,Yes,No,Yes
8915,West Bengal,38,Female,Secondary,Unemployed,Self-employed,562906,46908,1,Urban,Yes,Yes,No
8916,Maharashtra,45,Female,Graduate,Farmer,Employed,507066,42255,3,Rural,Yes,No,Yes
8917,Haryana,22,Male,Postgraduate,Government,Employed,654778,54564,7,Rural,Yes,No,No
8918,Maharashtra,27,Male,Primary,Engineer,Student,155075,12922,4,Rural,No,No,No
8919,Haryana,66,Male,Graduate,Teacher,Student,333612,27801,4,Urban,No,No,No
8920,Maharashtra,54,Male,Graduate,Government,Student,446137,37178,1,Rural,No,No,No
8921,Uttar Pradesh,52,Female,Primary,Business,Unemployed,589533,49127,8,Rural,Yes,Yes,Yes
8922,Karnataka,42,Female,Higher Secondary,Healthcare,Unemployed,121520,10126,2,Urban,No,No,Yes
8923,Tamil Nadu,72,Male,Higher Secondary,Student,Student,456967,38080,7,Rural,Yes,Yes,Yes
8924,Rajasthan,21,Female,Graduate,Teacher,Unemployed,940216,78351,2,Urban,Yes,Yes,No
8925,Rajasthan,71,Male,Higher Secondary,Farmer,Student,691859,57654,5,Urban,No,No,Yes
8926,Uttar Pradesh,18,Male,Higher Secondary,Farmer,Unemployed,555044,46253,7,Rural,No,No,Yes
8927,Gujarat,62,Female,Higher Secondary,Engineer,Unemployed,390027,32502,3,Rural,Yes,No,No
8928,Rajasthan,79,Female,Higher Secondary,Labour,Unemployed,704219,58684,8,Urban,Yes,No,No
8929,Punjab,68,Female,Postgraduate,Farmer,Unemployed,62371,5197,8,Urban,Yes,Yes,No
8930,Rajasthan,37,Male,Primary,Farmer,Employed,467472,38956,4,Urban,Yes,No,No
8931,Haryana,62,Female,Postgraduate,Business,Student,773017,64418,4,Urban,Yes,Yes,Yes
8932,Rajasthan,59,Male,Secondary,Private,Unemployed,622996,51916,8,Rural,No,Yes,No
8933,Karnataka,60,Male,Primary,Labour,Self-employed,557638,46469,4,Rural,Yes,Yes,No
8934,Gujarat,39,Female,Higher Secondary,Private,Employed,974845,81237,4,Rural,Yes,No,Yes
8935,Uttar Pradesh,40,Female,Postgraduate,Business,Self-employed,579037,48253,4,Urban,No,Yes,Yes
8936,Tamil Nadu,79,Male,Secondary,Unemployed,Student,290597,24216,6,Urban,No,Yes,No
8937,Delhi,26,Female,Higher Secondary,Business,Student,474348,39529,7,Urban,No,No,Yes
8938,Karnataka,70,Female,Higher Secondary,Business,Student,702262,58521,8,Urban,Yes,No,No
8939,Tamil Nadu,19,Male,Higher Secondary,Engineer,Unemployed,280055,23337,7,Rural,No,No,No
8940,Karnataka,50,Female,Secondary,Private,Student,522975,43581,5,Rural,Yes,No,Yes
8941,Haryana,49,Female,Primary,Student,Self-employed,192564,16047,6,Urban,Yes,Yes,No
8942,West Bengal,33,Male,Primary,Teacher,Student,137727,11477,5,Rural,Yes,No,Yes
8943,Delhi,27,Female,Postgraduate,Farmer,Employed,495985,41332,2,Urban,No,Yes,Yes
8944,Gujarat,49,Male,Secondary,Private,Unemployed,755317,62943,5,Urban,No,Yes,Yes
8945,Delhi,37,Male,Primary,Labour,Employed,585860,48821,6,Rural,No,No,Yes
8946,Delhi,79,Male,Higher Secondary,Labour,Employed,581596,48466,6,Rural,Yes,No,Yes
8947,Delhi,42,Male,Graduate,Private,Student,729348,60779,4,Rural,Yes,No,Yes
8948,Tamil Nadu,45,Female,Secondary,Government,Employed,60000,5000,1,Urban,Yes,Yes,No
8949,Gujarat,51,Male,Postgraduate,Private,Student,255945,21328,4,Rural,No,No,Yes
8950,Gujarat,50,Female,Graduate,Unemployed,Employed,304150,25345,4,Urban,No,No,Yes
8951,Tamil Nadu,79,Female,Secondary,Business,Unemployed,547662,45638,5,Rural,Yes,Yes,No
8952,Rajasthan,46,Male,Postgraduate,Healthcare,Unemployed,649143,54095,4,Urban,No,No,No
8953,Karnataka,31,Male,Higher Secondary,Student,Employed,237841,19820,8,Rural,Yes,Yes,Yes
8954,West Bengal,61,Female,Postgraduate,Unemployed,Employed,60000,5000,5,Rural,No,Yes,Yes
8955,Delhi,41,Female,Postgraduate,Teacher,Employed,201825,16818,5,Urban,No,No,No
8956,Gujarat,63,Female,Secondary,Healthcare,Employed,538870,44905,7,Rural,Yes,Yes,No
8957,Delhi,28,Female,Higher Secondary,Healthcare,Unemployed,859170,71597,4,Urban,No,Yes,No
8958,Gujarat,41,Female,Postgraduate,Labour,Student,277081,23090,1,Rural,Yes,No,No
8959,Delhi,36,Male,Graduate,Healthcare,Unemployed,452974,37747,5,Urban,No,Yes,No
8960,Delhi,61,Female,Primary,Healthcare,Unemployed,113811,9484,2,Rural,Yes,Yes,No
8961,Punjab,49,Female,Postgraduate,Teacher,Employed,696749,58062,1,Rural,Yes,Yes,No
8962,Rajasthan,63,Male,Secondary,Teacher,Employed,625937,52161,8,Urban,No,No,Yes
8963,Maharashtra,53,Male,Secondary,Business,Unemployed,497104,41425,3,Urban,Yes,Yes,No
8964,Gujarat,39,Female,Graduate,Unemployed,Unemployed,504278,42023,6,Rural,No,No,No
8965,Gujarat,23,Male,Higher Secondary,Teacher,Unemployed,861560,71796,7,Rural,Yes,No,No
8966,Tamil Nadu,20,Male,Higher Secondary,Business,Unemployed,60000,5000,5,Rural,Yes,Yes,No
8967,Haryana,54,Male,Graduate,Unemployed,Student,171697,14308,2,Urban,No,No,No
8968,Delhi,53,Male,Postgraduate,Teacher,Employed,288986,24082,4,Rural,No,Yes,Yes
8969,Karnataka,20,Male,Primary,Healthcare,Student,610587,50882,3,Rural,No,Yes,No
8970,West Bengal,38,Female,Higher Secondary,Government,Student,436333,36361,4,Rural,No,No,Yes
8971,Tamil Nadu,18,Male,Primary,Unemployed,Self-employed,238054,19837,3,Urban,No,No,Yes
8972,Uttar Pradesh,47,Male,Graduate,Student,Employed,643529,53627,1,Rural,No,No,Yes
8973,Maharashtra,55,Male,Higher Secondary,Student,Unemployed,60000,5000,5,Rural,Yes,No,No
8974,Karnataka,76,Male,Graduate,Labour,Student,274560,22880,3,Urban,Yes,Yes,Yes
8975,West Bengal,67,Female,Postgraduate,Farmer,Self-employed,606647,50553,8,Rural,Yes,Yes,Yes
8976,Delhi,21,Female,Postgraduate,Healthcare,Unemployed,516621,43051,1,Rural,No,Yes,Yes
8977,Maharashtra,53,Male,Primary,Business,Unemployed,664945,55412,1,Rural,Yes,No,Yes
8978,Rajasthan,79,Male,Secondary,Government,Self-employed,368725,30727,1,Urban,Yes,No,Yes
8979,Rajasthan,20,Male,Secondary,Private,Self-employed,812661,67721,4,Urban,No,No,No
8980,Gujarat,36,Female,Primary,Farmer,Employed,489748,40812,6,Rural,No,Yes,Yes
8981,Punjab,70,Female,Primary,Private,Employed,600602,50050,8,Rural,Yes,No,Yes
8982,Haryana,72,Male,Secondary,Engineer,Employed,1083018,90251,3,Urban,Yes,Yes,No
8983,Punjab,19,Male,Graduate,Labour,Unemployed,539327,44943,1,Urban,Yes,Yes,Yes
8984,Uttar Pradesh,56,Male,Postgraduate,Teacher,Employed,72615,6051,2,Urban,Yes,No,No
8985,Delhi,29,Female,Primary,Labour,Unemployed,395301,32941,4,Urban,No,Yes,No
8986,West Bengal,71,Female,Postgraduate,Healthcare,Student,60000,5000,6,Rural,Yes,No,Yes
8987,Gujarat,18,Female,Postgraduate,Business,Employed,338534,28211,3,Urban,Yes,No,Yes
8988,Delhi,52,Female,Graduate,Student,Employed,401694,33474,7,Rural,No,No,Yes
8989,Maharashtra,37,Male,Secondary,Unemployed,Student,343628,28635,3,Rural,No,No,Yes
8990,Rajasthan,52,Male,Primary,Student,Employed,323526,26960,6,Urban,No,No,No
8991,Tamil Nadu,27,Female,Higher Secondary,Labour,Employed,471873,39322,3,Urban,Yes,Yes,No
8992,West Bengal,18,Male,Higher Secondary,Healthcare,Employed,484077,40339,1,Urban,Yes,Yes,Yes
8993,Gujarat,47,Female,Secondary,Engineer,Student,177190,14765,1,Urban,Yes,No,No
8994,Haryana,50,Male,Higher Secondary,Business,Unemployed,74009,6167,5,Rural,Yes,No,Yes
8995,Haryana,38,Male,Graduate,Private,Student,540520,45043,5,Rural,Yes,Yes,Yes
8996,Punjab,61,Male,Graduate,Business,Employed,703977,58664,3,Rural,Yes,No,Yes
8997,Uttar Pradesh,78,Male,Postgraduate,Labour,Employed,679997,56666,5,Rural,No,Yes,No
8998,Haryana,55,Male,Postgraduate,Engineer,Self-employed,401107,33425,6,Rural,No,No,No
8999,West Bengal,77,Female,Primary,Government,Unemployed,242838,20236,4,Rural,Yes,No,Yes
9000,Rajasthan,67,Male,Postgraduate,Farmer,Self-employed,604796,50399,1,Rural,Yes,No,No
9001,West Bengal,41,Male,Primary,Government,Employed,724525,60377,1,Urban,No,Yes,Yes
9002,Gujarat,62,Female,Higher Secondary,Farmer,Employed,82553,6879,8,Urban,Yes,No,Yes
9003,Delhi,21,Female,Secondary,Engineer,Employed,807699,67308,8,Urban,Yes,No,No
9004,West Bengal,39,Male,Secondary,Government,Unemployed,414692,34557,2,Rural,No,No,No
9005,Punjab,27,Male,Secondary,Student,Self-employed,592350,49362,5,Urban,No,Yes,Yes
9006,Gujarat,61,Male,Higher Secondary,Unemployed,Unemployed,980184,81682,3,Urban,No,Yes,No
9007,Delhi,78,Male,Higher Secondary,Farmer,Student,569524,47460,1,Urban,Yes,No,Yes
9008,Uttar Pradesh,68,Female,Postgraduate,Government,Unemployed,801462,66788,7,Urban,Yes,No,No
9009,Gujarat,21,Female,Graduate,Farmer,Student,641393,53449,3,Rural,No,No,Yes
9010,Maharashtra,50,Female,Higher Secondary,Teacher,Unemployed,256050,21337,1,Urban,Yes,No,Yes
9011,Uttar Pradesh,37,Male,Secondary,Unemployed,Employed,505598,42133,5,Rural,No,No,Yes
9012,Gujarat,41,Male,Primary,Farmer,Unemployed,603042,50253,1,Rural,Yes,Yes,Yes
9013,Uttar Pradesh,22,Female,Primary,Teacher,Employed,403549,33629,1,Urban,Yes,Yes,Yes
9014,Delhi,31,Male,Postgraduate,Government,Self-employed,509408,42450,6,Urban,No,No,Yes
9015,Karnataka,67,Male,Graduate,Private,Employed,410724,34227,8,Rural,No,Yes,Yes
9016,Tamil Nadu,58,Male,Higher Secondary,Farmer,Unemployed,447090,37257,2,Rural,No,Yes,Yes
9017,Maharashtra,63,Male,Postgraduate,Engineer,Unemployed,749911,62492,4,Rural,No,Yes,No
9018,Rajasthan,79,Male,Graduate,Teacher,Employed,122335,10194,5,Rural,Yes,Yes,Yes
9019,Rajasthan,22,Male,Graduate,Government,Student,280865,23405,8,Rural,No,Yes,Yes
9020,Gujarat,45,Male,Postgraduate,Government,Unemployed,293643,24470,6,Urban,Yes,No,No
9021,Gujarat,29,Female,Primary,Unemployed,Self-employed,650845,54237,6,Urban,No,Yes,Yes
9022,Karnataka,76,Male,Postgraduate,Healthcare,Student,534427,44535,7,Urban,No,Yes,Yes
9023,Tamil Nadu,68,Female,Secondary,Government,Self-employed,60000,5000,2,Rural,No,Yes,No
9024,West Bengal,73,Female,Secondary,Business,Unemployed,807783,67315,1,Rural,No,Yes,No
9025,Delhi,25,Female,Higher Secondary,Business,Student,633015,52751,4,Rural,Yes,Yes,No
9026,Punjab,26,Female,Graduate,Engineer,Unemployed,751007,62583,7,Urban,Yes,Yes,Yes
9027,Gujarat,28,Male,Secondary,Farmer,Employed,875540,72961,1,Urban,Yes,No,No
9028,Punjab,48,Male,Postgraduate,Labour,Unemployed,610898,50908,5,Rural,Yes,Yes,Yes
9029,Tamil Nadu,28,Male,Postgraduate,Student,Student,477724,39810,2,Urban,No,No,No
9030,Karnataka,45,Male,Higher Secondary,Farmer,Employed,693718,57809,6,Rural,Yes,Yes,No
9031,Rajasthan,18,Female,Graduate,Teacher,Student,323116,26926,7,Rural,No,No,Yes
9032,Gujarat,51,Female,Higher Secondary,Teacher,Unemployed,455781,37981,2,Rural,Yes,No,No
9033,Haryana,73,Female,Primary,Engineer,Self-employed,315483,26290,4,Urban,Yes,Yes,Yes
9034,Uttar Pradesh,53,Male,Higher Secondary,Student,Student,441821,36818,7,Urban,Yes,No,No
9035,Delhi,23,Male,Graduate,Private,Student,646790,53899,4,Urban,No,No,No
9036,Punjab,22,Male,Primary,Private,Student,60000,5000,7,Urban,Yes,Yes,No
9037,Tamil Nadu,29,Female,Postgraduate,Teacher,Unemployed,501294,41774,1,Urban,No,No,Yes
9038,Rajasthan,71,Female,Postgraduate,Teacher,Student,533522,44460,4,Urban,No,No,Yes
9039,Gujarat,75,Female,Primary,Farmer,Unemployed,732306,61025,6,Urban,No,Yes,No
9040,Haryana,65,Female,Postgraduate,Farmer,Unemployed,601833,50152,8,Urban,Yes,Yes,No
9041,Haryana,72,Male,Graduate,Business,Self-employed,591758,49313,5,Rural,No,Yes,No
9042,Delhi,24,Female,Secondary,Student,Student,393916,32826,6,Rural,Yes,No,No
9043,Maharashtra,31,Male,Secondary,Farmer,Unemployed,798130,66510,2,Rural,No,Yes,No
9044,Punjab,39,Male,Higher Secondary,Government,Unemployed,170971,14247,8,Rural,Yes,Yes,Yes
9045,West Bengal,79,Female,Primary,Private,Self-employed,303053,25254,6,Rural,Yes,Yes,No
9046,Tamil Nadu,30,Male,Postgraduate,Business,Employed,318851,26570,6,Urban,No,Yes,No
9047,Karnataka,31,Male,Higher Secondary,Business,Employed,274423,22868,4,Urban,Yes,Yes,No
9048,Uttar Pradesh,80,Male,Higher Secondary,Teacher,Employed,720566,60047,7,Rural,Yes,Yes,Yes
9049,Maharashtra,27,Female,Graduate,Government,Self-employed,532126,44343,7,Rural,No,No,No
9050,Punjab,30,Female,Graduate,Unemployed,Employed,253176,21098,2,Rural,Yes,Yes,Yes
9051,Punjab,36,Female,Secondary,Healthcare,Unemployed,816952,68079,1,Urban,Yes,Yes,Yes
9052,Gujarat,51,Male,Graduate,Teacher,Student,434280,36190,2,Rural,Yes,No,No
9053,Maharashtra,31,Male,Secondary,Private,Student,557253,46437,5,Urban,No,No,Yes
9054,Gujarat,49,Male,Secondary,Labour,Self-employed,611011,50917,8,Rural,No,No,No
9055,Gujarat,52,Male,Postgraduate,Engineer,Student,892449,74370,3,Urban,No,Yes,Yes
9056,West Bengal,24,Female,Higher Secondary,Engineer,Student,801634,66802,4,Rural,Yes,Yes,Yes
9057,West Bengal,20,Male,Secondary,Labour,Self-employed,525515,43792,6,Urban,No,Yes,No
9058,West Bengal,29,Male,Graduate,Private,Student,254077,21173,4,Rural,No,Yes,No
9059,Tamil Nadu,76,Male,Primary,Government,Unemployed,473754,39479,7,Urban,Yes,Yes,Yes
9060,Delhi,19,Female,Secondary,Private,Self-employed,379401,31616,4,Urban,No,Yes,Yes
9061,Tamil Nadu,29,Male,Higher Secondary,Farmer,Employed,755610,62967,1,Urban,No,No,Yes
9062,Rajasthan,49,Female,Secondary,Business,Employed,497190,41432,2,Urban,Yes,No,Yes
9063,Rajasthan,34,Female,Graduate,Student,Self-employed,283637,23636,4,Urban,Yes,No,No
9064,Punjab,25,Male,Higher Secondary,Healthcare,Employed,855357,71279,2,Urban,No,Yes,Yes
9065,Delhi,48,Female,Higher Secondary,Labour,Unemployed,346643,28886,2,Urban,No,No,No
9066,Punjab,58,Female,Graduate,Private,Student,636647,53053,1,Urban,Yes,No,No
9067,Tamil Nadu,18,Female,Graduate,Healthcare,Self-employed,82718,6893,2,Urban,Yes,Yes,No
9068,Delhi,60,Male,Primary,Engineer,Self-employed,312048,26004,3,Rural,Yes,No,No
9069,Uttar Pradesh,62,Male,Higher Secondary,Student,Student,474924,39577,5,Rural,No,Yes,No
9070,West Bengal,46,Male,Primary,Business,Student,795335,66277,6,Rural,No,Yes,Yes
9071,Punjab,62,Female,Postgraduate,Engineer,Student,577403,48116,7,Rural,Yes,No,No
9072,Maharashtra,30,Female,Postgraduate,Healthcare,Student,111679,9306,2,Urban,No,Yes,No
9073,Karnataka,19,Male,Higher Secondary,Business,Student,715876,59656,7,Rural,Yes,Yes,Yes
9074,Gujarat,33,Female,Graduate,Private,Student,487556,40629,1,Rural,Yes,Yes,No
9075,West Bengal,61,Female,Secondary,Teacher,Unemployed,498984,41582,7,Urban,No,No,Yes
9076,Delhi,80,Female,Primary,Government,Self-employed,625933,52161,2,Rural,Yes,No,Yes
9077,Tamil Nadu,35,Female,Higher Secondary,Farmer,Employed,690917,57576,5,Urban,No,Yes,Yes
9078,Haryana,38,Female,Higher Secondary,Government,Student,308998,25749,4,Rural,No,No,No
9079,Haryana,57,Male,Higher Secondary,Farmer,Employed,669110,55759,5,Urban,Yes,No,Yes
9080,Rajasthan,33,Female,Graduate,Business,Employed,446558,37213,3,Urban,Yes,No,No
9081,Punjab,68,Female,Postgraduate,Business,Student,696024,58002,4,Rural,Yes,Yes,Yes
9082,Punjab,40,Female,Postgraduate,Engineer,Student,525738,43811,2,Urban,Yes,No,Yes
9083,Delhi,56,Male,Postgraduate,Business,Employed,346694,28891,8,Rural,Yes,Yes,No
9084,Tamil Nadu,61,Male,Postgraduate,Farmer,Employed,400924,33410,5,Urban,No,Yes,Yes
9085,Haryana,23,Female,Higher Secondary,Teacher,Employed,775607,64633,8,Rural,Yes,No,Yes
9086,Gujarat,39,Female,Higher Secondary,Farmer,Unemployed,302640,25220,2,Urban,Yes,Yes,Yes
9087,Maharashtra,79,Female,Secondary,Labour,Student,674205,56183,7,Urban,Yes,No,Yes
9088,Rajasthan,53,Male,Primary,Teacher,Unemployed,424668,35389,4,Urban,Yes,Yes,Yes
9089,Haryana,53,Male,Primary,Government,Employed,802963,66913,6,Urban,Yes,Yes,No
9090,Punjab,34,Female,Graduate,Private,Student,888411,74034,2,Urban,Yes,Yes,Yes
9091,Gujarat,39,Female,Higher Secondary,Business,Unemployed,270963,22580,1,Rural,No,No,Yes
9092,Karnataka,22,Female,Primary,Farmer,Self-employed,417105,34758,8,Urban,Yes,No,Yes
9093,West Bengal,75,Male,Postgraduate,Engineer,Employed,112869,9405,5,Urban,Yes,No,No
9094,Uttar Pradesh,69,Male,Secondary,Farmer,Self-employed,536836,44736,1,Rural,Yes,No,No
9095,West Bengal,62,Male,Postgraduate,Government,Employed,545671,45472,7,Rural,No,Yes,No
9096,Punjab,43,Female,Graduate,Labour,Student,418056,34838,1,Urban,No,No,Yes
9097,Delhi,60,Male,Graduate,Engineer,Unemployed,344464,28705,4,Rural,Yes,No,Yes
9098,West Bengal,28,Male,Primary,Government,Self-employed,436619,36384,2,Rural,No,Yes,No
9099,Rajasthan,25,Female,Graduate,Unemployed,Self-employed,812658,67721,1,Rural,No,No,Yes
9100,West Bengal,65,Male,Higher Secondary,Engineer,Self-employed,334287,27857,6,Rural,No,No,No
9101,Gujarat,34,Female,Higher Secondary,Unemployed,Self-employed,194647,16220,7,Rural,Yes,Yes,Yes
9102,Uttar Pradesh,60,Female,Postgraduate,Teacher,Employed,85338,7111,5,Urban,No,No,Yes
9103,Haryana,24,Female,Secondary,Teacher,Unemployed,518423,43201,2,Rural,No,No,No
9104,Punjab,73,Male,Secondary,Private,Self-employed,688925,57410,6,Urban,Yes,Yes,Yes
9105,Uttar Pradesh,70,Male,Secondary,Teacher,Student,352265,29355,2,Urban,Yes,Yes,No
9106,West Bengal,63,Male,Primary,Engineer,Self-employed,573091,47757,6,Urban,No,Yes,Yes
9107,Karnataka,51,Female,Postgraduate,Government,Student,727455,60621,8,Urban,No,Yes,No
9108,Karnataka,41,Female,Secondary,Business,Self-employed,275322,22943,8,Urban,Yes,No,No
9109,Rajasthan,28,Female,Primary,Farmer,Employed,172719,14393,7,Rural,No,Yes,Yes
9110,Tamil Nadu,26,Male,Graduate,Labour,Self-employed,539021,44918,4,Urban,No,Yes,Yes
9111,Punjab,75,Female,Primary,Healthcare,Unemployed,661090,55090,5,Urban,Yes,Yes,No
9112,Uttar Pradesh,54,Female,Secondary,Unemployed,Employed,649013,54084,4,Urban,Yes,Yes,Yes
9113,West Bengal,25,Female,Secondary,Business,Self-employed,501388,41782,4,Rural,Yes,No,No
9114,Gujarat,48,Male,Higher Secondary,Student,Student,60000,5000,8,Rural,Yes,Yes,No
9115,Uttar Pradesh,24,Male,Graduate,Student,Unemployed,157127,13093,1,Urban,Yes,Yes,Yes
9116,Karnataka,53,Male,Primary,Private,Self-employed,72200,6016,3,Rural,No,Yes,Yes
9117,West Bengal,26,Male,Primary,Unemployed,Unemployed,319984,26665,3,Rural,Yes,Yes,Yes
9118,Delhi,22,Female,Secondary,Teacher,Unemployed,535065,44588,7,Rural,No,No,Yes
9119,Rajasthan,36,Male,Higher Secondary,Private,Student,469460,39121,7,Urban,No,Yes,Yes
9120,Gujarat,39,Female,Higher Secondary,Healthcare,Unemployed,352171,29347,3,Rural,No,Yes,Yes
9121,Tamil Nadu,28,Female,Graduate,Farmer,Employed,509513,42459,5,Urban,No,No,Yes
9122,Punjab,74,Female,Primary,Healthcare,Employed,370468,30872,2,Urban,No,No,No
9123,Karnataka,76,Male,Higher Secondary,Teacher,Unemployed,220517,18376,4,Urban,Yes,Yes,Yes
9124,Tamil Nadu,54,Female,Postgraduate,Farmer,Student,461445,38453,2,Urban,No,No,Yes
9125,West Bengal,27,Male,Higher Secondary,Healthcare,Employed,316924,26410,6,Rural,No,Yes,Yes
9126,Karnataka,51,Female,Postgraduate,Business,Self-employed,509001,42416,4,Urban,No,No,No
9127,Gujarat,27,Male,Postgraduate,Teacher,Self-employed,836061,69671,8,Urban,Yes,Yes,No
9128,Maharashtra,31,Female,Higher Secondary,Labour,Unemployed,906868,75572,2,Urban,No,No,No
9129,Gujarat,49,Female,Higher Secondary,Business,Employed,996020,83001,4,Urban,No,No,Yes
9130,Delhi,73,Male,Secondary,Labour,Employed,746868,62239,2,Rural,Yes,Yes,No
9131,Rajasthan,22,Female,Graduate,Unemployed,Self-employed,575556,47963,1,Rural,Yes,No,Yes
9132,West Bengal,45,Male,Secondary,Engineer,Student,231110,19259,2,Urban,Yes,No,Yes
9133,Haryana,41,Female,Graduate,Private,Self-employed,457979,38164,4,Urban,Yes,Yes,Yes
9134,Rajasthan,45,Male,Higher Secondary,Farmer,Unemployed,439245,36603,7,Rural,No,No,Yes
9135,Rajasthan,47,Female,Postgraduate,Teacher,Unemployed,190506,15875,2,Urban,No,Yes,Yes
9136,Delhi,33,Male,Secondary,Private,Student,142986,11915,8,Rural,Yes,Yes,Yes
9137,West Bengal,58,Female,Higher Secondary,Engineer,Unemployed,536233,44686,5,Urban,Yes,Yes,Yes
9138,Rajasthan,74,Male,Higher Secondary,Student,Employed,335394,27949,6,Rural,No,Yes,Yes
9139,Haryana,53,Female,Higher Secondary,Labour,Self-employed,565432,47119,3,Rural,No,Yes,Yes
9140,Karnataka,25,Male,Graduate,Farmer,Unemployed,112356,9363,7,Urban,No,No,No
9141,Gujarat,67,Male,Higher Secondary,Business,Student,512250,42687,1,Urban,Yes,Yes,No
9142,Delhi,65,Male,Postgraduate,Private,Unemployed,611937,50994,3,Rural,No,Yes,Yes
9143,Punjab,39,Male,Higher Secondary,Business,Student,817155,68096,7,Rural,No,No,Yes
9144,Gujarat,38,Female,Secondary,Labour,Student,60000,5000,3,Urban,Yes,Yes,No
9145,Gujarat,77,Male,Postgraduate,Unemployed,Student,638956,53246,1,Urban,Yes,No,Yes
9146,West Bengal,70,Male,Primary,Labour,Employed,740392,61699,2,Urban,No,No,Yes
9147,Haryana,23,Female,Higher Secondary,Labour,Self-employed,743831,61985,5,Rural,Yes,Yes,No
9148,Punjab,55,Female,Higher Secondary,Labour,Student,60000,5000,1,Urban,No,No,No
9149,Delhi,20,Female,Graduate,Engineer,Student,458641,38220,2,Rural,No,No,No
9150,Punjab,39,Female,Higher Secondary,Government,Student,718343,59861,8,Rural,No,No,No
9151,Maharashtra,66,Female,Primary,Teacher,Student,542172,45181,8,Urban,Yes,Yes,No
9152,Gujarat,19,Male,Postgraduate,Student,Unemployed,701617,58468,2,Urban,No,Yes,No
9153,Delhi,55,Male,Secondary,Student,Employed,645277,53773,1,Rural,Yes,Yes,Yes
9154,Tamil Nadu,29,Female,Graduate,Business,Unemployed,374038,31169,2,Urban,No,Yes,Yes
9155,Maharashtra,66,Male,Postgraduate,Farmer,Employed,125146,10428,5,Urban,No,Yes,Yes
9156,Delhi,19,Male,Postgraduate,Labour,Unemployed,845672,70472,5,Rural,Yes,No,Yes
9157,Maharashtra,25,Female,Secondary,Labour,Self-employed,729897,60824,2,Urban,No,Yes,Yes
9158,Uttar Pradesh,34,Male,Graduate,Government,Self-employed,717536,59794,1,Rural,Yes,No,Yes
9159,Rajasthan,68,Male,Postgraduate,Farmer,Self-employed,673981,56165,8,Rural,Yes,Yes,Yes
9160,Punjab,33,Female,Secondary,Government,Student,314791,26232,3,Rural,No,Yes,No
9161,Maharashtra,41,Female,Higher Secondary,Unemployed,Unemployed,165948,13829,8,Rural,Yes,Yes,Yes
9162,Maharashtra,76,Male,Primary,Business,Unemployed,477908,39825,1,Urban,Yes,No,Yes
9163,Karnataka,19,Female,Higher Secondary,Engineer,Student,707608,58967,3,Rural,Yes,Yes,Yes
9164,Uttar Pradesh,45,Female,Secondary,Business,Student,158803,13233,5,Urban,No,Yes,Yes
9165,Maharashtra,60,Male,Graduate,Private,Student,182029,15169,4,Urban,Yes,Yes,Yes
9166,Karnataka,40,Male,Graduate,Engineer,Employed,614535,51211,2,Urban,Yes,No,Yes
9167,Tamil Nadu,40,Female,Higher Secondary,Healthcare,Unemployed,605648,50470,7,Rural,No,Yes,Yes
9168,Rajasthan,76,Female,Secondary,Unemployed,Self-employed,404297,33691,6,Urban,Yes,Yes,No
9169,Delhi,38,Male,Higher Secondary,Engineer,Self-employed,401672,33472,8,Urban,Yes,Yes,Yes
9170,Gujarat,30,Male,Graduate,Healthcare,Employed,404347,33695,5,Urban,No,Yes,Yes
9171,Haryana,44,Male,Secondary,Labour,Employed,1072894,89407,3,Rural,Yes,Yes,Yes
9172,Karnataka,40,Female,Graduate,Labour,Student,535960,44663,4,Urban,No,No,No
9173,Tamil Nadu,37,Male,Higher Secondary,Labour,Unemployed,653961,54496,3,Rural,Yes,No,No
9174,Rajasthan,58,Female,Higher Secondary,Business,Self-employed,531812,44317,2,Urban,Yes,Yes,No
9175,Uttar Pradesh,46,Male,Graduate,Engineer,Employed,725923,60493,5,Urban,No,No,No
9176,West Bengal,60,Female,Graduate,Government,Unemployed,298916,24909,2,Rural,No,Yes,Yes
9177,Rajasthan,70,Female,Postgraduate,Private,Student,471977,39331,5,Rural,No,No,No
9178,Maharashtra,76,Female,Postgraduate,Farmer,Employed,305359,25446,3,Urban,Yes,No,Yes
9179,West Bengal,74,Male,Graduate,Farmer,Employed,518799,43233,6,Rural,No,Yes,Yes
9180,Punjab,62,Female,Graduate,Private,Student,742568,61880,6,Rural,No,No,Yes
9181,Punjab,57,Male,Higher Secondary,Unemployed,Unemployed,590958,49246,7,Rural,Yes,No,No
9182,West Bengal,22,Male,Postgraduate,Unemployed,Unemployed,276417,23034,5,Urban,Yes,Yes,No
9183,West Bengal,75,Male,Higher Secondary,Government,Employed,335624,27968,5,Urban,Yes,No,Yes
9184,Punjab,65,Male,Primary,Business,Student,513683,42806,8,Urban,No,Yes,Yes
9185,Gujarat,67,Female,Higher Secondary,Private,Self-employed,236667,19722,3,Rural,Yes,Yes,No
9186,Uttar Pradesh,74,Male,Primary,Business,Unemployed,628616,52384,2,Rural,No,No,No
9187,Uttar Pradesh,20,Male,Postgraduate,Business,Employed,824537,68711,6,Rural,No,Yes,No
9188,Uttar Pradesh,36,Male,Higher Secondary,Teacher,Self-employed,600750,50062,1,Rural,No,Yes,Yes
9189,Tamil Nadu,54,Female,Primary,Unemployed,Student,563359,46946,4,Urban,No,Yes,No
9190,Rajasthan,61,Male,Primary,Labour,Student,406579,33881,2,Rural,Yes,No,Yes
9191,Rajasthan,61,Female,Graduate,Private,Student,182028,15169,5,Rural,No,No,No
9192,Uttar Pradesh,57,Male,Graduate,Labour,Employed,305017,25418,6,Urban,Yes,Yes,Yes
9193,West Bengal,29,Male,Postgraduate,Engineer,Employed,469101,39091,7,Urban,Yes,No,Yes
9194,Haryana,26,Female,Higher Secondary,Private,Employed,668005,55667,5,Urban,Yes,No,No
9195,Punjab,40,Male,Graduate,Private,Unemployed,315638,26303,6,Rural,No,Yes,No
9196,Punjab,39,Female,Higher Secondary,Student,Employed,481657,40138,1,Rural,Yes,No,Yes
9197,Uttar Pradesh,67,Female,Primary,Unemployed,Employed,293228,24435,8,Urban,No,Yes,No
9198,West Bengal,66,Female,Graduate,Healthcare,Employed,332602,27716,6,Urban,Yes,No,Yes
9199,Karnataka,28,Male,Higher Secondary,Government,Employed,274797,22899,2,Rural,Yes,No,Yes
9200,Gujarat,28,Female,Higher Secondary,Student,Self-employed,532713,44392,7,Rural,No,No,Yes
9201,West Bengal,24,Male,Graduate,Business,Employed,60000,5000,7,Rural,Yes,No,No
9202,Uttar Pradesh,18,Female,Primary,Healthcare,Employed,540974,45081,7,Urban,Yes,Yes,Yes
9203,Punjab,55,Female,Graduate,Private,Student,525093,43757,4,Rural,No,Yes,Yes
9204,Haryana,34,Female,Postgraduate,Labour,Unemployed,277195,23099,8,Rural,No,Yes,Yes
9205,Delhi,30,Male,Postgraduate,Government,Self-employed,905100,75425,1,Rural,Yes,Yes,No
9206,Uttar Pradesh,53,Female,Higher Secondary,Farmer,Employed,619477,51623,6,Urban,Yes,Yes,No
9207,West Bengal,75,Male,Primary,Business,Employed,950720,79226,5,Urban,Yes,Yes,No
9208,Maharashtra,43,Male,Graduate,Labour,Student,486748,40562,5,Urban,Yes,No,No
9209,Haryana,41,Female,Secondary,Engineer,Employed,537894,44824,3,Urban,No,No,Yes
9210,Maharashtra,75,Female,Graduate,Government,Unemployed,397281,33106,5,Urban,No,No,No
9211,Uttar Pradesh,19,Male,Secondary,Business,Student,294534,24544,6,Rural,Yes,No,No
9212,Delhi,72,Female,Higher Secondary,Government,Employed,922856,76904,8,Urban,Yes,No,No
9213,Punjab,32,Female,Primary,Healthcare,Student,1104941,92078,6,Rural,No,Yes,Yes
9214,West Bengal,35,Female,Primary,Healthcare,Self-employed,155625,12968,8,Urban,No,No,No
9215,Maharashtra,53,Female,Postgraduate,Unemployed,Self-employed,319817,26651,1,Rural,Yes,No,No
9216,Uttar Pradesh,65,Male,Higher Secondary,Healthcare,Self-employed,749594,62466,8,Rural,No,Yes,No
9217,Punjab,62,Male,Higher Secondary,Government,Self-employed,644907,53742,3,Rural,Yes,No,No
9218,West Bengal,56,Male,Primary,Business,Employed,427917,35659,7,Urban,Yes,No,No
9219,Uttar Pradesh,59,Male,Primary,Engineer,Unemployed,332427,27702,8,Rural,Yes,No,Yes
9220,Karnataka,67,Female,Postgraduate,Labour,Unemployed,653688,54474,3,Urban,No,No,No
9221,Uttar Pradesh,24,Female,Graduate,Teacher,Self-employed,482367,40197,1,Rural,No,No,No
9222,Haryana,76,Female,Higher Secondary,Business,Unemployed,546490,45540,4,Rural,Yes,Yes,Yes
9223,Delhi,77,Male,Higher Secondary,Farmer,Self-employed,627245,52270,5,Urban,Yes,Yes,No
9224,Haryana,66,Female,Primary,Unemployed,Student,413593,34466,8,Rural,No,Yes,Yes
9225,Rajasthan,73,Female,Higher Secondary,Unemployed,Unemployed,871410,72617,4,Urban,No,Yes,Yes
9226,Uttar Pradesh,56,Male,Higher Secondary,Labour,Self-employed,77869,6489,4,Rural,Yes,No,Yes
9227,Rajasthan,58,Female,Primary,Engineer,Self-employed,731241,60936,7,Urban,Yes,No,Yes
9228,Rajasthan,19,Female,Postgraduate,Engineer,Student,352252,29354,3,Urban,No,Yes,Yes
9229,Haryana,40,Female,Postgraduate,Labour,Student,173932,14494,6,Rural,No,No,Yes
9230,Rajasthan,80,Male,Higher Secondary,Labour,Unemployed,612225,51018,6,Rural,Yes,No,Yes
9231,Tamil Nadu,60,Male,Postgraduate,Private,Employed,967759,80646,5,Rural,Yes,No,No
9232,Gujarat,23,Female,Postgraduate,Private,Self-employed,329000,27416,1,Urban,Yes,Yes,Yes
9233,Haryana,39,Female,Higher Secondary,Engineer,Student,867682,72306,8,Rural,No,No,Yes
9234,Tamil Nadu,77,Female,Graduate,Farmer,Student,454057,37838,2,Rural,Yes,No,Yes
9235,Punjab,70,Female,Graduate,Teacher,Student,359730,29977,7,Urban,Yes,Yes,No
9236,Punjab,53,Female,Secondary,Private,Self-employed,969847,80820,1,Rural,Yes,No,Yes
9237,Rajasthan,64,Female,Higher Secondary,Healthcare,Unemployed,1002780,83565,2,Urban,Yes,Yes,Yes
9238,Gujarat,28,Female,Secondary,Private,Student,403086,33590,7,Urban,No,No,Yes
9239,Uttar Pradesh,37,Female,Secondary,Student,Self-employed,713247,59437,6,Urban,No,No,No
9240,Maharashtra,23,Female,Postgraduate,Government,Unemployed,307225,25602,6,Rural,No,Yes,Yes
9241,Gujarat,57,Female,Higher Secondary,Engineer,Self-employed,395547,32962,4,Urban,No,No,Yes
9242,Tamil Nadu,77,Female,Graduate,Private,Unemployed,234637,19553,8,Rural,No,Yes,No
9243,Haryana,33,Male,Higher Secondary,Labour,Employed,706640,58886,6,Rural,No,No,No
9244,Haryana,28,Male,Primary,Student,Unemployed,254013,21167,5,Urban,Yes,No,Yes
9245,Gujarat,63,Male,Graduate,Healthcare,Self-employed,723104,60258,3,Rural,No,No,No
9246,Punjab,75,Female,Postgraduate,Engineer,Unemployed,437010,36417,6,Urban,Yes,No,No
9247,Tamil Nadu,78,Male,Primary,Private,Self-employed,303595,25299,7,Urban,No,No,No
9248,West Bengal,40,Male,Primary,Government,Self-employed,302025,25168,2,Urban,No,No,Yes
9249,West Bengal,50,Male,Primary,Unemployed,Employed,1060522,88376,7,Urban,No,Yes,No
9250,Uttar Pradesh,22,Female,Graduate,Private,Student,369384,30782,4,Urban,No,No,No
9251,Maharashtra,35,Female,Graduate,Private,Employed,335593,27966,2,Urban,No,No,Yes
9252,Gujarat,25,Female,Primary,Unemployed,Unemployed,507885,42323,7,Urban,Yes,No,Yes
9253,West Bengal,44,Male,Postgraduate,Farmer,Unemployed,809084,67423,6,Rural,No,No,No
9254,Maharashtra,22,Female,Postgraduate,Business,Self-employed,312529,26044,2,Urban,Yes,No,Yes
9255,Karnataka,74,Female,Graduate,Farmer,Student,833805,69483,1,Rural,No,Yes,Yes
9256,Gujarat,38,Female,Higher Secondary,Healthcare,Unemployed,265461,22121,8,Rural,No,Yes,No
9257,Maharashtra,21,Female,Secondary,Private,Self-employed,741591,61799,5,Urban,Yes,No,Yes
9258,Tamil Nadu,50,Female,Higher Secondary,Farmer,Student,162391,13532,6,Urban,Yes,No,No
9259,Rajasthan,37,Female,Primary,Farmer,Self-employed,737889,61490,2,Rural,No,Yes,No
9260,Delhi,57,Male,Postgraduate,Engineer,Employed,203835,16986,2,Urban,Yes,Yes,Yes
9261,Rajasthan,64,Male,Postgraduate,Student,Unemployed,491667,40972,6,Urban,Yes,No,No
9262,Uttar Pradesh,70,Male,Graduate,Government,Self-employed,334030,27835,2,Urban,Yes,Yes,Yes
9263,Punjab,45,Male,Postgraduate,Teacher,Self-employed,704549,58712,1,Urban,Yes,No,No
9264,Maharashtra,21,Male,Graduate,Government,Self-employed,536120,44676,6,Rural,No,No,Yes
9265,Gujarat,47,Female,Graduate,Government,Unemployed,670297,55858,3,Rural,Yes,Yes,Yes
9266,Punjab,50,Female,Postgraduate,Labour,Employed,60000,5000,8,Urban,No,No,Yes
9267,Maharashtra,73,Male,Primary,Business,Employed,772921,64410,4,Urban,No,Yes,Yes
9268,West Bengal,48,Male,Primary,Healthcare,Employed,761382,63448,6,Rural,Yes,No,Yes
9269,Tamil Nadu,65,Male,Primary,Farmer,Unemployed,499582,41631,8,Rural,No,Yes,No
9270,Uttar Pradesh,63,Male,Graduate,Farmer,Self-employed,356725,29727,5,Rural,No,No,Yes
9271,Tamil Nadu,21,Male,Primary,Government,Employed,527269,43939,8,Rural,Yes,Yes,No
9272,Karnataka,41,Male,Primary,Teacher,Employed,710858,59238,1,Urban,Yes,Yes,Yes
9273,Gujarat,57,Male,Higher Secondary,Labour,Employed,147748,12312,8,Urban,Yes,No,Yes
9274,Karnataka,47,Male,Primary,Unemployed,Unemployed,848877,70739,3,Urban,No,Yes,No
9275,Haryana,60,Male,Primary,Labour,Student,676454,56371,1,Rural,Yes,Yes,No
9276,Delhi,79,Male,Secondary,Engineer,Self-employed,325152,27096,4,Urban,Yes,No,No
9277,Tamil Nadu,42,Female,Primary,Government,Self-employed,396168,33014,8,Urban,No,No,No
9278,Maharashtra,52,Male,Higher Secondary,Engineer,Employed,358389,29865,4,Rural,No,Yes,Yes
9279,Uttar Pradesh,63,Male,Graduate,Teacher,Unemployed,594153,49512,1,Rural,No,No,No
9280,Haryana,28,Female,Primary,Farmer,Self-employed,230339,19194,5,Rural,Yes,Yes,Yes
9281,Rajasthan,34,Female,Graduate,Student,Student,661813,55151,3,Urban,No,Yes,No
9282,Delhi,29,Male,Primary,Farmer,Self-employed,549961,45830,8,Urban,No,No,Yes
9283,Karnataka,44,Female,Graduate,Unemployed,Self-employed,196020,16335,7,Rural,No,No,No
9284,Punjab,26,Female,Graduate,Engineer,Unemployed,501559,41796,8,Rural,Yes,Yes,Yes
9285,Tamil Nadu,74,Female,Secondary,Healthcare,Unemployed,218944,18245,2,Urban,Yes,Yes,No
9286,Delhi,18,Male,Primary,Student,Employed,410612,34217,4,Rural,Yes,Yes,Yes
9287,Rajasthan,56,Male,Higher Secondary,Farmer,Self-employed,823886,68657,6,Rural,No,Yes,Yes
9288,Haryana,42,Female,Primary,Engineer,Unemployed,782727,65227,5,Rural,Yes,Yes,Yes
9289,Delhi,31,Female,Graduate,Farmer,Student,576267,48022,1,Rural,No,No,No
9290,Tamil Nadu,74,Female,Graduate,Student,Unemployed,589319,49109,8,Urban,Yes,Yes,Yes
9291,Punjab,32,Male,Graduate,Labour,Unemployed,519164,43263,7,Rural,No,No,No
9292,Tamil Nadu,35,Male,Postgraduate,Engineer,Self-employed,453430,37785,3,Urban,No,No,No
9293,West Bengal,77,Male,Primary,Student,Employed,255181,21265,5,Urban,No,No,Yes
9294,Delhi,76,Female,Higher Secondary,Farmer,Student,60000,5000,4,Rural,Yes,No,Yes
9295,Rajasthan,75,Female,Postgraduate,Private,Student,794632,66219,3,Rural,Yes,No,No
9296,Uttar Pradesh,77,Male,Postgraduate,Labour,Employed,983206,81933,7,Urban,Yes,No,Yes
9297,Delhi,78,Male,Primary,Healthcare,Employed,322473,26872,4,Rural,No,No,No
9298,Maharashtra,43,Female,Higher Secondary,Business,Unemployed,60000,5000,3,Rural,Yes,No,No
9299,Karnataka,73,Female,Secondary,Student,Unemployed,799742,66645,3,Rural,No,No,Yes
9300,Uttar Pradesh,49,Female,Secondary,Government,Student,682844,56903,4,Rural,No,Yes,No
9301,Gujarat,69,Male,Postgraduate,Unemployed,Student,721154,60096,8,Urban,Yes,Yes,Yes
9302,Rajasthan,46,Male,Higher Secondary,Student,Employed,401318,33443,8,Urban,Yes,Yes,No
9303,West Bengal,36,Female,Postgraduate,Business,Self-employed,321456,26788,8,Rural,No,Yes,No
9304,Gujarat,52,Female,Primary,Student,Student,714873,59572,7,Urban,Yes,Yes,Yes
9305,Karnataka,43,Male,Graduate,Labour,Employed,382231,31852,7,Urban,Yes,No,Yes
9306,Tamil Nadu,65,Male,Higher Secondary,Government,Student,401127,33427,7,Rural,No,Yes,Yes
9307,Tamil Nadu,41,Male,Postgraduate,Teacher,Self-employed,423104,35258,6,Rural,Yes,Yes,No
9308,Karnataka,47,Male,Postgraduate,Government,Employed,60000,5000,7,Rural,No,No,Yes
9309,Tamil Nadu,22,Female,Graduate,Teacher,Student,853998,71166,6,Rural,No,Yes,No
9310,Uttar Pradesh,31,Male,Postgraduate,Government,Employed,728407,60700,2,Urban,No,No,Yes
9311,Tamil Nadu,22,Female,Graduate,Business,Student,484510,40375,7,Urban,Yes,No,Yes
9312,Karnataka,41,Male,Higher Secondary,Government,Unemployed,128793,10732,3,Urban,Yes,Yes,No
9313,Tamil Nadu,23,Male,Postgraduate,Business,Unemployed,1004131,83677,7,Urban,Yes,No,No
9314,West Bengal,32,Female,Primary,Healthcare,Self-employed,364792,30399,2,Urban,No,No,No
9315,Uttar Pradesh,73,Male,Postgraduate,Labour,Self-employed,528095,44007,1,Urban,Yes,No,No
9316,Karnataka,28,Female,Graduate,Private,Employed,646664,53888,5,Rural,Yes,No,No
9317,West Bengal,36,Female,Primary,Private,Employed,892971,74414,3,Urban,No,Yes,Yes
9318,Maharashtra,68,Male,Graduate,Labour,Self-employed,1128329,94027,4,Rural,No,Yes,Yes
9319,Rajasthan,61,Male,Higher Secondary,Engineer,Student,789865,65822,5,Rural,Yes,No,Yes
9320,Maharashtra,62,Male,Higher Secondary,Teacher,Student,285995,23832,3,Rural,Yes,Yes,No
9321,Tamil Nadu,73,Female,Secondary,Business,Employed,497257,41438,8,Rural,Yes,No,Yes
9322,Rajasthan,54,Female,Graduate,Farmer,Self-employed,240768,20064,6,Urban,No,No,No
9323,Uttar Pradesh,18,Female,Primary,Labour,Self-employed,893937,74494,3,Rural,No,Yes,No
9324,Karnataka,27,Male,Graduate,Teacher,Unemployed,347609,28967,8,Urban,No,Yes,Yes
9325,Tamil Nadu,39,Male,Graduate,Labour,Unemployed,337420,28118,2,Rural,No,No,Yes
9326,Haryana,34,Female,Higher Secondary,Engineer,Unemployed,461182,38431,6,Urban,No,No,No
9327,Gujarat,41,Male,Higher Secondary,Farmer,Unemployed,700874,58406,8,Rural,No,No,Yes
9328,Punjab,59,Male,Primary,Private,Self-employed,296133,24677,6,Rural,Yes,No,Yes
9329,West Bengal,63,Female,Secondary,Business,Unemployed,360834,30069,7,Urban,Yes,No,No
9330,Uttar Pradesh,21,Female,Graduate,Farmer,Self-employed,291420,24285,5,Urban,No,No,No
9331,Gujarat,34,Female,Primary,Labour,Employed,573481,47790,1,Rural,No,No,Yes
9332,Rajasthan,32,Male,Secondary,Labour,Employed,979177,81598,8,Rural,Yes,Yes,Yes
9333,West Bengal,70,Female,Higher Secondary,Private,Self-employed,602745,50228,2,Urban,Yes,No,Yes
9334,Uttar Pradesh,41,Female,Graduate,Healthcare,Employed,593881,49490,4,Rural,Yes,No,No
9335,West Bengal,77,Male,Higher Secondary,Farmer,Student,660453,55037,6,Rural,No,Yes,No
9336,Haryana,67,Female,Higher Secondary,Private,Employed,672850,56070,6,Rural,Yes,No,Yes
9337,West Bengal,66,Female,Postgraduate,Teacher,Self-employed,463920,38660,1,Rural,Yes,Yes,Yes
9338,Delhi,38,Male,Postgraduate,Teacher,Unemployed,655378,54614,3,Urban,No,Yes,No
9339,Gujarat,59,Male,Higher Secondary,Healthcare,Student,354118,29509,7,Urban,No,No,Yes
9340,Gujarat,59,Female,Graduate,Engineer,Employed,530241,44186,4,Rural,No,Yes,No
9341,Gujarat,41,Male,Secondary,Labour,Unemployed,184254,15354,8,Rural,No,Yes,No
9342,Delhi,68,Male,Secondary,Engineer,Student,814422,67868,8,Rural,No,Yes,No
9343,Punjab,45,Female,Graduate,Farmer,Self-employed,723046,60253,8,Urban,Yes,No,No
9344,Rajasthan,18,Male,Postgraduate,Private,Employed,788296,65691,3,Rural,Yes,No,No
9345,Karnataka,64,Female,Secondary,Business,Self-employed,618330,51527,7,Rural,No,Yes,Yes
9346,Karnataka,32,Female,Higher Secondary,Student,Student,724712,60392,8,Rural,No,Yes,Yes
9347,Delhi,40,Female,Higher Secondary,Farmer,Employed,747369,62280,7,Rural,Yes,No,No
9348,Karnataka,45,Female,Higher Secondary,Engineer,Self-employed,644729,53727,4,Urban,No,Yes,Yes
9349,Maharashtra,31,Female,Higher Secondary,Government,Self-employed,674009,56167,1,Rural,No,No,No
9350,Rajasthan,79,Female,Higher Secondary,Labour,Self-employed,741960,61830,7,Rural,Yes,No,Yes
9351,Delhi,29,Male,Secondary,Healthcare,Employed,689171,57430,4,Urban,Yes,No,Yes
9352,Karnataka,44,Male,Secondary,Labour,Student,489312,40776,6,Rural,No,No,No
9353,Haryana,49,Female,Primary,Engineer,Self-employed,516930,43077,3,Rural,Yes,No,Yes
9354,Punjab,19,Male,Higher Secondary,Government,Self-employed,60000,5000,6,Urban,Yes,Yes,No
9355,Gujarat,25,Female,Secondary,Engineer,Self-employed,350412,29201,5,Urban,No,Yes,Yes
9356,Punjab,33,Female,Secondary,Unemployed,Employed,367774,30647,1,Rural,Yes,No,Yes
9357,Tamil Nadu,32,Female,Graduate,Government,Employed,546593,45549,2,Urban,Yes,No,Yes
9358,Karnataka,65,Male,Secondary,Teacher,Student,453625,37802,5,Urban,Yes,No,No
9359,Karnataka,45,Female,Graduate,Healthcare,Student,563200,46933,6,Rural,No,Yes,Yes
9360,Haryana,64,Female,Postgraduate,Business,Student,408755,34062,4,Urban,No,No,No
9361,Delhi,79,Male,Secondary,Unemployed,Student,1083510,90292,8,Rural,Yes,No,No
9362,Rajasthan,34,Male,Postgraduate,Healthcare,Student,140352,11696,5,Rural,Yes,No,Yes
9363,Karnataka,27,Female,Graduate,Engineer,Self-employed,426758,35563,8,Urban,No,No,No
9364,West Bengal,47,Female,Higher Secondary,Private,Self-employed,801734,66811,5,Urban,Yes,Yes,Yes
9365,Haryana,36,Male,Primary,Teacher,Self-employed,379175,31597,1,Rural,Yes,Yes,No
9366,Karnataka,40,Female,Graduate,Healthcare,Student,255179,21264,1,Rural,Yes,No,Yes
9367,West Bengal,47,Male,Postgraduate,Unemployed,Self-employed,233828,19485,1,Rural,No,Yes,Yes
9368,West Bengal,80,Male,Graduate,Labour,Employed,350337,29194,3,Rural,No,Yes,No
9369,Uttar Pradesh,46,Male,Postgraduate,Engineer,Student,496478,41373,5,Rural,Yes,Yes,No
9370,Maharashtra,51,Female,Postgraduate,Business,Self-employed,303546,25295,6,Rural,No,No,Yes
9371,Haryana,61,Male,Secondary,Government,Self-employed,260277,21689,5,Urban,Yes,Yes,Yes
9372,Delhi,46,Female,Postgraduate,Student,Unemployed,317383,26448,8,Rural,No,Yes,No
9373,West Bengal,60,Female,Higher Secondary,Unemployed,Student,317058,26421,6,Urban,Yes,No,Yes
9374,Rajasthan,21,Male,Graduate,Farmer,Self-employed,725168,60430,8,Rural,No,No,No
9375,Uttar Pradesh,20,Male,Graduate,Engineer,Unemployed,655818,54651,1,Urban,Yes,No,Yes
9376,Punjab,49,Male,Postgraduate,Private,Unemployed,386347,32195,3,Urban,Yes,Yes,Yes
9377,Maharashtra,63,Male,Secondary,Labour,Employed,468215,39017,1,Urban,Yes,No,Yes
9378,Rajasthan,80,Female,Graduate,Private,Student,730848,60904,3,Urban,No,Yes,Yes
9379,West Bengal,31,Male,Graduate,Business,Student,253114,21092,4,Rural,Yes,No,No
9380,Rajasthan,79,Female,Secondary,Engineer,Student,176393,14699,2,Rural,No,No,No
9381,West Bengal,37,Male,Higher Secondary,Teacher,Student,428048,35670,1,Urban,Yes,No,No
9382,Haryana,69,Female,Graduate,Business,Employed,422532,35211,8,Urban,No,No,No
9383,Gujarat,59,Male,Secondary,Unemployed,Unemployed,267044,22253,8,Rural,Yes,Yes,Yes
9384,Delhi,43,Female,Higher Secondary,Engineer,Student,595484,49623,2,Urban,Yes,Yes,Yes
9385,Rajasthan,73,Female,Higher Secondary,Government,Employed,821127,68427,6,Rural,No,Yes,No
9386,Rajasthan,48,Female,Graduate,Government,Self-employed,479480,39956,6,Rural,Yes,Yes,No
9387,Punjab,45,Female,Higher Secondary,Healthcare,Student,752157,62679,5,Urban,No,No,Yes
9388,Uttar Pradesh,51,Male,Graduate,Student,Student,434161,36180,2,Urban,Yes,Yes,No
9389,Delhi,46,Male,Secondary,Farmer,Student,320686,26723,2,Rural,No,Yes,Yes
9390,Punjab,38,Female,Primary,Healthcare,Unemployed,338379,28198,8,Urban,No,No,No
9391,Rajasthan,33,Female,Postgraduate,Unemployed,Unemployed,350969,29247,4,Rural,Yes,Yes,No
9392,Gujarat,26,Male,Higher Secondary,Private,Student,234142,19511,5,Urban,Yes,Yes,No
9393,Punjab,64,Male,Higher Secondary,Teacher,Employed,600763,50063,3,Rural,No,No,No
9394,Rajasthan,76,Male,Higher Secondary,Government,Self-employed,282023,23501,8,Rural,Yes,No,Yes
9395,Karnataka,47,Male,Secondary,Teacher,Student,494343,41195,1,Rural,Yes,No,No
9396,Uttar Pradesh,58,Female,Graduate,Student,Student,750497,62541,5,Urban,Yes,Yes,Yes
9397,Punjab,45,Female,Postgraduate,Farmer,Student,431943,35995,8,Rural,No,Yes,Yes
9398,Haryana,79,Female,Primary,Teacher,Employed,387987,32332,6,Urban,No,No,No
9399,West Bengal,38,Male,Graduate,Unemployed,Student,228842,19070,5,Urban,No,No,No
9400,Delhi,46,Male,Secondary,Labour,Employed,783024,65252,2,Urban,Yes,Yes,Yes
9401,Punjab,35,Female,Graduate,Healthcare,Student,478865,39905,1,Urban,Yes,No,Yes
9402,Uttar Pradesh,20,Female,Primary,Teacher,Student,563531,46960,6,Rural,No,No,No
9403,Gujarat,63,Male,Secondary,Student,Student,653374,54447,4,Rural,No,Yes,No
9404,Maharashtra,42,Male,Graduate,Business,Employed,724556,60379,8,Urban,Yes,Yes,No
9405,Haryana,79,Male,Secondary,Labour,Student,574077,47839,1,Urban,No,No,Yes
9406,Maharashtra,43,Female,Higher Secondary,Healthcare,Unemployed,365232,30436,5,Urban,No,Yes,No
9407,Tamil Nadu,30,Female,Graduate,Healthcare,Self-employed,405453,33787,1,Rural,No,No,No
9408,Haryana,24,Male,Secondary,Teacher,Employed,262951,21912,5,Rural,Yes,Yes,No
9409,West Bengal,37,Female,Postgraduate,Teacher,Student,686411,57200,7,Rural,No,Yes,No
9410,Maharashtra,39,Female,Graduate,Private,Employed,60000,5000,4,Urban,Yes,Yes,Yes
9411,Rajasthan,62,Female,Higher Secondary,Engineer,Employed,845023,70418,7,Urban,No,No,Yes
9412,Uttar Pradesh,75,Male,Postgraduate,Teacher,Employed,584878,48739,3,Urban,Yes,Yes,Yes
9413,Haryana,78,Male,Higher Secondary,Farmer,Student,645416,53784,4,Rural,Yes,No,Yes
9414,Haryana,20,Female,Postgraduate,Engineer,Self-employed,617902,51491,8,Rural,Yes,No,No
9415,Haryana,50,Male,Higher Secondary,Farmer,Student,408934,34077,1,Urban,No,No,Yes
9416,Tamil Nadu,72,Male,Primary,Healthcare,Unemployed,824325,68693,8,Urban,No,Yes,No
9417,West Bengal,25,Male,Secondary,Student,Unemployed,794805,66233,7,Rural,Yes,Yes,No
9418,Maharashtra,32,Male,Secondary,Engineer,Unemployed,834801,69566,7,Urban,Yes,Yes,Yes
9419,Rajasthan,25,Male,Secondary,Labour,Student,221834,18486,6,Rural,Yes,No,No
9420,Punjab,75,Female,Primary,Private,Student,479715,39976,4,Rural,No,No,Yes
9421,Delhi,25,Female,Graduate,Business,Self-employed,721541,60128,1,Rural,No,Yes,No
9422,Tamil Nadu,40,Female,Secondary,Private,Self-employed,497306,41442,7,Urban,Yes,Yes,No
9423,Punjab,36,Female,Graduate,Business,Employed,183920,15326,4,Urban,No,No,Yes
9424,Karnataka,51,Male,Graduate,Student,Unemployed,520986,43415,6,Rural,Yes,No,No
9425,Karnataka,77,Female,Graduate,Unemployed,Unemployed,588880,49073,2,Rural,Yes,Yes,Yes
9426,Uttar Pradesh,30,Female,Postgraduate,Healthcare,Student,339949,28329,6,Rural,Yes,No,No
9427,Punjab,79,Male,Postgraduate,Student,Employed,469939,39161,5,Urban,No,Yes,Yes
9428,Rajasthan,55,Male,Graduate,Business,Employed,603597,50299,2,Rural,Yes,Yes,No
9429,Uttar Pradesh,65,Male,Graduate,Engineer,Student,60000,5000,5,Rural,No,No,Yes
9430,Karnataka,68,Female,Graduate,Engineer,Student,515909,42992,7,Rural,Yes,No,Yes
9431,Maharashtra,42,Female,Graduate,Private,Self-employed,442792,36899,8,Rural,No,Yes,Yes
9432,Karnataka,34,Male,Higher Secondary,Unemployed,Employed,121056,10088,1,Urban,Yes,No,No
9433,Karnataka,75,Female,Postgraduate,Healthcare,Student,60000,5000,4,Urban,Yes,No,No
9434,Tamil Nadu,60,Male,Higher Secondary,Student,Self-employed,583600,48633,7,Rural,Yes,Yes,Yes
9435,Punjab,57,Male,Graduate,Labour,Self-employed,657653,54804,5,Urban,No,Yes,No
9436,Punjab,32,Female,Primary,Government,Student,474788,39565,3,Urban,Yes,No,Yes
9437,Rajasthan,22,Male,Primary,Teacher,Student,575347,47945,3,Rural,Yes,Yes,No
9438,Maharashtra,24,Female,Graduate,Teacher,Self-employed,60000,5000,5,Urban,Yes,No,No
9439,West Bengal,67,Female,Higher Secondary,Unemployed,Unemployed,723871,60322,6,Urban,Yes,No,Yes
9440,Gujarat,48,Male,Higher Secondary,Farmer,Self-employed,255564,21297,1,Urban,No,No,No
9441,Punjab,39,Female,Postgraduate,Private,Student,394947,32912,5,Rural,Yes,No,Yes
9442,Punjab,33,Male,Secondary,Student,Student,572663,47721,2,Rural,No,Yes,No
9443,Punjab,57,Female,Graduate,Business,Student,85086,7090,2,Rural,Yes,Yes,Yes
9444,Punjab,41,Male,Primary,Business,Unemployed,255987,21332,1,Urban,No,Yes,Yes
9445,Maharashtra,73,Male,Secondary,Labour,Employed,385601,32133,6,Urban,No,Yes,No
9446,Punjab,77,Male,Primary,Farmer,Unemployed,743950,61995,7,Rural,No,No,No
9447,Karnataka,73,Female,Graduate,Student,Student,531470,44289,7,Urban,No,No,Yes
9448,West Bengal,37,Female,Secondary,Government,Self-employed,233396,19449,7,Urban,Yes,No,Yes
9449,West Bengal,36,Female,Graduate,Student,Employed,522686,43557,4,Urban,Yes,No,No
9450,Tamil Nadu,76,Female,Primary,Student,Self-employed,614404,51200,7,Urban,Yes,Yes,Yes
9451,Rajasthan,33,Female,Graduate,Engineer,Employed,729361,60780,7,Rural,No,Yes,Yes
9452,Delhi,77,Male,Graduate,Teacher,Unemployed,418607,34883,3,Rural,No,No,No
9453,Maharashtra,75,Female,Secondary,Business,Self-employed,366304,30525,8,Rural,No,No,No
9454,Tamil Nadu,80,Male,Primary,Farmer,Unemployed,158844,13237,7,Rural,Yes,Yes,No
9455,Punjab,35,Female,Graduate,Business,Self-employed,199072,16589,1,Rural,No,No,No
9456,Delhi,18,Female,Postgraduate,Student,Employed,889277,74106,2,Urban,No,Yes,Yes
9457,Uttar Pradesh,73,Female,Primary,Healthcare,Unemployed,938547,78212,4,Urban,Yes,No,Yes
9458,Rajasthan,63,Female,Primary,Teacher,Unemployed,733575,61131,8,Rural,Yes,No,Yes
9459,Punjab,38,Female,Secondary,Private,Student,380048,31670,8,Urban,Yes,Yes,Yes
9460,Gujarat,49,Female,Higher Secondary,Labour,Unemployed,838430,69869,2,Urban,No,No,No
9461,Tamil Nadu,44,Male,Secondary,Government,Unemployed,426698,35558,2,Rural,Yes,Yes,Yes
9462,Maharashtra,20,Male,Higher Secondary,Student,Employed,819487,68290,2,Urban,No,No,No
9463,Haryana,37,Male,Secondary,Farmer,Self-employed,247554,20629,8,Rural,No,Yes,No
9464,Haryana,44,Male,Higher Secondary,Engineer,Employed,310727,25893,8,Urban,No,Yes,No
9465,Karnataka,74,Female,Higher Secondary,Engineer,Employed,874283,72856,1,Urban,Yes,Yes,Yes
9466,Rajasthan,52,Male,Graduate,Farmer,Employed,151731,12644,1,Rural,No,Yes,No
9467,Gujarat,62,Male,Secondary,Farmer,Employed,60000,5000,5,Urban,Yes,No,No
9468,West Bengal,19,Male,Graduate,Healthcare,Employed,468950,39079,4,Urban,No,No,Yes
9469,Punjab,80,Female,Postgraduate,Engineer,Employed,461789,38482,5,Rural,Yes,No,Yes
9470,Delhi,26,Male,Secondary,Farmer,Student,590895,49241,6,Urban,Yes,No,No
9471,Karnataka,23,Male,Primary,Labour,Student,525246,43770,8,Rural,No,No,Yes
9472,Tamil Nadu,44,Female,Secondary,Farmer,Unemployed,887669,73972,8,Urban,No,Yes,No
9473,Tamil Nadu,55,Male,Secondary,Government,Employed,944891,78740,4,Urban,Yes,Yes,Yes
9474,West Bengal,76,Female,Higher Secondary,Government,Self-employed,524465,43705,3,Rural,Yes,No,Yes
9475,Karnataka,18,Female,Primary,Business,Student,282666,23555,1,Rural,Yes,Yes,No
9476,West Bengal,55,Female,Graduate,Engineer,Employed,359028,29919,7,Rural,No,Yes,No
9477,Tamil Nadu,54,Female,Primary,Business,Unemployed,440606,36717,4,Urban,Yes,No,No
9478,Karnataka,25,Male,Higher Secondary,Business,Student,364384,30365,1,Rural,Yes,No,No
9479,Gujarat,71,Female,Secondary,Student,Employed,261166,21763,2,Urban,No,No,No
9480,Gujarat,56,Female,Graduate,Farmer,Self-employed,352414,29367,2,Rural,No,Yes,Yes
9481,Rajasthan,76,Female,Primary,Private,Employed,674637,56219,2,Rural,No,Yes,No
9482,Karnataka,40,Female,Higher Secondary,Business,Student,511356,42613,3,Urban,Yes,Yes,Yes
9483,Karnataka,46,Female,Primary,Engineer,Employed,298361,24863,6,Rural,No,Yes,Yes
9484,West Bengal,19,Female,Primary,Labour,Self-employed,785030,65419,7,Urban,No,Yes,No
9485,Maharashtra,23,Female,Higher Secondary,Labour,Self-employed,581469,48455,3,Rural,Yes,Yes,No
9486,Tamil Nadu,74,Female,Postgraduate,Business,Student,600061,50005,5,Urban,Yes,Yes,Yes
9487,Maharashtra,22,Female,Graduate,Private,Unemployed,60000,5000,7,Urban,No,Yes,No
9488,Punjab,69,Female,Postgraduate,Farmer,Self-employed,571713,47642,2,Rural,No,No,Yes
9489,Rajasthan,22,Female,Postgraduate,Private,Employed,244409,20367,8,Urban,No,Yes,No
9490,Haryana,63,Male,Postgraduate,Healthcare,Unemployed,541224,45102,6,Urban,No,Yes,No
9491,Haryana,65,Male,Graduate,Teacher,Employed,483640,40303,4,Rural,Yes,Yes,Yes
9492,Gujarat,65,Female,Primary,Labour,Employed,972261,81021,2,Urban,No,No,Yes
9493,Gujarat,52,Male,Postgraduate,Labour,Student,184947,15412,5,Urban,No,No,No
9494,Rajasthan,23,Female,Higher Secondary,Engineer,Self-employed,509331,42444,8,Urban,Yes,No,Yes
9495,Punjab,63,Female,Secondary,Healthcare,Self-employed,612373,51031,4,Urban,No,No,No
9496,Uttar Pradesh,34,Female,Primary,Labour,Unemployed,862626,71885,8,Urban,Yes,Yes,Yes
9497,Rajasthan,48,Male,Higher Secondary,Private,Employed,357926,29827,3,Urban,No,No,No
9498,Delhi,36,Male,Primary,Business,Self-employed,652903,54408,4,Urban,Yes,Yes,No
9499,Uttar Pradesh,22,Male,Secondary,Teacher,Self-employed,337871,28155,8,Urban,No,No,No
9500,Uttar Pradesh,20,Male,Postgraduate,Engineer,Unemployed,482846,40237,1,Rural,No,Yes,No
9501,Haryana,40,Female,Graduate,Private,Self-employed,522161,43513,4,Rural,No,Yes,No
9502,Karnataka,43,Male,Higher Secondary,Private,Unemployed,403902,33658,7,Urban,Yes,Yes,Yes
9503,Delhi,61,Male,Higher Secondary,Business,Student,643754,53646,3,Rural,No,Yes,No
9504,Rajasthan,63,Male,Primary,Engineer,Employed,237767,19813,7,Rural,No,Yes,No
9505,Haryana,73,Male,Graduate,Labour,Employed,609361,50780,5,Rural,Yes,No,Yes
9506,Delhi,35,Male,Secondary,Labour,Unemployed,671608,55967,3,Rural,Yes,No,No
9507,Uttar Pradesh,36,Female,Secondary,Private,Employed,715095,59591,1,Rural,Yes,Yes,Yes
9508,Punjab,69,Female,Higher Secondary,Business,Self-employed,349957,29163,4,Urban,No,No,No
9509,Karnataka,22,Male,Postgraduate,Government,Employed,598557,49879,4,Urban,Yes,Yes,Yes
9510,Rajasthan,71,Female,Graduate,Student,Employed,444521,37043,1,Rural,Yes,Yes,No
9511,Haryana,57,Male,Higher Secondary,Teacher,Self-employed,376366,31363,3,Urban,No,Yes,Yes
9512,Punjab,50,Female,Higher Secondary,Private,Unemployed,386255,32187,6,Rural,Yes,No,No
9513,Gujarat,46,Male,Postgraduate,Labour,Self-employed,901272,75106,6,Urban,Yes,No,Yes
9514,Maharashtra,77,Female,Graduate,Private,Unemployed,184463,15371,8,Rural,No,No,No
9515,Tamil Nadu,68,Male,Graduate,Labour,Employed,393052,32754,4,Rural,Yes,Yes,Yes
9516,Delhi,24,Female,Primary,Government,Employed,795434,66286,8,Rural,No,No,Yes
9517,Punjab,61,Female,Secondary,Farmer,Self-employed,678565,56547,3,Rural,No,Yes,Yes
9518,Gujarat,75,Male,Secondary,Labour,Unemployed,208074,17339,7,Urban,No,Yes,Yes
9519,Tamil Nadu,34,Female,Higher Secondary,Teacher,Self-employed,278564,23213,2,Rural,Yes,No,No
9520,Punjab,65,Male,Graduate,Teacher,Employed,858244,71520,1,Rural,Yes,No,No
9521,Haryana,25,Female,Higher Secondary,Healthcare,Employed,544991,45415,1,Urban,No,No,No
9522,Gujarat,23,Female,Primary,Government,Self-employed,593417,49451,1,Rural,Yes,No,No
9523,Tamil Nadu,26,Female,Postgraduate,Farmer,Unemployed,765033,63752,1,Rural,No,Yes,No
9524,Tamil Nadu,61,Male,Postgraduate,Healthcare,Employed,222551,18545,8,Rural,Yes,Yes,Yes
9525,Gujarat,35,Female,Graduate,Teacher,Unemployed,564599,47049,6,Urban,No,No,No
9526,Maharashtra,19,Female,Higher Secondary,Student,Employed,344086,28673,8,Rural,No,Yes,Yes
9527,Delhi,40,Male,Primary,Engineer,Unemployed,804926,67077,7,Rural,No,No,Yes
9528,Karnataka,50,Male,Primary,Student,Student,474316,39526,8,Urban,Yes,Yes,No
9529,Maharashtra,71,Male,Postgraduate,Government,Student,527303,43941,7,Urban,Yes,No,Yes
9530,Rajasthan,57,Male,Postgraduate,Unemployed,Self-employed,650432,54202,7,Rural,Yes,No,Yes
9531,Karnataka,62,Male,Primary,Engineer,Student,368142,30678,6,Rural,Yes,Yes,Yes
9532,West Bengal,29,Female,Primary,Student,Unemployed,539734,44977,3,Urban,No,No,Yes
9533,Maharashtra,42,Male,Secondary,Teacher,Student,618838,51569,4,Urban,Yes,No,No
9534,Haryana,60,Male,Postgraduate,Government,Student,60000,5000,2,Rural,Yes,No,No
9535,Maharashtra,62,Male,Primary,Unemployed,Student,301370,25114,7,Rural,No,Yes,No
9536,Karnataka,75,Female,Primary,Business,Self-employed,60000,5000,7,Rural,Yes,Yes,Yes
9537,Haryana,55,Male,Postgraduate,Government,Self-employed,229844,19153,6,Urban,No,Yes,Yes
9538,Gujarat,24,Male,Higher Secondary,Labour,Self-employed,473172,39431,5,Rural,No,No,Yes
9539,Rajasthan,18,Female,Higher Secondary,Unemployed,Unemployed,428508,35709,8,Urban,No,No,No
9540,Tamil Nadu,74,Female,Postgraduate,Farmer,Self-employed,438915,36576,7,Urban,No,Yes,No
9541,Tamil Nadu,77,Female,Secondary,Business,Student,1034943,86245,6,Rural,No,Yes,No
9542,Karnataka,57,Male,Secondary,Engineer,Unemployed,616661,51388,7,Urban,Yes,No,Yes
9543,Karnataka,45,Female,Higher Secondary,Engineer,Employed,492894,41074,1,Rural,No,Yes,No
9544,Karnataka,75,Female,Graduate,Teacher,Self-employed,803310,66942,7,Rural,No,No,No
9545,Haryana,52,Female,Primary,Government,Unemployed,513750,42812,4,Rural,No,No,No
9546,Maharashtra,24,Male,Secondary,Unemployed,Unemployed,148636,12386,2,Rural,Yes,No,No
9547,Uttar Pradesh,44,Female,Graduate,Teacher,Student,743380,61948,6,Urban,No,No,Yes
9548,Maharashtra,35,Male,Graduate,Engineer,Self-employed,670208,55850,6,Urban,Yes,Yes,No
9549,Maharashtra,54,Male,Higher Secondary,Farmer,Self-employed,724309,60359,1,Urban,Yes,No,No
9550,Punjab,61,Female,Higher Secondary,Farmer,Employed,721333,60111,5,Rural,Yes,No,No
9551,Uttar Pradesh,26,Female,Graduate,Engineer,Student,355198,29599,6,Urban,Yes,Yes,Yes
9552,Haryana,46,Female,Graduate,Labour,Employed,679420,56618,4,Urban,Yes,Yes,No
9553,Tamil Nadu,60,Female,Higher Secondary,Engineer,Student,201963,16830,5,Rural,No,No,Yes
9554,West Bengal,53,Female,Postgraduate,Farmer,Unemployed,369622,30801,7,Urban,Yes,Yes,No
9555,Tamil Nadu,23,Male,Secondary,Engineer,Self-employed,308904,25742,6,Rural,No,Yes,Yes
9556,Tamil Nadu,63,Male,Primary,Teacher,Unemployed,664969,55414,7,Urban,No,No,Yes
9557,Gujarat,32,Male,Graduate,Teacher,Employed,290186,24182,8,Rural,No,Yes,Yes
9558,Tamil Nadu,75,Male,Secondary,Business,Student,583543,48628,4,Urban,Yes,Yes,No
9559,Uttar Pradesh,23,Female,Secondary,Healthcare,Self-employed,389578,32464,6,Urban,Yes,No,Yes
9560,Karnataka,40,Male,Graduate,Student,Self-employed,795364,66280,1,Rural,No,No,No
9561,Delhi,67,Male,Higher Secondary,Student,Student,810078,67506,1,Urban,Yes,No,No
9562,Haryana,72,Male,Graduate,Student,Employed,748667,62388,5,Urban,No,Yes,No
9563,Haryana,52,Male,Graduate,Government,Student,285315,23776,5,Urban,Yes,No,Yes
9564,Karnataka,28,Female,Secondary,Farmer,Employed,439161,36596,4,Urban,Yes,Yes,Yes
9565,Punjab,74,Male,Primary,Teacher,Employed,457261,38105,5,Rural,No,No,Yes
9566,Maharashtra,61,Female,Secondary,Farmer,Student,406619,33884,8,Rural,Yes,No,Yes
9567,Tamil Nadu,29,Male,Graduate,Government,Unemployed,495527,41293,6,Urban,No,Yes,No
9568,Tamil Nadu,33,Female,Graduate,Healthcare,Student,923467,76955,7,Urban,No,Yes,Yes
9569,Gujarat,70,Female,Primary,Private,Employed,397725,33143,3,Urban,No,No,No
9570,Uttar Pradesh,26,Female,Higher Secondary,Labour,Unemployed,578126,48177,3,Rural,Yes,No,No
9571,Haryana,63,Male,Primary,Labour,Unemployed,633943,52828,1,Urban,Yes,No,Yes
9572,West Bengal,71,Male,Graduate,Teacher,Employed,730839,60903,6,Urban,No,No,No
9573,Karnataka,38,Male,Secondary,Government,Employed,701301,58441,8,Rural,Yes,Yes,No
9574,Tamil Nadu,74,Female,Postgraduate,Student,Student,567410,47284,5,Urban,Yes,Yes,No
9575,Tamil Nadu,72,Male,Higher Secondary,Unemployed,Self-employed,674501,56208,8,Urban,No,Yes,No
9576,West Bengal,60,Male,Postgraduate,Government,Student,331314,27609,2,Rural,Yes,Yes,No
9577,Punjab,28,Male,Postgraduate,Student,Unemployed,481311,40109,3,Rural,No,No,Yes
9578,Uttar Pradesh,42,Male,Graduate,Teacher,Student,60000,5000,8,Rural,Yes,Yes,No
9579,Haryana,79,Female,Primary,Labour,Employed,469587,39132,4,Urban,Yes,Yes,Yes
9580,Haryana,31,Female,Graduate,Teacher,Self-employed,286155,23846,2,Rural,No,Yes,Yes
9581,Delhi,20,Male,Higher Secondary,Private,Unemployed,508687,42390,8,Urban,No,Yes,Yes
9582,West Bengal,58,Male,Graduate,Government,Unemployed,677470,56455,3,Urban,Yes,Yes,No
9583,Gujarat,75,Female,Secondary,Private,Student,595859,49654,1,Urban,Yes,No,No
9584,Uttar Pradesh,30,Female,Higher Secondary,Student,Employed,912186,76015,1,Rural,No,No,Yes
9585,Haryana,40,Male,Higher Secondary,Government,Student,820795,68399,8,Urban,No,Yes,Yes
9586,Karnataka,25,Female,Postgraduate,Private,Student,826092,68841,1,Urban,No,Yes,No
9587,West Bengal,40,Male,Graduate,Teacher,Employed,177375,14781,7,Rural,No,Yes,Yes
9588,Uttar Pradesh,79,Female,Postgraduate,Farmer,Unemployed,815997,67999,2,Rural,No,Yes,No
9589,Karnataka,43,Female,Secondary,Government,Employed,449779,37481,7,Urban,No,No,No
9590,Punjab,19,Female,Higher Secondary,Teacher,Employed,410395,34199,3,Rural,Yes,No,Yes
9591,Delhi,22,Male,Graduate,Government,Unemployed,555053,46254,7,Rural,Yes,Yes,No
9592,Tamil Nadu,43,Female,Postgraduate,Government,Unemployed,379666,31638,3,Rural,No,No,No
9593,Punjab,50,Male,Higher Secondary,Business,Self-employed,1142106,95175,3,Rural,No,Yes,Yes
9594,Punjab,59,Male,Graduate,Farmer,Self-employed,112421,9368,3,Urban,Yes,No,No
9595,Maharashtra,62,Female,Higher Secondary,Engineer,Student,218180,18181,1,Rural,Yes,No,Yes
9596,West Bengal,23,Male,Graduate,Teacher,Unemployed,637956,53163,5,Rural,Yes,Yes,No
9597,Rajasthan,66,Male,Graduate,Business,Unemployed,633445,52787,7,Rural,No,Yes,Yes
9598,Tamil Nadu,80,Male,Higher Secondary,Unemployed,Student,801995,66832,7,Urban,Yes,Yes,Yes
9599,Tamil Nadu,31,Male,Secondary,Private,Unemployed,668476,55706,1,Rural,No,No,No
9600,Karnataka,44,Male,Primary,Farmer,Student,480383,40031,5,Urban,No,Yes,Yes
9601,Uttar Pradesh,55,Female,Postgraduate,Business,Student,577771,48147,2,Urban,Yes,Yes,No
9602,Uttar Pradesh,28,Male,Primary,Student,Employed,535872,44656,8,Urban,Yes,No,Yes
9603,Karnataka,58,Female,Primary,Engineer,Unemployed,388178,32348,5,Rural,Yes,No,Yes
9604,Karnataka,52,Female,Secondary,Teacher,Unemployed,195862,16321,2,Urban,No,No,No
9605,Gujarat,19,Female,Higher Secondary,Teacher,Unemployed,741079,61756,3,Urban,No,No,Yes
9606,Delhi,20,Male,Secondary,Farmer,Student,629620,52468,8,Rural,No,No,No
9607,Punjab,38,Male,Postgraduate,Private,Student,673656,56138,8,Rural,Yes,No,Yes
9608,Tamil Nadu,76,Female,Postgraduate,Teacher,Employed,591816,49318,8,Urban,No,No,No
9609,Delhi,76,Female,Postgraduate,Private,Unemployed,292898,24408,5,Rural,Yes,No,No
9610,Uttar Pradesh,57,Female,Secondary,Labour,Unemployed,668898,55741,2,Rural,No,Yes,No
9611,Gujarat,75,Male,Higher Secondary,Farmer,Employed,645992,53832,2,Rural,No,Yes,Yes
9612,Punjab,51,Female,Secondary,Farmer,Student,514410,42867,5,Rural,Yes,No,Yes
9613,Tamil Nadu,46,Male,Higher Secondary,Farmer,Employed,520995,43416,4,Urban,No,Yes,Yes
9614,Uttar Pradesh,74,Female,Secondary,Student,Employed,726560,60546,6,Urban,Yes,No,Yes
9615,Punjab,32,Female,Primary,Teacher,Self-employed,642207,53517,7,Rural,No,No,No
9616,Punjab,44,Male,Graduate,Healthcare,Student,679627,56635,6,Rural,No,Yes,No
9617,Gujarat,23,Male,Higher Secondary,Business,Employed,638894,53241,2,Rural,Yes,Yes,Yes
9618,West Bengal,53,Female,Primary,Private,Student,60000,5000,4,Urban,No,Yes,No
9619,Punjab,79,Male,Postgraduate,Business,Employed,677193,56432,5,Urban,No,No,No
9620,Rajasthan,49,Female,Postgraduate,Engineer,Student,833228,69435,3,Urban,Yes,No,No
9621,Haryana,58,Male,Secondary,Student,Unemployed,515127,42927,2,Rural,No,No,Yes
9622,Haryana,54,Female,Postgraduate,Teacher,Unemployed,970490,80874,1,Urban,No,Yes,No
9623,Punjab,45,Male,Secondary,Student,Unemployed,388522,32376,2,Urban,No,No,No
9624,West Bengal,34,Female,Primary,Healthcare,Self-employed,558161,46513,6,Urban,No,Yes,No
9625,Punjab,50,Female,Higher Secondary,Healthcare,Unemployed,546577,45548,6,Rural,Yes,Yes,No
9626,Rajasthan,47,Female,Graduate,Labour,Student,249552,20796,2,Urban,Yes,Yes,No
9627,West Bengal,80,Male,Primary,Healthcare,Unemployed,363493,30291,6,Urban,Yes,Yes,Yes
9628,Karnataka,26,Female,Graduate,Farmer,Self-employed,789892,65824,8,Rural,Yes,Yes,No
9629,Punjab,42,Female,Graduate,Engineer,Student,282561,23546,7,Urban,No,Yes,Yes
9630,Uttar Pradesh,21,Female,Higher Secondary,Government,Student,142414,11867,5,Urban,Yes,No,No
9631,West Bengal,50,Male,Primary,Farmer,Employed,566081,47173,8,Rural,Yes,Yes,Yes
9632,Maharashtra,68,Male,Primary,Government,Unemployed,415312,34609,2,Rural,No,Yes,Yes
9633,West Bengal,50,Female,Graduate,Farmer,Student,547606,45633,4,Urban,Yes,No,No
9634,Karnataka,73,Male,Postgraduate,Government,Employed,338122,28176,5,Urban,No,No,No
9635,Maharashtra,69,Male,Primary,Government,Student,261469,21789,6,Urban,Yes,No,No
9636,Karnataka,76,Male,Primary,Farmer,Student,725615,60467,6,Urban,No,Yes,No
9637,Haryana,51,Female,Postgraduate,Teacher,Student,471727,39310,4,Rural,No,No,No
9638,West Bengal,75,Male,Secondary,Private,Employed,353377,29448,4,Rural,No,Yes,No
9639,West Bengal,48,Male,Secondary,Private,Employed,288494,24041,3,Rural,Yes,No,No
9640,Haryana,27,Female,Higher Secondary,Business,Employed,715818,59651,7,Urban,Yes,Yes,No
9641,Karnataka,32,Female,Graduate,Private,Unemployed,570833,47569,7,Urban,Yes,No,No
9642,Haryana,61,Female,Primary,Labour,Student,834561,69546,3,Urban,Yes,No,Yes
9643,Tamil Nadu,34,Female,Secondary,Engineer,Unemployed,468748,39062,4,Urban,No,Yes,Yes
9644,Maharashtra,64,Male,Primary,Student,Employed,429116,35759,2,Rural,Yes,Yes,Yes
9645,Delhi,40,Female,Secondary,Engineer,Self-employed,459528,38294,5,Urban,No,Yes,Yes
9646,Karnataka,55,Male,Graduate,Farmer,Employed,306854,25571,6,Rural,Yes,No,Yes
9647,Rajasthan,38,Male,Postgraduate,Private,Employed,120662,10055,5,Rural,No,Yes,No
9648,Gujarat,74,Female,Higher Secondary,Engineer,Self-employed,471117,39259,6,Urban,No,No,No
9649,West Bengal,74,Male,Secondary,Business,Unemployed,854580,71215,6,Urban,No,No,No
9650,Punjab,26,Male,Primary,Teacher,Employed,467301,38941,7,Urban,No,No,No
9651,Uttar Pradesh,49,Male,Graduate,Unemployed,Self-employed,409908,34159,1,Urban,No,No,Yes
9652,Tamil Nadu,37,Female,Higher Secondary,Business,Unemployed,545116,45426,6,Urban,No,Yes,No
9653,Gujarat,78,Male,Higher Secondary,Unemployed,Student,704302,58691,4,Urban,No,No,No
9654,Haryana,35,Female,Primary,Labour,Employed,649090,54090,5,Urban,Yes,Yes,Yes
9655,Haryana,29,Female,Postgraduate,Private,Employed,683510,56959,2,Urban,No,Yes,Yes
9656,Rajasthan,43,Male,Graduate,Teacher,Self-employed,771422,64285,2,Urban,No,Yes,No
9657,Punjab,69,Female,Postgraduate,Student,Unemployed,536322,44693,6,Urban,Yes,No,Yes
9658,Uttar Pradesh,33,Male,Postgraduate,Farmer,Student,562321,46860,8,Rural,Yes,Yes,No
9659,Rajasthan,22,Female,Graduate,Farmer,Self-employed,603711,50309,2,Urban,Yes,No,No
9660,Tamil Nadu,22,Male,Higher Secondary,Private,Student,509008,42417,3,Urban,Yes,No,Yes
9661,Rajasthan,45,Male,Primary,Teacher,Unemployed,738057,61504,2,Urban,Yes,Yes,Yes
9662,Tamil Nadu,63,Male,Secondary,Student,Unemployed,949834,79152,7,Rural,No,Yes,Yes
9663,Karnataka,34,Female,Primary,Student,Unemployed,245030,20419,8,Rural,Yes,Yes,Yes
9664,Delhi,19,Female,Secondary,Government,Employed,372392,31032,2,Rural,Yes,No,Yes
9665,Gujarat,50,Female,Secondary,Labour,Unemployed,202178,16848,4,Rural,No,No,No
9666,Karnataka,80,Male,Secondary,Government,Employed,365448,30454,8,Urban,No,No,Yes
9667,Rajasthan,47,Female,Postgraduate,Engineer,Student,690757,57563,7,Urban,Yes,No,No
9668,Haryana,41,Male,Secondary,Labour,Unemployed,449058,37421,5,Urban,Yes,Yes,Yes
9669,West Bengal,37,Male,Secondary,Unemployed,Employed,173910,14492,4,Rural,Yes,Yes,No
9670,Rajasthan,61,Female,Postgraduate,Government,Self-employed,409662,34138,1,Rural,Yes,Yes,No
9671,West Bengal,53,Male,Postgraduate,Student,Self-employed,837180,69765,2,Rural,No,Yes,Yes
9672,Karnataka,77,Female,Higher Secondary,Unemployed,Student,684677,57056,4,Rural,Yes,Yes,Yes
9673,Karnataka,80,Male,Postgraduate,Engineer,Unemployed,201676,16806,8,Rural,No,Yes,No
9674,Tamil Nadu,23,Male,Secondary,Unemployed,Self-employed,588287,49023,1,Urban,Yes,Yes,Yes
9675,West Bengal,42,Male,Postgraduate,Unemployed,Self-employed,659904,54992,6,Urban,Yes,No,Yes
9676,Gujarat,52,Male,Primary,Farmer,Employed,60000,5000,6,Urban,No,Yes,No
9677,Punjab,70,Male,Graduate,Student,Unemployed,375829,31319,6,Urban,No,No,No
9678,Rajasthan,51,Male,Graduate,Private,Self-employed,60000,5000,6,Rural,No,Yes,No
9679,West Bengal,31,Female,Graduate,Student,Student,356031,29669,2,Rural,Yes,No,No
9680,Uttar Pradesh,31,Female,Graduate,Private,Unemployed,638222,53185,3,Rural,No,No,Yes
9681,Karnataka,26,Male,Primary,Government,Employed,300895,25074,7,Urban,No,No,No
9682,Punjab,29,Female,Secondary,Farmer,Employed,631698,52641,1,Rural,No,No,Yes
9683,West Bengal,42,Female,Secondary,Business,Student,658341,54861,1,Rural,Yes,No,Yes
9684,Gujarat,42,Male,Secondary,Student,Unemployed,1144240,95353,3,Urban,No,Yes,Yes
9685,Punjab,27,Male,Secondary,Labour,Self-employed,329112,27426,5,Rural,Yes,Yes,Yes
9686,Gujarat,27,Male,Higher Secondary,Business,Unemployed,288759,24063,2,Urban,No,No,Yes
9687,Tamil Nadu,50,Male,Primary,Farmer,Employed,881471,73455,2,Urban,Yes,No,No
9688,Haryana,59,Female,Higher Secondary,Engineer,Employed,673380,56115,1,Urban,No,Yes,No
9689,West Bengal,51,Male,Higher Secondary,Student,Student,561764,46813,3,Urban,Yes,Yes,No
9690,Gujarat,52,Female,Postgraduate,Student,Self-employed,230263,19188,8,Urban,Yes,No,Yes
9691,West Bengal,48,Female,Postgraduate,Student,Self-employed,206139,17178,3,Urban,No,No,Yes
9692,Haryana,72,Female,Postgraduate,Engineer,Student,87684,7307,7,Urban,No,Yes,Yes
9693,Rajasthan,71,Female,Postgraduate,Student,Student,811836,67653,2,Urban,Yes,No,Yes
9694,Uttar Pradesh,18,Male,Graduate,Student,Student,278752,23229,7,Urban,Yes,No,No
9695,Maharashtra,49,Female,Primary,Healthcare,Employed,333752,27812,1,Urban,Yes,No,No
9696,Punjab,70,Male,Postgraduate,Teacher,Student,847654,70637,2,Urban,Yes,No,No
9697,Rajasthan,71,Female,Postgraduate,Labour,Student,600989,50082,2,Rural,Yes,No,No
9698,Gujarat,72,Female,Postgraduate,Labour,Student,60000,5000,5,Rural,Yes,Yes,No
9699,Punjab,23,Female,Postgraduate,Labour,Employed,750643,62553,2,Rural,No,No,Yes
9700,Haryana,25,Female,Secondary,Healthcare,Employed,772857,64404,7,Rural,Yes,No,Yes
9701,Karnataka,58,Female,Postgraduate,Healthcare,Unemployed,360752,30062,6,Urban,No,Yes,No
9702,Uttar Pradesh,45,Male,Primary,Healthcare,Self-employed,434007,36167,4,Rural,No,No,Yes
9703,Maharashtra,58,Female,Postgraduate,Engineer,Self-employed,659394,54949,1,Urban,Yes,Yes,Yes
9704,Maharashtra,48,Female,Postgraduate,Private,Student,545226,45435,8,Rural,Yes,No,Yes
9705,Uttar Pradesh,74,Male,Secondary,Healthcare,Employed,1024768,85397,3,Urban,Yes,No,No
9706,Tamil Nadu,53,Male,Secondary,Farmer,Student,784144,65345,6,Rural,No,Yes,Yes
9707,Delhi,47,Female,Graduate,Healthcare,Employed,499598,41633,5,Urban,Yes,No,Yes
9708,Tamil Nadu,20,Male,Primary,Engineer,Unemployed,310561,25880,8,Urban,No,No,Yes
9709,Tamil Nadu,78,Male,Higher Secondary,Engineer,Student,568392,47366,6,Urban,Yes,Yes,No
9710,Haryana,78,Male,Primary,Labour,Self-employed,602505,50208,7,Rural,Yes,Yes,Yes
9711,Punjab,35,Male,Primary,Student,Employed,681996,56833,1,Urban,No,Yes,Yes
9712,Tamil Nadu,56,Female,Primary,Business,Self-employed,650494,54207,6,Rural,Yes,Yes,Yes
9713,Tamil Nadu,50,Female,Higher Secondary,Private,Student,238798,19899,4,Rural,No,No,Yes
9714,West Bengal,58,Female,Secondary,Healthcare,Student,94403,7866,6,Urban,Yes,No,Yes
9715,Tamil Nadu,65,Male,Postgraduate,Unemployed,Employed,711840,59320,7,Rural,Yes,Yes,Yes
9716,Maharashtra,27,Female,Primary,Healthcare,Student,139887,11657,5,Rural,No,Yes,No
9717,Punjab,80,Female,Primary,Unemployed,Student,951189,79265,2,Rural,Yes,Yes,Yes
9718,Gujarat,41,Male,Graduate,Engineer,Self-employed,859523,71626,1,Rural,Yes,Yes,Yes
9719,Maharashtra,34,Male,Graduate,Farmer,Student,378684,31557,1,Rural,No,No,Yes
9720,West Bengal,18,Male,Higher Secondary,Government,Employed,60000,5000,8,Rural,No,Yes,No
9721,Karnataka,27,Female,Graduate,Unemployed,Unemployed,590706,49225,6,Urban,No,No,Yes
9722,Delhi,36,Female,Graduate,Student,Employed,379402,31616,7,Rural,No,Yes,Yes
9723,Tamil Nadu,52,Male,Postgraduate,Healthcare,Employed,690312,57526,8,Urban,Yes,Yes,No
9724,Rajasthan,33,Male,Postgraduate,Labour,Employed,724620,60385,7,Rural,No,No,Yes
9725,Karnataka,35,Male,Primary,Teacher,Self-employed,640108,53342,3,Rural,No,No,Yes
9726,West Bengal,75,Male,Primary,Engineer,Student,150615,12551,6,Rural,No,No,No
9727,Punjab,42,Male,Postgraduate,Healthcare,Student,769952,64162,3,Rural,No,Yes,No
9728,Uttar Pradesh,80,Female,Higher Secondary,Business,Unemployed,422822,35235,4,Rural,No,No,No
9729,Tamil Nadu,45,Female,Postgraduate,Student,Student,875092,72924,8,Urban,Yes,No,Yes
9730,Haryana,61,Female,Graduate,Teacher,Self-employed,402397,33533,7,Rural,Yes,Yes,No
9731,Gujarat,54,Male,Higher Secondary,Unemployed,Unemployed,60000,5000,8,Rural,Yes,No,No
9732,Delhi,32,Female,Graduate,Government,Student,808202,67350,7,Urban,No,No,No
9733,Tamil Nadu,43,Male,Primary,Student,Self-employed,527992,43999,6,Rural,Yes,Yes,No
9734,Delhi,69,Male,Graduate,Private,Unemployed,528776,44064,7,Urban,No,Yes,Yes
9735,Haryana,76,Male,Postgraduate,Private,Employed,183994,15332,6,Rural,Yes,Yes,Yes
9736,Karnataka,25,Female,Primary,Government,Unemployed,820212,68351,4,Urban,Yes,No,Yes
9737,Rajasthan,27,Female,Secondary,Unemployed,Student,976116,81343,8,Urban,Yes,No,Yes
9738,Gujarat,22,Female,Higher Secondary,Government,Student,765153,63762,5,Urban,No,Yes,No
9739,Karnataka,61,Male,Secondary,Labour,Unemployed,939727,78310,1,Urban,Yes,Yes,Yes
9740,West Bengal,34,Male,Postgraduate,Private,Employed,495591,41299,2,Rural,Yes,Yes,Yes
9741,Tamil Nadu,41,Male,Postgraduate,Farmer,Employed,173509,14459,6,Urban,No,Yes,Yes
9742,West Bengal,34,Female,Graduate,Government,Self-employed,913528,76127,2,Rural,Yes,Yes,No
9743,Gujarat,20,Female,Primary,Farmer,Employed,284331,23694,6,Rural,No,Yes,No
9744,Rajasthan,71,Female,Primary,Labour,Student,520169,43347,1,Rural,No,Yes,Yes
9745,Punjab,64,Male,Postgraduate,Unemployed,Employed,60000,5000,7,Rural,Yes,No,No
9746,Karnataka,74,Female,Postgraduate,Government,Student,290383,24198,8,Rural,No,Yes,Yes
9747,Tamil Nadu,26,Female,Primary,Government,Student,271686,22640,1,Urban,No,No,No
9748,Punjab,37,Male,Secondary,Government,Student,168235,14019,3,Rural,Yes,No,Yes
9749,Tamil Nadu,55,Female,Primary,Private,Employed,513299,42774,3,Urban,Yes,No,Yes
9750,Maharashtra,54,Female,Primary,Government,Self-employed,424995,35416,8,Rural,No,No,No
9751,Delhi,63,Male,Higher Secondary,Healthcare,Employed,713256,59438,6,Rural,No,Yes,No
9752,Karnataka,51,Female,Primary,Healthcare,Employed,115651,9637,7,Urban,No,Yes,Yes
9753,Rajasthan,63,Female,Graduate,Business,Student,656535,54711,1,Rural,Yes,No,No
9754,Haryana,79,Female,Primary,Healthcare,Unemployed,514002,42833,7,Rural,Yes,No,No
9755,Uttar Pradesh,29,Female,Secondary,Private,Employed,275656,22971,5,Urban,No,No,Yes
9756,Punjab,36,Male,Higher Secondary,Student,Employed,450717,37559,5,Urban,No,No,No
9757,Maharashtra,18,Male,Graduate,Teacher,Unemployed,317297,26441,7,Urban,Yes,No,Yes
9758,Rajasthan,57,Male,Graduate,Healthcare,Self-employed,466840,38903,5,Urban,No,No,Yes
9759,Haryana,79,Male,Higher Secondary,Student,Self-employed,522231,43519,1,Urban,No,No,Yes
9760,Tamil Nadu,63,Male,Secondary,Farmer,Employed,470089,39174,8,Rural,Yes,No,Yes
9761,Maharashtra,42,Male,Primary,Student,Employed,495206,41267,7,Rural,No,No,No
9762,Punjab,73,Female,Graduate,Healthcare,Employed,489217,40768,6,Rural,Yes,Yes,Yes
9763,West Bengal,69,Female,Graduate,Farmer,Student,443480,36956,7,Rural,Yes,No,Yes
9764,Gujarat,76,Male,Higher Secondary,Farmer,Unemployed,854482,71206,8,Rural,No,Yes,No
9765,Uttar Pradesh,38,Male,Secondary,Business,Employed,582384,48532,5,Urban,No,Yes,Yes
9766,Uttar Pradesh,76,Male,Graduate,Teacher,Unemployed,646364,53863,1,Rural,Yes,No,Yes
9767,Uttar Pradesh,58,Female,Postgraduate,Business,Employed,671036,55919,3,Rural,Yes,No,No
9768,Tamil Nadu,24,Female,Primary,Labour,Employed,565600,47133,1,Urban,Yes,No,Yes
9769,Maharashtra,33,Female,Higher Secondary,Farmer,Student,385596,32133,5,Urban,No,Yes,No
9770,West Bengal,36,Female,Postgraduate,Teacher,Employed,416739,34728,5,Urban,No,Yes,Yes
9771,Rajasthan,54,Male,Secondary,Business,Unemployed,600803,50066,2,Urban,Yes,Yes,No
9772,Rajasthan,56,Female,Secondary,Private,Self-employed,686486,57207,3,Rural,Yes,No,Yes
9773,Punjab,48,Male,Secondary,Private,Unemployed,761139,63428,6,Rural,No,No,Yes
9774,Rajasthan,21,Female,Postgraduate,Engineer,Student,980913,81742,3,Rural,Yes,No,No
9775,Tamil Nadu,35,Male,Primary,Student,Employed,271918,22659,2,Rural,Yes,No,No
9776,Punjab,32,Male,Postgraduate,Private,Employed,458007,38167,4,Rural,Yes,No,Yes
9777,Haryana,68,Female,Secondary,Unemployed,Self-employed,595559,49629,7,Urban,No,No,No
9778,Delhi,22,Female,Higher Secondary,Unemployed,Student,248720,20726,5,Rural,No,No,No
9779,Rajasthan,33,Female,Higher Secondary,Unemployed,Student,582784,48565,8,Urban,No,No,Yes
9780,Rajasthan,30,Female,Primary,Business,Student,432736,36061,4,Urban,No,Yes,Yes
9781,Maharashtra,30,Female,Primary,Government,Employed,697626,58135,4,Rural,Yes,Yes,Yes
9782,West Bengal,41,Male,Higher Secondary,Government,Unemployed,669301,55775,6,Urban,No,No,No
9783,Uttar Pradesh,38,Male,Secondary,Engineer,Unemployed,272871,22739,2,Urban,Yes,Yes,No
9784,Rajasthan,63,Female,Secondary,Business,Self-employed,229908,19159,4,Rural,No,No,Yes
9785,Uttar Pradesh,29,Male,Primary,Engineer,Student,646945,53912,2,Urban,Yes,No,No
9786,Haryana,80,Male,Primary,Student,Student,514418,42868,7,Urban,No,Yes,No
9787,West Bengal,79,Male,Graduate,Labour,Unemployed,145904,12158,7,Rural,No,No,No
9788,Punjab,48,Female,Postgraduate,Unemployed,Employed,536233,44686,6,Urban,No,No,Yes
9789,Tamil Nadu,57,Male,Graduate,Healthcare,Student,401939,33494,4,Urban,Yes,No,Yes
9790,Tamil Nadu,63,Female,Graduate,Engineer,Unemployed,614729,51227,3,Rural,No,Yes,Yes
9791,Rajasthan,51,Female,Graduate,Unemployed,Employed,365165,30430,4,Rural,No,No,Yes
9792,Maharashtra,21,Male,Secondary,Business,Unemployed,843239,70269,6,Urban,No,No,No
9793,Gujarat,27,Male,Primary,Unemployed,Employed,746569,62214,8,Rural,Yes,No,Yes
9794,Rajasthan,39,Female,Postgraduate,Unemployed,Student,484677,40389,2,Rural,Yes,No,No
9795,West Bengal,74,Female,Primary,Unemployed,Student,296123,24676,3,Rural,No,No,Yes
9796,Haryana,78,Female,Secondary,Healthcare,Unemployed,899693,74974,2,Urban,No,Yes,Yes
9797,Delhi,39,Male,Primary,Student,Employed,616758,51396,4,Urban,No,No,No
9798,Haryana,41,Male,Secondary,Business,Student,620107,51675,8,Rural,No,Yes,Yes
9799,West Bengal,39,Male,Higher Secondary,Student,Self-employed,588410,49034,8,Urban,No,Yes,Yes
9800,Punjab,44,Female,Postgraduate,Government,Self-employed,735555,61296,2,Urban,No,Yes,Yes
9801,Karnataka,62,Male,Postgraduate,Labour,Employed,234369,19530,7,Urban,Yes,Yes,Yes
9802,Maharashtra,67,Male,Higher Secondary,Engineer,Employed,585919,48826,6,Urban,No,Yes,Yes
9803,Gujarat,60,Female,Postgraduate,Healthcare,Unemployed,631187,52598,2,Urban,Yes,No,No
9804,Punjab,23,Female,Secondary,Labour,Unemployed,730607,60883,7,Rural,Yes,No,No
9805,Uttar Pradesh,43,Male,Higher Secondary,Labour,Student,245659,20471,3,Urban,Yes,Yes,Yes
9806,Karnataka,74,Male,Secondary,Teacher,Self-employed,782917,65243,1,Rural,Yes,Yes,No
9807,Punjab,55,Female,Secondary,Private,Employed,241703,20141,7,Urban,Yes,No,No
9808,Delhi,25,Female,Higher Secondary,Business,Self-employed,427606,35633,6,Rural,No,No,No
9809,Punjab,28,Female,Higher Secondary,Farmer,Unemployed,654124,54510,7,Urban,No,Yes,No
9810,Tamil Nadu,21,Male,Higher Secondary,Business,Student,735740,61311,3,Rural,No,Yes,Yes
9811,Haryana,39,Female,Postgraduate,Labour,Employed,60000,5000,4,Urban,Yes,No,Yes
9812,Rajasthan,63,Female,Graduate,Unemployed,Student,760294,63357,1,Rural,No,No,Yes
9813,Gujarat,59,Male,Secondary,Farmer,Self-employed,491110,40925,2,Rural,No,Yes,No
9814,Gujarat,74,Male,Secondary,Unemployed,Student,743233,61936,2,Urban,Yes,No,No
9815,Karnataka,20,Female,Higher Secondary,Healthcare,Student,242509,20209,8,Urban,No,No,Yes
9816,Uttar Pradesh,37,Female,Primary,Farmer,Employed,482465,40205,7,Urban,No,No,No
9817,Haryana,64,Male,Graduate,Healthcare,Unemployed,240790,20065,8,Rural,Yes,Yes,No
9818,Gujarat,36,Male,Graduate,Business,Employed,482262,40188,7,Rural,Yes,No,No
9819,Punjab,41,Female,Higher Secondary,Student,Self-employed,945970,78830,3,Urban,No,Yes,Yes
9820,Maharashtra,28,Male,Secondary,Student,Self-employed,217874,18156,2,Urban,No,Yes,No
9821,Punjab,65,Female,Higher Secondary,Engineer,Student,758210,63184,2,Rural,Yes,No,No
9822,Haryana,63,Female,Primary,Farmer,Unemployed,499771,41647,2,Rural,No,Yes,Yes
9823,Tamil Nadu,22,Female,Graduate,Unemployed,Employed,861726,71810,6,Urban,No,Yes,Yes
9824,Karnataka,68,Female,Primary,Healthcare,Student,567490,47290,8,Rural,No,Yes,No
9825,Rajasthan,18,Male,Postgraduate,Student,Student,294125,24510,4,Rural,No,Yes,No
9826,West Bengal,29,Female,Graduate,Unemployed,Employed,309599,25799,2,Urban,No,No,No
9827,Haryana,51,Male,Postgraduate,Unemployed,Self-employed,584479,48706,5,Rural,Yes,Yes,Yes
9828,West Bengal,66,Female,Higher Secondary,Unemployed,Student,307819,25651,2,Urban,Yes,No,No
9829,Tamil Nadu,50,Female,Graduate,Private,Employed,177689,14807,7,Urban,Yes,Yes,No
9830,Delhi,24,Female,Graduate,Labour,Self-employed,549325,45777,2,Urban,No,No,Yes
9831,Karnataka,45,Male,Graduate,Engineer,Employed,512804,42733,2,Urban,Yes,No,No
9832,Haryana,20,Female,Secondary,Student,Self-employed,1129163,94096,3,Rural,No,Yes,No
9833,West Bengal,74,Male,Primary,Business,Self-employed,141554,11796,3,Urban,No,Yes,Yes
9834,West Bengal,78,Female,Primary,Unemployed,Unemployed,448227,37352,2,Urban,Yes,No,No
9835,Gujarat,32,Female,Primary,Healthcare,Self-employed,452415,37701,7,Rural,No,No,Yes
9836,Delhi,54,Female,Postgraduate,Business,Employed,245026,20418,8,Urban,No,Yes,No
9837,Karnataka,73,Male,Primary,Unemployed,Self-employed,297092,24757,4,Rural,Yes,No,No
9838,Delhi,26,Male,Higher Secondary,Labour,Employed,680843,56736,8,Rural,Yes,Yes,Yes
9839,Gujarat,64,Female,Graduate,Unemployed,Employed,342325,28527,7,Rural,No,No,No
9840,Punjab,25,Female,Secondary,Government,Self-employed,60000,5000,4,Rural,Yes,Yes,Yes
9841,Punjab,43,Female,Secondary,Government,Employed,846463,70538,4,Urban,Yes,No,Yes
9842,Maharashtra,52,Female,Primary,Healthcare,Self-employed,231768,19314,3,Urban,No,No,Yes
9843,West Bengal,22,Female,Graduate,Engineer,Student,829495,69124,6,Rural,No,Yes,No
9844,Uttar Pradesh,26,Male,Higher Secondary,Private,Student,792831,66069,5,Rural,No,Yes,Yes
9845,Gujarat,27,Male,Secondary,Teacher,Unemployed,655176,54598,4,Urban,Yes,No,No
9846,Maharashtra,47,Male,Primary,Government,Employed,430038,35836,6,Urban,Yes,Yes,No
9847,Rajasthan,78,Male,Graduate,Government,Unemployed,174641,14553,7,Urban,Yes,No,No
9848,Tamil Nadu,19,Female,Secondary,Government,Employed,488448,40704,5,Rural,Yes,No,No
9849,Maharashtra,53,Female,Primary,Labour,Student,594513,49542,5,Rural,No,Yes,Yes
9850,Gujarat,62,Male,Graduate,Government,Self-employed,207662,17305,5,Urban,No,Yes,No
9851,Tamil Nadu,55,Male,Secondary,Private,Unemployed,442830,36902,3,Urban,Yes,Yes,Yes
9852,Punjab,19,Female,Postgraduate,Engineer,Employed,334287,27857,4,Urban,No,Yes,Yes
9853,Haryana,29,Male,Secondary,Government,Student,976116,81343,2,Urban,Yes,Yes,Yes
9854,Uttar Pradesh,79,Female,Primary,Teacher,Unemployed,229435,19119,7,Rural,Yes,No,Yes
9855,Karnataka,43,Male,Graduate,Unemployed,Unemployed,644545,53712,2,Urban,No,No,No
9856,Haryana,35,Male,Postgraduate,Unemployed,Student,742786,61898,6,Urban,Yes,No,Yes
9857,Uttar Pradesh,21,Male,Secondary,Labour,Student,337497,28124,4,Urban,Yes,Yes,Yes
9858,Haryana,63,Female,Postgraduate,Student,Unemployed,404209,33684,5,Rural,Yes,Yes,No
9859,Tamil Nadu,61,Male,Secondary,Government,Self-employed,365218,30434,1,Rural,Yes,No,No
9860,Rajasthan,19,Female,Graduate,Unemployed,Unemployed,960443,80036,6,Rural,Yes,No,Yes
9861,Maharashtra,19,Female,Secondary,Business,Self-employed,584118,48676,1,Urban,No,No,Yes
9862,Punjab,57,Male,Primary,Unemployed,Employed,662250,55187,3,Urban,Yes,Yes,Yes
9863,West Bengal,42,Male,Postgraduate,Teacher,Self-employed,579444,48287,1,Rural,Yes,Yes,No
9864,Gujarat,72,Male,Postgraduate,Labour,Student,258918,21576,4,Urban,Yes,Yes,Yes
9865,Maharashtra,26,Female,Primary,Student,Unemployed,196097,16341,8,Rural,Yes,No,Yes
9866,Haryana,64,Male,Primary,Student,Self-employed,417229,34769,8,Urban,No,Yes,Yes
9867,Delhi,72,Female,Primary,Student,Employed,73481,6123,4,Rural,No,Yes,No
9868,Karnataka,18,Male,Primary,Healthcare,Student,211805,17650,7,Rural,Yes,No,Yes
9869,Punjab,24,Female,Secondary,Teacher,Student,92441,7703,3,Urban,No,No,Yes
9870,Rajasthan,30,Male,Higher Secondary,Business,Employed,579324,48277,6,Rural,No,Yes,Yes
9871,Uttar Pradesh,68,Female,Primary,Student,Unemployed,502827,41902,1,Rural,No,No,Yes
9872,Delhi,22,Female,Graduate,Private,Student,60000,5000,3,Urban,No,No,No
9873,Punjab,32,Female,Primary,Engineer,Unemployed,757716,63143,2,Urban,Yes,No,Yes
9874,Rajasthan,52,Male,Postgraduate,Private,Student,708797,59066,4,Rural,No,Yes,No
9875,Tamil Nadu,80,Male,Primary,Unemployed,Student,60000,5000,5,Rural,Yes,Yes,Yes
9876,West Bengal,51,Female,Primary,Healthcare,Employed,552939,46078,6,Rural,No,No,No
9877,Delhi,42,Male,Higher Secondary,Student,Unemployed,663417,55284,8,Rural,Yes,No,Yes
9878,Maharashtra,70,Male,Secondary,Private,Unemployed,270040,22503,2,Urban,Yes,Yes,Yes
9879,Karnataka,66,Male,Secondary,Government,Student,675990,56332,4,Urban,No,Yes,Yes
9880,West Bengal,20,Male,Secondary,Private,Employed,351539,29294,6,Rural,Yes,Yes,No
9881,Rajasthan,39,Male,Postgraduate,Teacher,Student,448848,37404,6,Urban,No,No,Yes
9882,Delhi,42,Female,Graduate,Unemployed,Employed,124825,10402,4,Urban,No,Yes,No
9883,Punjab,32,Female,Postgraduate,Government,Employed,906131,75510,6,Urban,Yes,Yes,Yes
9884,Punjab,20,Female,Primary,Labour,Self-employed,839357,69946,3,Urban,No,No,Yes
9885,Delhi,64,Male,Primary,Healthcare,Employed,773711,64475,7,Urban,No,No,Yes
9886,Maharashtra,40,Male,Graduate,Student,Self-employed,535603,44633,3,Rural,Yes,Yes,No
9887,Uttar Pradesh,41,Male,Graduate,Healthcare,Unemployed,271397,22616,2,Rural,Yes,Yes,No
9888,Haryana,38,Male,Primary,Business,Self-employed,522839,43569,5,Rural,No,Yes,No
9889,Karnataka,41,Male,Secondary,Unemployed,Unemployed,643906,53658,6,Rural,No,Yes,No
9890,Gujarat,60,Male,Postgraduate,Student,Student,857326,71443,4,Urban,Yes,Yes,No
9891,Gujarat,37,Female,Secondary,Business,Self-employed,342743,28561,4,Rural,Yes,No,No
9892,Rajasthan,29,Male,Graduate,Student,Self-employed,465073,38756,8,Rural,Yes,No,Yes
9893,Delhi,74,Female,Higher Secondary,Unemployed,Unemployed,796524,66377,4,Urban,No,No,Yes
9894,Karnataka,34,Female,Secondary,Healthcare,Student,644002,53666,2,Rural,Yes,No,No
9895,West Bengal,47,Male,Graduate,Government,Unemployed,193379,16114,2,Rural,Yes,Yes,Yes
9896,Gujarat,23,Female,Higher Secondary,Unemployed,Student,643422,53618,2,Rural,No,No,No
9897,Rajasthan,43,Male,Postgraduate,Healthcare,Employed,184435,15369,8,Urban,Yes,Yes,Yes
9898,West Bengal,23,Female,Graduate,Government,Unemployed,409088,34090,7,Rural,No,No,No
9899,Uttar Pradesh,28,Female,Higher Secondary,Private,Self-employed,412678,34389,5,Rural,No,Yes,No
9900,Gujarat,51,Female,Higher Secondary,Farmer,Self-employed,112411,9367,3,Urban,Yes,No,No
9901,Uttar Pradesh,18,Male,Secondary,Engineer,Employed,324984,27082,4,Urban,No,No,Yes
9902,Karnataka,38,Female,Postgraduate,Government,Student,948592,79049,5,Urban,No,Yes,No
9903,Punjab,62,Male,Postgraduate,Government,Self-employed,170062,14171,8,Urban,Yes,Yes,Yes
9904,Rajasthan,37,Female,Higher Secondary,Farmer,Employed,690569,57547,2,Urban,Yes,Yes,No
9905,Rajasthan,77,Male,Primary,Healthcare,Employed,683965,56997,8,Rural,No,Yes,No
9906,Tamil Nadu,42,Female,Primary,Healthcare,Employed,339120,28260,4,Urban,No,Yes,Yes
9907,Punjab,59,Female,Primary,Healthcare,Unemployed,293823,24485,3,Rural,Yes,No,Yes
9908,Uttar Pradesh,49,Female,Postgraduate,Business,Unemployed,385806,32150,3,Rural,Yes,Yes,No
9909,Tamil Nadu,28,Female,Secondary,Unemployed,Unemployed,913304,76108,4,Urban,No,No,No
9910,Delhi,75,Male,Postgraduate,Unemployed,Unemployed,493906,41158,3,Urban,Yes,Yes,Yes
9911,Karnataka,48,Female,Graduate,Labour,Student,677198,56433,5,Rural,No,Yes,Yes
9912,Delhi,27,Male,Secondary,Student,Unemployed,122908,10242,3,Rural,No,Yes,No
9913,Punjab,52,Male,Higher Secondary,Labour,Student,854582,71215,6,Urban,Yes,Yes,Yes
9914,Punjab,24,Male,Secondary,Private,Employed,509146,42428,6,Urban,Yes,Yes,No
9915,Gujarat,61,Male,Graduate,Student,Self-employed,529134,44094,3,Urban,No,No,Yes
9916,Maharashtra,35,Male,Graduate,Private,Unemployed,586781,48898,3,Urban,Yes,Yes,Yes
9917,Delhi,41,Male,Postgraduate,Private,Unemployed,865657,72138,3,Rural,No,Yes,Yes
9918,Uttar Pradesh,68,Female,Graduate,Labour,Self-employed,466677,38889,8,Urban,Yes,No,Yes
9919,Maharashtra,20,Male,Primary,Engineer,Self-employed,316174,26347,5,Rural,No,No,Yes
9920,Karnataka,48,Female,Postgraduate,Farmer,Employed,276585,23048,4,Urban,Yes,No,Yes
9921,Delhi,52,Male,Secondary,Government,Student,60000,5000,2,Rural,No,Yes,Yes
9922,Haryana,62,Female,Primary,Healthcare,Student,591503,49291,6,Rural,Yes,No,Yes
9923,Rajasthan,25,Male,Secondary,Healthcare,Unemployed,270172,22514,8,Urban,No,Yes,No
9924,Rajasthan,74,Male,Higher Secondary,Teacher,Self-employed,126816,10568,2,Urban,Yes,Yes,Yes
9925,Rajasthan,28,Male,Graduate,Farmer,Self-employed,283544,23628,2,Rural,Yes,Yes,No
9926,Delhi,26,Female,Primary,Healthcare,Employed,423855,35321,1,Urban,No,Yes,Yes
9927,Karnataka,35,Male,Graduate,Government,Self-employed,672102,56008,2,Urban,No,No,Yes
9928,Haryana,69,Female,Higher Secondary,Government,Self-employed,376279,31356,2,Rural,No,Yes,Yes
9929,Delhi,19,Male,Graduate,Teacher,Employed,793012,66084,8,Rural,Yes,No,Yes
9930,Punjab,37,Female,Postgraduate,Teacher,Student,671191,55932,6,Urban,Yes,Yes,Yes
9931,Delhi,20,Female,Primary,Healthcare,Unemployed,410233,34186,8,Rural,No,No,No
9932,Gujarat,77,Male,Graduate,Teacher,Unemployed,601512,50126,8,Urban,Yes,Yes,No
9933,Karnataka,78,Female,Graduate,Government,Unemployed,984490,82040,1,Urban,No,Yes,Yes
9934,Tamil Nadu,35,Female,Postgraduate,Private,Unemployed,335540,27961,3,Urban,No,Yes,Yes
9935,Uttar Pradesh,29,Female,Higher Secondary,Government,Self-employed,505949,42162,1,Urban,No,No,No
9936,Karnataka,73,Female,Higher Secondary,Farmer,Student,261438,21786,1,Rural,Yes,Yes,Yes
9937,Delhi,61,Female,Postgraduate,Business,Unemployed,99796,8316,4,Rural,Yes,Yes,Yes
9938,West Bengal,49,Male,Postgraduate,Unemployed,Employed,791983,65998,7,Rural,No,No,Yes
9939,Delhi,79,Female,Primary,Healthcare,Self-employed,480403,40033,2,Rural,No,No,Yes
9940,Maharashtra,79,Male,Higher Secondary,Government,Employed,567151,47262,4,Urban,Yes,No,No
9941,Haryana,47,Male,Postgraduate,Business,Employed,603327,50277,5,Urban,Yes,Yes,No
9942,Uttar Pradesh,64,Male,Postgraduate,Private,Self-employed,461447,38453,5,Urban,Yes,Yes,No
9943,Delhi,62,Female,Secondary,Labour,Employed,166221,13851,6,Rural,No,No,No
9944,Punjab,35,Male,Primary,Unemployed,Self-employed,402655,33554,7,Urban,No,No,Yes
9945,Uttar Pradesh,58,Male,Graduate,Unemployed,Unemployed,736376,61364,1,Urban,No,Yes,Yes
9946,Maharashtra,48,Female,Graduate,Labour,Unemployed,1037105,86425,5,Rural,Yes,No,No
9947,Haryana,25,Female,Higher Secondary,Business,Self-employed,393689,32807,3,Urban,Yes,Yes,No
9948,Haryana,54,Male,Postgraduate,Unemployed,Employed,810994,67582,3,Rural,No,No,No
9949,Maharashtra,28,Male,Secondary,Student,Employed,306835,25569,5,Urban,No,No,No
9950,Rajasthan,47,Female,Higher Secondary,Private,Unemployed,176509,14709,2,Urban,No,No,No
9951,Gujarat,46,Female,Graduate,Farmer,Student,172138,14344,4,Urban,Yes,No,Yes
9952,Maharashtra,74,Male,Secondary,Labour,Self-employed,144233,12019,4,Urban,No,Yes,No
9953,Uttar Pradesh,33,Female,Higher Secondary,Labour,Unemployed,374242,31186,3,Urban,Yes,Yes,No
9954,Maharashtra,47,Female,Secondary,Farmer,Employed,261945,21828,1,Urban,No,Yes,No
9955,Haryana,45,Female,Graduate,Labour,Unemployed,518234,43186,1,Rural,No,Yes,Yes
9956,Karnataka,73,Male,Higher Secondary,Private,Self-employed,582341,48528,2,Rural,Yes,No,No
9957,Haryana,40,Male,Postgraduate,Healthcare,Employed,949561,79130,5,Urban,Yes,Yes,No
9958,West Bengal,28,Male,Primary,Farmer,Student,621405,51783,5,Rural,No,Yes,No
9959,Haryana,19,Female,Postgraduate,Healthcare,Employed,264279,22023,2,Urban,No,No,No
9960,Maharashtra,31,Female,Secondary,Teacher,Employed,639318,53276,6,Rural,Yes,No,Yes
9961,West Bengal,36,Female,Secondary,Unemployed,Student,280923,23410,6,Rural,Yes,No,No
9962,Delhi,37,Female,Graduate,Labour,Student,445284,37107,2,Urban,Yes,No,Yes
9963,Rajasthan,32,Female,Primary,Labour,Unemployed,210755,17562,4,Urban,Yes,No,Yes
9964,Tamil Nadu,39,Male,Postgraduate,Healthcare,Self-employed,448102,37341,8,Urban,No,Yes,No
9965,Maharashtra,63,Male,Primary,Private,Student,480395,40032,2,Urban,No,Yes,No
9966,Gujarat,64,Male,Postgraduate,Engineer,Student,321258,26771,2,Rural,Yes,No,Yes
9967,Rajasthan,46,Male,Graduate,Engineer,Student,586268,48855,4,Rural,No,No,No
9968,Haryana,72,Male,Graduate,Healthcare,Employed,231265,19272,6,Rural,Yes,Yes,No
9969,Tamil Nadu,76,Male,Postgraduate,Healthcare,Student,731276,60939,1,Rural,No,Yes,Yes
9970,Punjab,39,Male,Graduate,Farmer,Self-employed,69235,5769,3,Rural,No,No,Yes
9971,Gujarat,80,Male,Secondary,Healthcare,Employed,865853,72154,5,Urban,No,No,Yes
9972,Gujarat,56,Male,Graduate,Student,Self-employed,445040,37086,2,Rural,No,No,No
9973,Maharashtra,77,Female,Postgraduate,Student,Employed,344375,28697,3,Rural,Yes,Yes,No
9974,Haryana,70,Male,Graduate,Private,Student,595982,49665,1,Rural,No,No,No
9975,Haryana,30,Male,Secondary,Teacher,Student,65604,5467,2,Urban,Yes,Yes,Yes
9976,Uttar Pradesh,32,Male,Postgraduate,Teacher,Self-employed,685724,57143,4,Urban,No,Yes,No
9977,Uttar Pradesh,58,Male,Higher Secondary,Unemployed,Self-employed,103134,8594,4,Urban,Yes,Yes,No
9978,Maharashtra,26,Male,Postgraduate,Labour,Student,539942,44995,1,Urban,No,Yes,No
9979,Maharashtra,52,Female,Postgraduate,Student,Self-employed,628358,52363,3,Urban,Yes,Yes,No
9980,Delhi,75,Female,Higher Secondary,Private,Self-employed,382111,31842,1,Rural,No,No,No
9981,Uttar Pradesh,78,Female,Higher Secondary,Farmer,Self-employed,487837,40653,6,Rural,Yes,Yes,No
9982,Rajasthan,44,Male,Secondary,Engineer,Student,809702,67475,3,Rural,No,No,Yes
9983,Uttar Pradesh,49,Female,Secondary,Farmer,Employed,60000,5000,3,Urban,No,No,Yes
9984,Tamil Nadu,80,Male,Secondary,Business,Student,341989,28499,5,Rural,Yes,Yes,No
9985,Tamil Nadu,54,Female,Higher Secondary,Teacher,Employed,370496,30874,4,Rural,No,No,Yes
9986,Gujarat,78,Female,Higher Secondary,Engineer,Employed,772394,64366,4,Urban,No,Yes,Yes
9987,Rajasthan,49,Female,Primary,Teacher,Self-employed,257877,21489,7,Urban,Yes,No,No
9988,Haryana,54,Male,Higher Secondary,Student,Unemployed,633199,52766,3,Rural,Yes,Yes,Yes
9989,Maharashtra,60,Female,Secondary,Government,Self-employed,371689,30974,8,Urban,No,Yes,No
9990,Karnataka,45,Male,Secondary,Teacher,Unemployed,829499,69124,2,Rural,Yes,Yes,Yes
9991,Gujarat,51,Male,Primary,Unemployed,Employed,166976,13914,4,Urban,No,Yes,Yes
9992,Punjab,28,Male,Secondary,Student,Student,196088,16340,1,Urban,No,No,No
9993,Tamil Nadu,53,Female,Primary,Business,Unemployed,514312,42859,4,Urban,Yes,Yes,Yes
9994,West Bengal,48,Male,Secondary,Teacher,Employed,434547,36212,3,Rural,Yes,No,Yes
9995,Uttar Pradesh,20,Female,Graduate,Student,Self-employed,909363,75780,7,Urban,No,Yes,Yes
9996,Uttar Pradesh,63,Female,Graduate,Student,Unemployed,562923,46910,7,Rural,Yes,Yes,Yes
9997,Haryana,37,Male,Postgraduate,Private,Unemployed,401993,33499,1,Rural,Yes,Yes,Yes
9998,Uttar Pradesh,40,Male,Graduate,Farmer,Student,793437,66119,4,Rural,Yes,No,No
9999,West Bengal,69,Male,Postgraduate,Labour,Student,74528,6210,4,Rural,No,Yes,Yes
10000,Gujarat,30,Female,Secondary,Student,Self-employed,442022,36835,4,Urban,No,No,Yes
